/*
SQLyog Professional v12.09 (64 bit)
MySQL - 5.7.23-0ubuntu0.16.04.1 : Database - inventory
*********************************************************************
*/

/*!40101 SET NAMES utf8 */;

/*!40101 SET SQL_MODE=''*/;

/*!40014 SET @OLD_UNIQUE_CHECKS=@@UNIQUE_CHECKS, UNIQUE_CHECKS=0 */;
/*!40014 SET @OLD_FOREIGN_KEY_CHECKS=@@FOREIGN_KEY_CHECKS, FOREIGN_KEY_CHECKS=0 */;
/*!40101 SET @OLD_SQL_MODE=@@SQL_MODE, SQL_MODE='NO_AUTO_VALUE_ON_ZERO' */;
/*!40111 SET @OLD_SQL_NOTES=@@SQL_NOTES, SQL_NOTES=0 */;
CREATE DATABASE /*!32312 IF NOT EXISTS*/`inventory` /*!40100 DEFAULT CHARACTER SET latin1 */;

USE `inventory`;

/*Table structure for table `accounts` */

DROP TABLE IF EXISTS `accounts`;

CREATE TABLE `accounts` (
  `id` int(10) unsigned NOT NULL AUTO_INCREMENT,
  `code` varchar(255) COLLATE utf8mb4_unicode_ci NOT NULL,
  `name` varchar(255) COLLATE utf8mb4_unicode_ci NOT NULL,
  `type` enum('debit','credit') COLLATE utf8mb4_unicode_ci NOT NULL DEFAULT 'credit',
  `created_at` timestamp NULL DEFAULT NULL,
  `updated_at` timestamp NULL DEFAULT NULL,
  PRIMARY KEY (`id`)
) ENGINE=InnoDB AUTO_INCREMENT=4 DEFAULT CHARSET=utf8mb4 COLLATE=utf8mb4_unicode_ci;

/*Data for the table `accounts` */

insert  into `accounts`(`id`,`code`,`name`,`type`,`created_at`,`updated_at`) values (1,'S','Sales','credit',NULL,NULL),(2,'EX','Expense','debit',NULL,NULL),(3,'IA','Inventory Adjustments','credit',NULL,NULL);

/*Table structure for table `activations` */

DROP TABLE IF EXISTS `activations`;

CREATE TABLE `activations` (
  `id` int(10) unsigned NOT NULL AUTO_INCREMENT,
  `user_id` int(10) unsigned NOT NULL,
  `code` varchar(191) COLLATE utf8mb4_unicode_ci NOT NULL,
  `completed` tinyint(1) NOT NULL DEFAULT '0',
  `completed_at` timestamp NULL DEFAULT NULL,
  `created_at` timestamp NULL DEFAULT NULL,
  `updated_at` timestamp NULL DEFAULT NULL,
  PRIMARY KEY (`id`)
) ENGINE=InnoDB DEFAULT CHARSET=utf8mb4 COLLATE=utf8mb4_unicode_ci;

/*Data for the table `activations` */

/*Table structure for table `brand_manufacturers` */

DROP TABLE IF EXISTS `brand_manufacturers`;

CREATE TABLE `brand_manufacturers` (
  `id` int(10) unsigned NOT NULL AUTO_INCREMENT,
  `code` varchar(255) COLLATE utf8mb4_unicode_ci NOT NULL,
  `name` varchar(255) COLLATE utf8mb4_unicode_ci NOT NULL,
  `created_at` timestamp NULL DEFAULT NULL,
  `updated_at` timestamp NULL DEFAULT NULL,
  PRIMARY KEY (`id`)
) ENGINE=InnoDB DEFAULT CHARSET=utf8mb4 COLLATE=utf8mb4_unicode_ci;

/*Data for the table `brand_manufacturers` */

/*Table structure for table `brands` */

DROP TABLE IF EXISTS `brands`;

CREATE TABLE `brands` (
  `id` int(10) unsigned NOT NULL AUTO_INCREMENT,
  `brand_manufacturer_id` int(10) unsigned NOT NULL,
  `code` varchar(255) COLLATE utf8mb4_unicode_ci NOT NULL,
  `name` varchar(255) COLLATE utf8mb4_unicode_ci NOT NULL,
  `created_at` timestamp NULL DEFAULT NULL,
  `updated_at` timestamp NULL DEFAULT NULL,
  PRIMARY KEY (`id`),
  KEY `brands_brand_manufacturer_id_foreign` (`brand_manufacturer_id`),
  CONSTRAINT `brands_brand_manufacturer_id_foreign` FOREIGN KEY (`brand_manufacturer_id`) REFERENCES `brand_manufacturers` (`id`)
) ENGINE=InnoDB DEFAULT CHARSET=utf8mb4 COLLATE=utf8mb4_unicode_ci;

/*Data for the table `brands` */

/*Table structure for table `categories` */

DROP TABLE IF EXISTS `categories`;

CREATE TABLE `categories` (
  `id` int(10) unsigned NOT NULL AUTO_INCREMENT,
  `code` varchar(255) COLLATE utf8mb4_unicode_ci NOT NULL,
  `name` varchar(255) COLLATE utf8mb4_unicode_ci NOT NULL,
  `created_at` timestamp NULL DEFAULT NULL,
  `updated_at` timestamp NULL DEFAULT NULL,
  PRIMARY KEY (`id`)
) ENGINE=InnoDB DEFAULT CHARSET=utf8mb4 COLLATE=utf8mb4_unicode_ci;

/*Data for the table `categories` */

/*Table structure for table `customers` */

DROP TABLE IF EXISTS `customers`;

CREATE TABLE `customers` (
  `id` int(10) unsigned NOT NULL AUTO_INCREMENT,
  `first_name` varchar(255) COLLATE utf8mb4_unicode_ci NOT NULL,
  `last_name` varchar(255) COLLATE utf8mb4_unicode_ci NOT NULL,
  `address` text COLLATE utf8mb4_unicode_ci,
  `mobile_number` int(11) DEFAULT NULL,
  `created_at` timestamp NULL DEFAULT NULL,
  `updated_at` timestamp NULL DEFAULT NULL,
  PRIMARY KEY (`id`)
) ENGINE=InnoDB AUTO_INCREMENT=5 DEFAULT CHARSET=utf8mb4 COLLATE=utf8mb4_unicode_ci;

/*Data for the table `customers` */

insert  into `customers`(`id`,`first_name`,`last_name`,`address`,`mobile_number`,`created_at`,`updated_at`) values (4,'Aireen','Fabia',NULL,NULL,'2018-10-01 12:12:56','2018-10-01 12:12:56');

/*Table structure for table `groups` */

DROP TABLE IF EXISTS `groups`;

CREATE TABLE `groups` (
  `id` int(10) unsigned NOT NULL AUTO_INCREMENT,
  `code` varchar(255) COLLATE utf8mb4_unicode_ci NOT NULL,
  `name` varchar(255) COLLATE utf8mb4_unicode_ci NOT NULL,
  `created_at` timestamp NULL DEFAULT NULL,
  `updated_at` timestamp NULL DEFAULT NULL,
  PRIMARY KEY (`id`)
) ENGINE=InnoDB DEFAULT CHARSET=utf8mb4 COLLATE=utf8mb4_unicode_ci;

/*Data for the table `groups` */

/*Table structure for table `inventories` */

DROP TABLE IF EXISTS `inventories`;

CREATE TABLE `inventories` (
  `id` int(10) unsigned NOT NULL AUTO_INCREMENT,
  `item_variation_id` int(10) unsigned NOT NULL,
  `stocks` decimal(8,2) NOT NULL DEFAULT '0.00',
  `reorder_point` decimal(8,2) DEFAULT '0.00',
  `created_at` timestamp NULL DEFAULT NULL,
  `updated_at` timestamp NULL DEFAULT NULL,
  PRIMARY KEY (`id`),
  KEY `inventories_item_variation_id_foreign` (`item_variation_id`),
  CONSTRAINT `inventories_item_variation_id_foreign` FOREIGN KEY (`item_variation_id`) REFERENCES `item_variations` (`id`)
) ENGINE=InnoDB AUTO_INCREMENT=1333 DEFAULT CHARSET=utf8mb4 COLLATE=utf8mb4_unicode_ci;

/*Data for the table `inventories` */

insert  into `inventories`(`id`,`item_variation_id`,`stocks`,`reorder_point`,`created_at`,`updated_at`) values (43,58,'25.00','0.00','2018-09-27 10:25:35','2018-10-08 08:12:08'),(44,59,'20.00','0.00','2018-09-27 10:31:37','2018-09-27 10:31:37'),(45,60,'19.00','0.00','2018-09-27 10:34:11','2018-09-27 10:34:11'),(46,62,'19.00','0.00','2018-09-27 11:57:55','2018-10-08 08:14:22'),(47,63,'5.00','0.00','2018-09-27 11:57:55','2018-09-27 11:57:55'),(48,64,'6.00','0.00','2018-09-27 11:57:55','2018-10-08 08:19:19'),(49,65,'22.00','0.00','2018-09-27 11:57:56','2018-10-08 08:19:45'),(50,66,'2.00','0.00','2018-09-27 12:09:02','2018-09-27 12:09:02'),(51,67,'1.00','0.00','2018-09-27 12:09:02','2018-09-27 12:09:02'),(52,68,'0.00','0.00','2018-09-27 12:09:02','2018-10-08 08:20:27'),(53,69,'5.00','0.00','2018-09-27 12:09:02','2018-10-08 08:21:50'),(54,70,'0.00','0.00','2018-09-27 12:09:02','2018-10-08 08:22:10'),(55,71,'1.00','0.00','2018-09-27 12:37:24','2018-10-08 08:22:39'),(56,72,'10.00','0.00','2018-09-27 12:37:24','2018-10-08 08:23:28'),(57,73,'4.00','0.00','2018-09-27 12:37:24','2018-10-08 08:23:54'),(58,74,'2.00','0.00','2018-09-27 12:46:37','2018-09-27 12:46:37'),(59,75,'6.00','0.00','2018-09-27 12:46:37','2018-10-08 08:25:43'),(60,76,'12.00','0.00','2018-09-27 12:46:37','2018-09-27 12:46:37'),(61,77,'13.00','0.00','2018-09-27 12:46:37','2018-10-08 08:28:33'),(62,78,'11.00','0.00','2018-09-27 12:46:37','2018-10-08 08:28:54'),(63,79,'10.00','0.00','2018-09-27 12:54:58','2018-10-08 08:29:21'),(64,80,'0.00','0.00','2018-09-27 13:05:17','2018-10-08 08:30:00'),(65,81,'3.00','0.00','2018-09-27 13:05:17','2018-10-08 08:30:42'),(66,82,'12.00','0.00','2018-09-27 13:05:17','2018-09-27 13:05:17'),(67,83,'28.00','0.00','2018-09-27 13:14:00','2018-10-08 08:31:19'),(68,84,'25.00','0.00','2018-09-27 13:14:00','2018-10-08 08:31:34'),(69,85,'28.00','0.00','2018-09-27 13:14:00','2018-10-08 08:31:58'),(70,86,'17.00','0.00','2018-09-27 13:14:00','2018-09-27 13:14:00'),(71,87,'6.00','0.00','2018-09-27 13:14:00','2018-09-27 13:14:00'),(72,88,'44.00','0.00','2018-09-27 13:14:00','2018-10-08 08:32:56'),(73,89,'74.00','0.00','2018-09-27 13:22:20','2018-10-08 08:33:35'),(74,90,'53.00','0.00','2018-09-27 13:22:20','2018-10-08 08:34:00'),(75,91,'0.00','0.00','2018-09-27 13:22:20','2018-10-08 08:34:21'),(76,92,'0.00','0.00','2018-09-27 13:22:20','2018-10-08 08:43:28'),(77,93,'15.00','0.00','2018-09-27 13:32:14','2018-10-08 08:43:57'),(78,94,'26.00','0.00','2018-09-27 13:32:14','2018-10-08 08:46:04'),(79,95,'20.00','0.00','2018-09-27 13:32:14','2018-10-08 08:51:02'),(80,96,'22.00','0.00','2018-09-27 13:32:14','2018-10-08 08:53:11'),(81,97,'0.00','0.00','2018-09-27 13:32:14','2018-10-08 08:51:35'),(82,98,'14.00','0.00','2018-09-27 13:44:56','2018-10-08 08:53:41'),(83,99,'6.00','0.00','2018-09-27 13:44:56','2018-10-08 08:54:06'),(84,100,'5.00','0.00','2018-09-27 13:44:56','2018-10-08 08:54:25'),(85,101,'5.00','0.00','2018-09-27 13:48:01','2018-10-08 09:02:57'),(86,102,'0.00','0.00','2018-09-27 13:48:01','2018-10-08 09:04:09'),(87,103,'13.00','0.00','2018-09-27 13:51:50','2018-10-08 09:16:28'),(88,104,'0.00','0.00','2018-09-27 13:51:50','2018-10-08 09:16:58'),(89,105,'7.00','0.00','2018-09-27 13:51:50','2018-10-08 09:18:49'),(90,106,'3.00','0.00','2018-09-27 13:55:14','2018-09-27 13:55:14'),(91,107,'9.00','0.00','2018-09-27 13:55:14','2018-10-08 09:20:41'),(92,108,'1.00','0.00','2018-09-27 13:59:30','2018-09-27 13:59:30'),(93,109,'2.00','0.00','2018-09-27 14:02:31','2018-09-27 14:02:31'),(94,110,'12.00','0.00','2018-09-27 14:02:31','2018-10-08 09:23:38'),(95,111,'11.00','0.00','2018-09-27 14:06:08','2018-09-27 14:06:08'),(96,112,'12.00','0.00','2018-09-27 14:06:08','2018-10-08 09:22:50'),(97,113,'0.00','0.00','2018-09-27 14:13:38','2018-10-08 09:24:24'),(98,114,'5.00','0.00','2018-09-27 14:13:38','2018-10-08 09:25:08'),(99,115,'32.00','0.00','2018-09-27 14:16:24','2018-10-08 09:25:29'),(100,116,'90.00','0.00','2018-09-27 14:16:24','2018-10-08 09:25:45'),(101,117,'10.25','0.00','2018-09-27 14:23:59','2018-10-08 09:26:50'),(102,118,'21.00','0.00','2018-09-27 14:23:59','2018-10-08 09:27:47'),(103,119,'17.00','0.00','2018-09-27 14:23:59','2018-10-08 09:29:11'),(104,120,'2.00','0.00','2018-09-27 14:23:59','2018-09-27 14:23:59'),(105,121,'17.00','0.00','2018-09-27 14:23:59','2018-09-27 14:23:59'),(106,122,'40.00','0.00','2018-09-27 14:23:59','2018-10-08 09:32:42'),(107,123,'21.00','0.00','2018-09-27 14:30:10','2018-10-08 09:33:22'),(108,124,'39.25','0.00','2018-09-27 14:30:10','2018-10-08 09:34:45'),(109,125,'0.00','0.00','2018-09-27 14:30:10','2018-10-08 09:35:29'),(110,126,'12.50','0.00','2018-09-27 14:30:10','2018-10-08 09:40:11'),(111,127,'3.00','0.00','2018-09-27 14:30:10','2018-10-08 09:30:28'),(112,128,'57.00','0.00','2018-09-27 14:30:10','2018-10-08 09:42:36'),(113,129,'0.00','0.00','2018-09-27 14:34:02','2018-10-08 09:43:00'),(114,130,'13.00','0.00','2018-09-27 14:34:02','2018-10-08 09:43:22'),(115,131,'3.50','0.00','2018-09-27 14:34:02','2018-10-08 09:44:25'),(116,132,'0.00','0.00','2018-09-27 14:40:43','2018-10-08 09:45:21'),(117,133,'1.00','0.00','2018-09-27 14:52:45','2018-09-27 14:52:45'),(118,134,'12.00','0.00','2018-09-27 14:52:45','2018-09-27 14:52:45'),(119,135,'50.00','0.00','2018-09-27 14:52:45','2018-09-27 14:52:45'),(120,136,'39.00','0.00','2018-09-27 14:52:45','2018-09-27 14:52:45'),(121,137,'22.00','0.00','2018-09-27 14:52:45','2018-09-27 14:52:45'),(122,138,'33.00','0.00','2018-09-27 14:52:45','2018-09-27 14:52:45'),(123,139,'44.00','0.00','2018-09-27 14:52:45','2018-09-27 14:52:45'),(124,140,'28.00','0.00','2018-09-27 14:52:45','2018-09-27 14:52:45'),(125,141,'20.00','0.00','2018-09-27 14:52:45','2018-09-27 14:52:45'),(126,142,'90.00','0.00','2018-09-27 15:03:28','2018-09-27 15:03:38'),(127,143,'78.00','0.00','2018-09-27 15:03:28','2018-09-27 15:03:38'),(128,144,'64.00','0.00','2018-09-27 15:03:28','2018-09-27 15:03:38'),(129,145,'43.00','0.00','2018-09-27 15:08:41','2018-09-27 15:08:41'),(130,146,'20.00','0.00','2018-09-27 15:08:41','2018-09-27 15:08:41'),(131,147,'9.00','0.00','2018-09-27 15:08:41','2018-09-27 15:08:41'),(132,148,'26.00','0.00','2018-09-27 15:11:00','2018-09-27 15:11:00'),(133,149,'36.00','0.00','2018-09-27 15:47:39','2018-09-27 15:47:39'),(134,150,'7.00','0.00','2018-09-27 15:47:39','2018-09-27 15:47:39'),(135,151,'10.00','0.00','2018-09-27 15:47:39','2018-09-27 15:47:39'),(136,152,'12.00','0.00','2018-09-27 15:47:39','2018-09-27 15:47:39'),(137,153,'4.00','0.00','2018-09-27 15:47:39','2018-09-27 15:47:39'),(138,154,'2.00','0.00','2018-09-27 15:47:39','2018-09-27 15:47:39'),(139,155,'6.00','0.00','2018-09-27 15:47:39','2018-09-27 15:47:39'),(140,156,'6.00','0.00','2018-09-27 15:47:39','2018-09-27 15:47:39'),(141,157,'16.00','0.00','2018-09-27 15:47:39','2018-09-27 15:47:39'),(142,158,'5.00','0.00','2018-09-27 15:47:39','2018-09-27 15:47:39'),(143,159,'24.00','0.00','2018-09-27 15:47:39','2018-09-27 15:47:39'),(144,160,'13.00','0.00','2018-09-27 16:02:20','2018-09-27 16:02:20'),(145,161,'13.00','0.00','2018-09-27 16:02:20','2018-09-27 16:02:20'),(146,162,'17.00','0.00','2018-09-27 16:02:20','2018-09-27 16:02:20'),(147,163,'14.00','0.00','2018-09-27 16:02:20','2018-09-27 16:02:20'),(148,164,'10.00','0.00','2018-09-27 16:02:20','2018-09-27 16:02:20'),(149,165,'1.00','0.00','2018-09-27 16:02:20','2018-09-27 16:02:20'),(150,166,'7.00','0.00','2018-09-27 16:02:20','2018-09-27 16:02:20'),(151,167,'6.00','0.00','2018-09-27 16:02:20','2018-09-27 16:02:20'),(152,168,'44.00','0.00','2018-09-27 16:09:59','2018-09-27 16:09:59'),(153,169,'35.00','0.00','2018-09-27 16:09:59','2018-09-27 16:09:59'),(154,170,'20.00','0.00','2018-09-27 16:09:59','2018-09-27 16:09:59'),(155,171,'10.00','0.00','2018-09-27 16:09:59','2018-09-27 16:09:59'),(156,172,'9.00','0.00','2018-09-27 16:09:59','2018-09-27 16:09:59'),(157,173,'15.00','0.00','2018-09-27 16:09:59','2018-09-27 16:09:59'),(158,174,'44.00','0.00','2018-09-27 16:24:14','2018-09-27 16:24:14'),(159,175,'35.00','0.00','2018-09-27 16:24:14','2018-09-27 16:24:14'),(160,176,'20.00','0.00','2018-09-27 16:24:14','2018-09-27 16:24:14'),(161,177,'10.00','0.00','2018-09-27 16:24:14','2018-09-27 16:24:14'),(162,178,'9.00','0.00','2018-09-27 16:24:14','2018-09-27 16:24:14'),(163,179,'15.00','0.00','2018-09-27 16:24:14','2018-09-27 16:24:14'),(164,180,'15.00','0.00','2018-09-27 16:33:37','2018-09-27 16:33:37'),(165,181,'10.00','0.00','2018-09-27 16:33:37','2018-09-27 16:33:37'),(166,182,'10.00','0.00','2018-09-27 16:36:55','2018-09-27 16:36:55'),(167,183,'5.00','0.00','2018-09-27 16:36:55','2018-09-27 16:36:55'),(168,184,'27.00','0.00','2018-09-27 16:43:05','2018-09-27 16:43:05'),(169,185,'8.00','0.00','2018-09-27 16:43:05','2018-09-27 16:43:05'),(170,186,'9.00','0.00','2018-09-27 16:43:05','2018-09-27 16:43:05'),(171,187,'10.00','0.00','2018-09-27 16:43:05','2018-09-27 16:43:05'),(172,188,'12.00','0.00','2018-09-27 16:43:05','2018-09-27 16:43:05'),(173,189,'25.00','0.00','2018-09-28 09:17:45','2018-09-28 09:17:45'),(174,190,'12.00','0.00','2018-09-28 09:17:45','2018-09-28 09:17:45'),(175,191,'17.00','0.00','2018-09-28 09:17:45','2018-09-28 09:17:45'),(176,192,'9.00','0.00','2018-09-28 09:17:45','2018-09-28 09:17:45'),(177,193,'10.00','0.00','2018-09-28 09:17:46','2018-09-28 09:17:46'),(178,194,'10.00','0.00','2018-09-28 09:17:46','2018-09-28 09:17:46'),(179,195,'32.00','0.00','2018-09-28 09:25:00','2018-09-28 09:25:00'),(180,196,'28.00','0.00','2018-09-28 09:25:00','2018-09-28 09:25:00'),(181,197,'18.00','0.00','2018-09-28 09:25:00','2018-09-28 09:25:00'),(182,198,'7.00','0.00','2018-09-28 09:25:00','2018-09-28 09:25:00'),(183,199,'11.00','0.00','2018-09-28 09:25:00','2018-09-28 09:25:00'),(184,200,'10.00','0.00','2018-09-28 09:25:00','2018-09-28 09:25:00'),(185,201,'9.00','0.00','2018-09-28 10:03:18','2018-09-28 10:03:18'),(186,202,'7.00','0.00','2018-09-28 10:03:18','2018-09-28 10:03:18'),(187,203,'17.00','0.00','2018-09-28 10:03:18','2018-09-28 10:03:18'),(188,204,'10.00','0.00','2018-09-28 10:03:18','2018-09-28 10:03:18'),(189,205,'8.00','0.00','2018-09-28 10:03:18','2018-09-28 10:03:18'),(190,206,'9.00','0.00','2018-09-28 10:03:18','2018-09-28 10:03:18'),(191,207,'17.00','0.00','2018-09-28 10:41:20','2018-09-28 10:41:20'),(192,208,'9.00','0.00','2018-09-28 10:41:20','2018-09-28 10:41:20'),(193,209,'3.00','0.00','2018-09-28 10:41:20','2018-09-28 10:41:20'),(194,210,'5.00','0.00','2018-09-28 10:41:20','2018-09-28 10:41:20'),(195,211,'12.00','0.00','2018-09-28 10:59:54','2018-09-28 10:59:54'),(196,212,'2.00','0.00','2018-09-28 10:59:54','2018-09-28 10:59:54'),(197,213,'14.00','0.00','2018-09-28 10:59:55','2018-09-28 10:59:55'),(198,214,'5.00','0.00','2018-09-28 10:59:55','2018-09-28 10:59:55'),(199,215,'3.00','0.00','2018-09-28 10:59:55','2018-09-28 10:59:55'),(200,217,'255.00','0.00','2018-09-28 11:08:45','2018-09-28 11:08:45'),(201,218,'21.00','0.00','2018-09-28 11:08:45','2018-09-28 11:08:45'),(202,219,'50.00','0.00','2018-09-28 11:08:45','2018-09-28 11:08:45'),(203,220,'47.00','0.00','2018-09-28 11:08:45','2018-09-28 11:08:45'),(204,221,'28.00','0.00','2018-09-28 11:08:45','2018-09-28 11:08:45'),(205,222,'23.00','0.00','2018-09-28 11:08:45','2018-09-28 11:08:45'),(206,223,'9.00','0.00','2018-09-28 11:08:45','2018-09-28 11:08:45'),(207,224,'14.00','0.00','2018-09-28 11:08:45','2018-09-28 11:08:45'),(208,225,'84.00','0.00','2018-09-28 11:16:46','2018-09-28 11:16:46'),(209,226,'42.00','0.00','2018-09-28 11:16:46','2018-09-28 11:16:46'),(210,227,'114.00','0.00','2018-09-28 11:16:46','2018-09-28 11:16:46'),(211,228,'42.00','0.00','2018-09-28 11:16:46','2018-09-28 11:16:46'),(212,229,'2.00','0.00','2018-09-28 11:16:46','2018-09-28 11:16:46'),(213,230,'61.00','0.00','2018-09-28 11:16:46','2018-09-28 11:16:46'),(214,231,'2.00','0.00','2018-09-28 11:16:46','2018-09-28 11:16:46'),(215,232,'5.00','0.00','2018-09-28 11:16:46','2018-09-28 11:16:46'),(216,233,'7.00','0.00','2018-09-28 11:47:15','2018-09-28 11:47:15'),(217,234,'11.00','0.00','2018-09-28 11:47:15','2018-09-28 11:47:15'),(218,235,'4.00','0.00','2018-09-28 11:47:15','2018-09-28 11:47:15'),(219,236,'2.00','0.00','2018-09-28 11:47:15','2018-09-28 11:47:15'),(220,237,'2.00','0.00','2018-09-28 11:47:15','2018-09-28 11:47:15'),(221,238,'12.00','0.00','2018-09-28 11:47:15','2018-09-28 11:47:15'),(222,239,'106.00','0.00','2018-09-28 11:52:29','2018-09-28 11:52:29'),(223,241,'30.00','0.00','2018-09-28 12:35:45','2018-09-28 12:35:45'),(224,242,'20.00','0.00','2018-09-28 12:35:45','2018-09-28 12:35:45'),(225,243,'13.00','0.00','2018-09-28 12:35:45','2018-09-28 12:35:45'),(226,244,'100.00','0.00','2018-09-28 12:39:40','2018-09-28 12:39:40'),(227,245,'51.00','0.00','2018-09-28 12:39:40','2018-09-28 12:39:40'),(228,246,'8.20','0.00','2018-09-28 12:39:40','2018-09-28 12:39:40'),(229,247,'111.00','0.00','2018-09-28 12:45:05','2018-09-28 12:45:05'),(230,248,'11.00','0.00','2018-09-28 12:45:05','2018-09-28 12:45:05'),(231,249,'2.00','0.00','2018-09-28 12:45:05','2018-09-28 12:45:05'),(232,250,'72.00','0.00','2018-09-28 13:45:09','2018-09-28 13:45:09'),(233,251,'21.00','0.00','2018-09-28 13:45:09','2018-09-28 13:45:09'),(234,252,'41.00','0.00','2018-09-28 13:45:09','2018-09-28 13:45:09'),(235,253,'10.00','0.00','2018-09-28 13:45:09','2018-09-28 13:45:09'),(236,254,'2.00','0.00','2018-09-28 13:45:09','2018-09-28 13:45:09'),(237,255,'5.00','0.00','2018-09-28 13:45:10','2018-09-28 13:45:10'),(238,256,'30.00','0.00','2018-09-28 13:52:40','2018-09-28 13:52:40'),(239,257,'44.00','0.00','2018-09-28 13:52:40','2018-09-28 13:52:40'),(240,258,'18.00','0.00','2018-09-28 13:52:40','2018-09-28 13:52:40'),(241,259,'20.00','0.00','2018-09-28 13:52:40','2018-09-28 13:52:40'),(242,260,'29.00','0.00','2018-09-28 14:34:43','2018-09-28 14:34:43'),(243,261,'40.00','0.00','2018-09-28 14:38:29','2018-09-28 14:38:29'),(244,262,'121.00','0.00','2018-09-28 14:38:29','2018-09-28 14:38:29'),(245,263,'24.00','0.00','2018-09-28 14:48:03','2018-09-28 14:48:03'),(246,264,'24.00','0.00','2018-09-28 14:48:03','2018-09-28 14:48:03'),(247,265,'14.00','0.00','2018-09-28 14:48:03','2018-09-28 14:48:03'),(248,266,'504.00','0.00','2018-09-28 14:55:02','2018-09-28 14:55:02'),(249,267,'51.00','0.00','2018-09-28 14:55:02','2018-09-28 14:55:02'),(250,268,'126.00','0.00','2018-09-28 14:55:02','2018-09-28 14:55:02'),(251,269,'524.00','0.00','2018-09-28 15:02:03','2018-09-28 15:02:03'),(252,270,'488.00','0.00','2018-09-28 15:06:32','2018-09-28 15:06:32'),(253,271,'571.00','0.00','2018-09-28 15:06:32','2018-09-28 15:06:32'),(254,272,'206.00','0.00','2018-09-28 15:06:32','2018-09-28 15:06:32'),(255,273,'49.00','0.00','2018-09-28 15:08:45','2018-09-28 15:08:45'),(256,274,'51.00','0.00','2018-09-28 15:08:45','2018-09-28 15:08:45'),(257,275,'1.00','0.00','2018-09-28 15:22:05','2018-09-28 15:22:05'),(258,276,'7.00','0.00','2018-09-28 15:22:05','2018-09-28 15:22:05'),(259,277,'15.00','0.00','2018-09-28 15:22:05','2018-09-28 15:22:05'),(260,278,'17.00','0.00','2018-09-28 15:22:05','2018-09-28 15:22:05'),(261,279,'18.00','0.00','2018-09-28 15:22:05','2018-09-28 15:22:05'),(262,280,'21.00','0.00','2018-09-28 15:22:05','2018-09-28 15:22:05'),(263,281,'17.00','0.00','2018-09-28 15:22:05','2018-09-28 15:22:05'),(264,282,'20.00','0.00','2018-09-28 15:22:05','2018-09-28 15:22:05'),(265,283,'12.00','0.00','2018-09-28 15:22:05','2018-09-28 15:22:05'),(266,284,'17.00','0.00','2018-09-28 15:31:11','2018-09-28 15:31:11'),(267,285,'11.00','0.00','2018-09-28 15:31:11','2018-09-28 15:31:11'),(268,286,'14.00','0.00','2018-09-28 15:31:11','2018-09-28 15:31:11'),(269,287,'19.00','0.00','2018-09-28 15:31:11','2018-09-28 15:31:11'),(270,288,'16.00','0.00','2018-09-28 15:31:11','2018-09-28 15:31:11'),(271,289,'21.00','0.00','2018-09-28 16:18:52','2018-09-28 16:18:52'),(272,290,'18.00','0.00','2018-09-28 16:18:52','2018-09-28 16:18:52'),(273,291,'20.00','0.00','2018-09-28 16:18:52','2018-09-28 16:18:52'),(274,292,'19.00','0.00','2018-09-28 16:18:52','2018-09-28 16:18:52'),(275,293,'20.00','0.00','2018-09-28 16:25:52','2018-09-28 16:25:52'),(276,294,'15.00','0.00','2018-09-28 16:25:52','2018-09-28 16:25:52'),(277,295,'20.00','0.00','2018-09-28 16:25:52','2018-09-28 16:25:52'),(278,296,'17.00','0.00','2018-09-28 16:25:52','2018-09-28 16:25:52'),(279,297,'20.00','0.00','2018-09-28 16:25:52','2018-09-28 16:25:52'),(280,298,'19.00','0.00','2018-09-28 16:38:46','2018-09-28 16:38:46'),(281,299,'2.00','0.00','2018-09-28 16:38:46','2018-09-28 16:38:46'),(282,300,'20.00','0.00','2018-09-28 16:38:46','2018-09-28 16:38:46'),(283,301,'20.00','0.00','2018-09-28 16:38:46','2018-09-28 16:38:46'),(284,302,'18.00','0.00','2018-09-28 16:38:46','2018-09-28 16:38:46'),(285,303,'2.00','0.00','2018-09-28 16:51:06','2018-09-28 16:51:06'),(286,304,'5.00','0.00','2018-09-28 16:51:06','2018-09-28 16:51:06'),(287,305,'5.00','0.00','2018-09-28 16:51:06','2018-09-28 16:51:06'),(288,306,'5.00','0.00','2018-09-28 16:51:06','2018-09-28 16:51:06'),(289,307,'5.00','0.00','2018-09-28 16:51:06','2018-09-28 16:51:06'),(290,308,'4.00','0.00','2018-09-28 16:51:06','2018-09-28 16:51:06'),(291,309,'9.00','0.00','2018-09-28 16:51:06','2018-09-28 16:51:06'),(292,310,'6.00','0.00','2018-09-28 16:51:06','2018-09-28 16:51:06'),(293,312,'14.00','0.00','2018-09-29 08:49:01','2018-09-29 08:49:01'),(294,313,'2.00','0.00','2018-09-29 08:49:01','2018-09-29 08:49:01'),(295,314,'1.00','0.00','2018-09-29 08:49:01','2018-09-29 08:49:01'),(296,315,'5.00','0.00','2018-09-29 08:49:01','2018-09-29 08:49:01'),(297,316,'10.00','0.00','2018-09-29 08:49:01','2018-09-29 08:49:01'),(298,317,'19.00','0.00','2018-09-29 08:49:01','2018-09-29 08:49:01'),(299,318,'6.00','0.00','2018-09-29 08:49:01','2018-09-29 08:49:01'),(300,319,'16.00','0.00','2018-09-29 08:49:01','2018-09-29 08:49:01'),(301,320,'13.00','0.00','2018-09-29 08:49:01','2018-09-29 08:49:01'),(302,321,'11.00','0.00','2018-09-29 08:49:01','2018-09-29 08:49:01'),(303,322,'12.00','0.00','2018-09-29 08:57:02','2018-09-29 08:57:02'),(304,323,'12.00','0.00','2018-09-29 08:57:02','2018-09-29 08:57:02'),(305,324,'11.00','0.00','2018-09-29 08:57:02','2018-09-29 08:57:02'),(306,325,'15.00','0.00','2018-09-29 08:57:02','2018-09-29 08:57:02'),(307,326,'17.00','0.00','2018-09-29 08:57:02','2018-09-29 08:57:02'),(308,327,'19.00','0.00','2018-09-29 08:57:02','2018-09-29 08:57:02'),(309,328,'10.00','0.00','2018-09-29 08:57:02','2018-09-29 08:57:02'),(310,329,'19.00','0.00','2018-09-29 08:57:02','2018-09-29 08:57:02'),(311,330,'17.00','0.00','2018-09-29 08:57:02','2018-09-29 08:57:02'),(312,331,'2.00','0.00','2018-09-29 08:57:02','2018-09-29 08:57:02'),(313,332,'2.00','0.00','2018-09-29 09:04:24','2018-09-29 09:04:24'),(314,333,'18.00','0.00','2018-09-29 09:04:24','2018-09-29 09:04:24'),(315,334,'17.00','0.00','2018-09-29 09:04:24','2018-09-29 09:04:24'),(316,335,'16.00','0.00','2018-09-29 09:04:24','2018-09-29 09:04:24'),(317,336,'14.00','0.00','2018-09-29 09:04:24','2018-09-29 09:04:24'),(318,337,'18.00','0.00','2018-09-29 09:04:24','2018-09-29 09:04:24'),(319,338,'10.00','0.00','2018-09-29 09:04:24','2018-09-29 09:04:24'),(320,339,'20.00','0.00','2018-09-29 09:04:24','2018-09-29 09:04:24'),(321,340,'19.00','0.00','2018-09-29 09:04:24','2018-09-29 09:04:24'),(322,341,'20.00','0.00','2018-09-29 09:04:24','2018-09-29 09:04:24'),(323,342,'0.00','0.00','2018-09-29 09:11:39','2018-09-29 09:11:39'),(324,343,'4.00','0.00','2018-09-29 09:11:39','2018-09-29 09:11:39'),(325,344,'5.00','0.00','2018-09-29 09:11:39','2018-09-29 09:11:39'),(326,345,'7.00','0.00','2018-09-29 09:11:39','2018-09-29 09:11:39'),(327,346,'7.00','0.00','2018-09-29 09:11:39','2018-09-29 09:11:39'),(328,347,'7.00','0.00','2018-09-29 09:11:39','2018-09-29 09:11:39'),(329,348,'10.00','0.00','2018-09-29 09:11:39','2018-09-29 09:11:39'),(330,349,'8.00','0.00','2018-09-29 09:11:39','2018-09-29 09:11:39'),(331,350,'9.00','0.00','2018-09-29 09:11:39','2018-09-29 09:11:39'),(332,351,'7.00','0.00','2018-09-29 09:11:39','2018-09-29 09:11:39'),(333,352,'2.00','0.00','2018-09-29 09:20:03','2018-09-29 09:20:03'),(334,353,'3.00','0.00','2018-09-29 09:20:03','2018-09-29 09:20:03'),(335,354,'2.00','0.00','2018-09-29 09:20:03','2018-09-29 09:20:03'),(336,355,'5.00','0.00','2018-09-29 09:20:03','2018-09-29 09:20:03'),(337,356,'5.00','0.00','2018-09-29 09:20:03','2018-09-29 09:20:03'),(338,357,'3.00','0.00','2018-09-29 09:20:03','2018-09-29 09:20:03'),(339,358,'5.00','0.00','2018-09-29 09:20:03','2018-09-29 09:20:03'),(340,359,'2.00','0.00','2018-09-29 09:20:03','2018-09-29 09:20:03'),(341,360,'15.00','0.00','2018-09-29 09:23:34','2018-09-29 09:23:34'),(342,361,'11.00','0.00','2018-09-29 09:23:34','2018-09-29 09:23:34'),(343,362,'24.00','0.00','2018-09-29 09:23:34','2018-09-29 09:23:34'),(344,363,'12.00','0.00','2018-09-29 09:28:43','2018-09-29 09:28:43'),(345,364,'1.00','0.00','2018-09-29 09:28:43','2018-09-29 09:28:43'),(346,365,'12.00','0.00','2018-09-29 09:28:43','2018-09-29 09:28:43'),(347,366,'1.00','0.00','2018-09-29 09:28:43','2018-09-29 09:28:43'),(348,367,'1.00','0.00','2018-09-29 09:32:30','2018-09-29 09:32:30'),(349,368,'1.00','0.00','2018-09-29 09:32:30','2018-09-29 09:32:30'),(350,369,'1.00','0.00','2018-09-29 09:32:30','2018-09-29 09:32:30'),(351,370,'2.00','0.00','2018-09-29 09:36:26','2018-09-29 09:36:26'),(352,371,'1.00','0.00','2018-09-29 09:36:26','2018-09-29 09:36:26'),(353,372,'1.00','0.00','2018-09-29 09:36:26','2018-09-29 09:36:26'),(354,373,'1.00','0.00','2018-09-29 09:36:26','2018-09-29 09:36:26'),(355,374,'1.00','0.00','2018-09-29 09:36:26','2018-09-29 09:36:26'),(356,375,'1.00','0.00','2018-09-29 09:36:26','2018-09-29 09:36:26'),(357,376,'47.00','0.00','2018-09-29 09:47:03','2018-09-29 09:47:03'),(358,377,'24.00','0.00','2018-09-29 09:47:03','2018-09-29 09:47:03'),(359,378,'23.00','0.00','2018-09-29 09:47:03','2018-09-29 09:47:03'),(360,379,'16.00','0.00','2018-09-29 09:47:03','2018-09-29 09:47:03'),(361,380,'106.00','0.00','2018-09-29 09:47:03','2018-09-29 09:47:03'),(362,381,'46.00','0.00','2018-09-29 09:47:03','2018-09-29 09:47:03'),(363,382,'6.00','0.00','2018-09-29 09:49:59','2018-09-29 09:49:59'),(364,383,'20.00','0.00','2018-09-29 09:49:59','2018-09-29 09:49:59'),(365,384,'16.00','0.00','2018-09-29 09:53:57','2018-09-29 09:53:57'),(366,385,'41.00','0.00','2018-09-29 09:53:57','2018-09-29 09:53:57'),(367,386,'19.00','0.00','2018-09-29 09:53:58','2018-09-29 09:53:58'),(368,387,'17.00','0.00','2018-09-29 10:16:11','2018-09-29 10:16:11'),(369,388,'19.00','0.00','2018-09-29 10:16:11','2018-09-29 10:16:11'),(370,389,'13.00','0.00','2018-09-29 10:16:11','2018-09-29 10:16:11'),(371,390,'10.00','0.00','2018-09-29 10:16:11','2018-09-29 10:16:11'),(372,391,'10.00','0.00','2018-09-29 10:16:11','2018-09-29 10:16:11'),(373,392,'10.00','0.00','2018-09-29 10:16:11','2018-09-29 10:16:11'),(374,393,'2.00','0.00','2018-09-29 10:16:11','2018-09-29 10:16:11'),(375,394,'8.00','0.00','2018-09-29 10:16:11','2018-09-29 10:16:11'),(376,395,'48.00','0.00','2018-09-29 10:20:11','2018-09-29 10:20:11'),(377,396,'29.00','0.00','2018-09-29 10:20:11','2018-09-29 10:20:11'),(378,397,'2.00','0.00','2018-09-29 10:20:11','2018-09-29 10:20:11'),(379,398,'3.00','0.00','2018-09-29 10:22:36','2018-09-29 10:22:42'),(380,399,'1.00','0.00','2018-09-29 10:22:36','2018-09-29 10:22:36'),(381,400,'1053.00','0.00','2018-09-29 10:29:04','2018-09-29 10:29:04'),(382,401,'384.00','0.00','2018-09-29 10:29:04','2018-09-29 10:29:04'),(383,402,'25.00','0.00','2018-09-29 10:29:04','2018-09-29 10:29:04'),(384,403,'730.00','0.00','2018-09-29 10:33:00','2018-09-29 10:33:00'),(385,404,'50.00','0.00','2018-09-29 10:33:00','2018-09-29 10:33:00'),(386,405,'2.00','0.00','2018-09-29 10:35:10','2018-09-29 10:35:10'),(387,406,'1.00','0.00','2018-09-29 10:36:59','2018-09-29 10:36:59'),(388,407,'1.00','0.00','2018-09-29 10:39:42','2018-09-29 10:39:42'),(389,408,'1.00','0.00','2018-09-29 10:39:42','2018-09-29 10:39:42'),(390,409,'2.00','0.00','2018-09-29 10:45:02','2018-09-29 10:45:02'),(391,410,'18.00','0.00','2018-09-29 10:45:02','2018-09-29 10:45:02'),(392,411,'1.00','0.00','2018-09-29 10:45:02','2018-09-29 10:45:02'),(393,412,'6.00','0.00','2018-09-29 10:45:02','2018-09-29 10:45:02'),(394,413,'0.00','0.00','2018-09-29 10:45:02','2018-09-29 10:45:02'),(395,414,'1.00','0.00','2018-09-29 10:52:04','2018-09-29 10:52:04'),(396,415,'2.00','0.00','2018-09-29 10:52:04','2018-09-29 10:52:04'),(397,416,'12.00','0.00','2018-09-29 10:52:04','2018-09-29 10:52:04'),(398,417,'2.00','0.00','2018-09-29 10:52:04','2018-09-29 10:52:04'),(399,418,'1.00','0.00','2018-09-29 10:52:04','2018-09-29 10:52:04'),(400,419,'8.00','0.00','2018-09-29 10:55:37','2018-09-29 10:55:37'),(401,420,'10.00','0.00','2018-09-29 10:55:37','2018-09-29 10:55:37'),(402,421,'1.00','0.00','2018-09-29 10:57:17','2018-09-29 10:57:17'),(403,422,'12.00','0.00','2018-09-29 11:00:36','2018-09-29 11:00:36'),(404,423,'8.00','0.00','2018-09-29 11:00:36','2018-09-29 11:00:36'),(405,424,'13.00','0.00','2018-09-29 11:00:36','2018-09-29 11:00:36'),(406,425,'12.00','0.00','2018-09-29 11:02:48','2018-09-29 11:02:48'),(407,426,'4.00','0.00','2018-09-29 11:02:48','2018-09-29 11:02:48'),(408,427,'1.00','0.00','2018-09-29 11:04:25','2018-09-29 11:04:25'),(409,428,'8.00','0.00','2018-09-29 11:17:40','2018-09-29 11:17:40'),(410,429,'25.00','0.00','2018-09-29 11:31:53','2018-09-29 11:31:53'),(411,430,'22.00','0.00','2018-09-29 11:31:53','2018-09-29 11:31:53'),(412,431,'18.00','0.00','2018-09-29 11:31:53','2018-09-29 11:31:53'),(413,432,'22.00','0.00','2018-09-29 11:31:53','2018-09-29 11:31:53'),(414,433,'2.00','0.00','2018-09-29 11:31:53','2018-09-29 11:31:53'),(415,434,'3.00','0.00','2018-09-29 11:34:19','2018-09-29 11:34:19'),(416,435,'1.00','0.00','2018-09-29 11:34:19','2018-09-29 11:34:19'),(417,436,'15.00','0.00','2018-09-29 12:31:19','2018-09-29 12:31:19'),(418,437,'14.00','0.00','2018-09-29 12:31:19','2018-09-29 12:31:19'),(419,438,'1.00','0.00','2018-09-29 12:31:19','2018-09-29 12:31:19'),(420,439,'1.00','0.00','2018-09-29 12:31:19','2018-09-29 12:31:19'),(421,440,'1.00','0.00','2018-09-29 12:31:19','2018-09-29 12:31:19'),(422,441,'23.00','0.00','2018-09-29 12:37:27','2018-09-29 12:37:27'),(423,442,'21.00','0.00','2018-09-29 12:37:27','2018-09-29 12:37:27'),(424,443,'20.00','0.00','2018-09-29 12:37:27','2018-09-29 12:37:27'),(425,444,'9.00','0.00','2018-09-29 12:37:27','2018-09-29 12:37:27'),(426,445,'12.00','0.00','2018-09-29 12:39:56','2018-09-29 12:39:56'),(427,446,'1.00','0.00','2018-09-29 12:39:56','2018-09-29 12:39:56'),(428,447,'12.00','0.00','2018-09-29 12:39:56','2018-09-29 12:39:56'),(429,448,'12.00','0.00','2018-09-29 12:42:12','2018-09-29 12:42:12'),(430,449,'9.00','0.00','2018-09-29 12:42:12','2018-09-29 12:42:12'),(431,450,'14.00','0.00','2018-09-29 12:49:44','2018-09-29 12:49:44'),(432,451,'16.00','0.00','2018-09-29 12:49:44','2018-09-29 12:49:44'),(433,452,'13.00','0.00','2018-09-29 12:49:44','2018-09-29 12:49:44'),(434,453,'23.00','0.00','2018-09-29 12:50:55','2018-09-29 12:50:55'),(435,454,'40.00','0.00','2018-09-29 12:55:15','2018-09-29 12:55:15'),(436,455,'8.00','0.00','2018-09-29 12:55:15','2018-09-29 12:55:15'),(437,456,'6.00','0.00','2018-09-29 12:55:15','2018-09-29 12:55:15'),(438,457,'7.00','0.00','2018-09-29 12:58:47','2018-09-29 12:58:47'),(439,458,'1.00','0.00','2018-09-29 12:58:47','2018-09-29 12:58:47'),(440,459,'41.00','0.00','2018-09-29 13:04:59','2018-09-29 13:04:59'),(441,460,'22.00','0.00','2018-09-29 13:04:59','2018-09-29 13:04:59'),(442,461,'10.00','0.00','2018-09-29 13:10:33','2018-09-29 13:10:33'),(443,462,'8.00','0.00','2018-09-29 13:10:33','2018-09-29 13:10:33'),(444,463,'5.00','0.00','2018-09-29 13:10:33','2018-09-29 13:10:33'),(445,464,'16.00','0.00','2018-09-29 13:10:33','2018-09-29 13:10:33'),(446,465,'25.00','0.00','2018-09-29 13:12:34','2018-09-29 13:12:34'),(447,466,'37.00','0.00','2018-09-29 13:12:34','2018-09-29 13:12:34'),(448,467,'33.00','0.00','2018-09-29 13:13:38','2018-09-29 13:13:38'),(449,468,'4.00','0.00','2018-09-29 13:17:13','2018-09-29 13:17:13'),(450,469,'7.00','0.00','2018-09-29 13:18:11','2018-09-29 13:18:11'),(451,470,'1.00','0.00','2018-09-29 13:20:20','2018-09-29 13:20:20'),(452,471,'11.00','0.00','2018-09-29 13:20:20','2018-09-29 13:20:20'),(453,472,'10.00','0.00','2018-09-29 13:21:28','2018-09-29 13:21:28'),(454,473,'37.00','0.00','2018-09-29 13:27:11','2018-09-29 13:27:11'),(455,474,'9.00','0.00','2018-09-29 13:27:11','2018-09-29 13:27:11'),(456,475,'5.00','0.00','2018-09-29 13:27:11','2018-09-29 13:27:11'),(457,476,'22.00','0.00','2018-09-29 13:32:59','2018-09-29 13:32:59'),(458,477,'19.00','0.00','2018-09-29 13:32:59','2018-09-29 13:32:59'),(459,478,'47.00','0.00','2018-09-29 13:47:47','2018-09-29 13:47:47'),(460,479,'48.00','0.00','2018-09-29 13:47:47','2018-09-29 13:47:47'),(461,480,'19.00','0.00','2018-09-29 13:47:47','2018-09-29 13:47:47'),(462,481,'18.00','0.00','2018-09-29 13:51:01','2018-09-29 13:51:01'),(463,482,'75.00','0.00','2018-09-29 13:51:01','2018-09-29 13:51:01'),(464,483,'2.00','0.00','2018-09-29 13:51:01','2018-09-29 13:51:01'),(465,484,'22.00','0.00','2018-09-29 14:05:08','2018-09-29 14:05:08'),(466,485,'36.00','0.00','2018-09-29 14:05:08','2018-09-29 14:05:08'),(467,486,'32.00','0.00','2018-09-29 14:05:08','2018-09-29 14:05:08'),(468,487,'14.00','0.00','2018-09-29 14:05:08','2018-09-29 14:05:08'),(469,488,'22.00','0.00','2018-09-29 14:05:08','2018-09-29 14:05:08'),(470,489,'18.00','0.00','2018-09-29 14:05:08','2018-09-29 14:05:08'),(471,490,'66.00','0.00','2018-09-29 14:16:49','2018-09-29 14:16:49'),(472,491,'22.00','0.00','2018-09-29 14:16:49','2018-09-29 14:16:49'),(473,492,'50.00','0.00','2018-09-29 14:16:49','2018-09-29 14:16:49'),(474,493,'20.00','0.00','2018-09-29 14:16:49','2018-09-29 14:16:49'),(475,494,'18.00','0.00','2018-09-29 14:16:49','2018-09-29 14:16:49'),(476,495,'16.00','0.00','2018-09-29 14:16:49','2018-09-29 14:16:49'),(477,496,'30.00','0.00','2018-09-29 14:22:16','2018-09-29 14:22:16'),(478,497,'3.00','0.00','2018-09-29 14:22:16','2018-09-29 14:22:16'),(479,498,'4.00','0.00','2018-09-29 14:22:16','2018-09-29 14:22:16'),(480,501,'2.00','0.00','2018-09-29 14:52:00','2018-09-29 14:52:00'),(481,502,'12.00','0.00','2018-09-29 14:52:00','2018-09-29 14:52:00'),(482,503,'6.00','0.00','2018-09-29 15:01:04','2018-09-29 15:01:04'),(483,504,'12.00','0.00','2018-09-29 15:01:04','2018-09-29 15:01:04'),(484,505,'16.00','0.00','2018-09-29 15:01:04','2018-09-29 15:01:04'),(485,506,'1.00','0.00','2018-09-29 15:01:04','2018-09-29 15:01:04'),(486,507,'15.00','0.00','2018-09-29 15:05:48','2018-09-29 15:05:48'),(487,508,'18.00','0.00','2018-09-29 15:05:48','2018-09-29 15:05:48'),(488,509,'45.00','0.00','2018-09-29 15:05:48','2018-09-29 15:05:48'),(489,510,'2.00','0.00','2018-09-29 15:09:43','2018-09-29 15:09:43'),(490,511,'2.00','0.00','2018-09-29 15:09:43','2018-09-29 15:09:43'),(491,514,'8.00','0.00','2018-09-29 15:13:05','2018-09-29 15:13:05'),(492,515,'4.00','0.00','2018-09-29 15:13:05','2018-09-29 15:13:05'),(493,516,'4.00','0.00','2018-09-29 15:13:05','2018-09-29 15:13:05'),(494,517,'16.00','0.00','2018-09-29 15:15:15','2018-09-29 15:15:15'),(495,518,'11.00','0.00','2018-09-29 15:15:15','2018-09-29 15:15:15'),(496,519,'3.00','0.00','2018-09-29 15:16:12','2018-09-29 15:16:12'),(497,520,'5.00','0.00','2018-09-29 15:27:13','2018-09-29 15:27:13'),(498,521,'1.00','0.00','2018-09-29 15:27:13','2018-09-29 15:27:13'),(499,522,'1.00','0.00','2018-09-29 15:27:14','2018-09-29 15:27:14'),(500,523,'5.00','0.00','2018-09-29 15:27:14','2018-09-29 15:27:14'),(501,524,'2.00','0.00','2018-09-29 15:27:14','2018-09-29 15:27:14'),(502,525,'19.00','0.00','2018-09-29 15:30:29','2018-09-29 15:30:29'),(503,526,'11.00','0.00','2018-09-29 15:30:29','2018-09-29 15:30:29'),(504,527,'1.00','0.00','2018-09-29 15:40:34','2018-09-29 15:40:34'),(505,528,'1.00','0.00','2018-09-29 15:40:34','2018-09-29 15:40:34'),(506,529,'4.00','0.00','2018-09-29 15:43:15','2018-09-29 15:43:15'),(507,530,'1.00','0.00','2018-09-29 15:43:15','2018-09-29 15:43:15'),(508,532,'3.00','0.00','2018-09-29 15:51:39','2018-09-29 15:51:39'),(509,533,'6.00','0.00','2018-09-29 15:51:39','2018-09-29 15:51:39'),(510,534,'6.00','0.00','2018-09-29 15:51:39','2018-09-29 15:51:39'),(511,535,'2.00','0.00','2018-09-29 15:51:39','2018-09-29 15:51:39'),(512,536,'2.00','0.00','2018-09-29 15:55:16','2018-09-29 15:55:16'),(513,537,'6.00','0.00','2018-09-29 15:55:16','2018-09-29 15:55:16'),(514,539,'2.00','0.00','2018-09-29 15:59:51','2018-09-29 15:59:51'),(515,540,'3.00','0.00','2018-09-29 15:59:51','2018-09-29 15:59:51'),(516,541,'3.00','0.00','2018-09-29 15:59:51','2018-09-29 15:59:51'),(517,543,'3.00','0.00','2018-09-29 16:03:25','2018-09-29 16:03:25'),(518,544,'1.00','0.00','2018-09-29 16:03:25','2018-09-29 16:03:25'),(519,545,'2.00','0.00','2018-09-29 16:03:26','2018-09-29 16:03:26'),(520,546,'394.00','0.00','2018-09-29 16:05:56','2018-09-29 16:05:56'),(521,547,'8.00','0.00','2018-09-29 16:07:07','2018-09-29 16:07:07'),(522,548,'53.00','0.00','2018-09-29 16:08:00','2018-09-29 16:08:00'),(523,550,'53.00','0.00','2018-09-29 16:08:56','2018-09-29 16:08:56'),(524,551,'32.00','0.00','2018-09-29 16:10:28','2018-09-29 16:10:28'),(525,552,'45.00','0.00','2018-09-29 16:13:50','2018-09-29 16:13:50'),(526,553,'41.00','0.00','2018-09-29 16:13:50','2018-09-29 16:13:50'),(527,554,'36.00','0.00','2018-09-29 16:13:50','2018-09-29 16:13:50'),(528,555,'1.00','0.00','2018-09-29 16:18:24','2018-09-29 16:18:24'),(529,556,'2.00','0.00','2018-09-29 16:18:24','2018-09-29 16:18:24'),(530,557,'1.00','0.00','2018-09-29 16:18:24','2018-09-29 16:18:24'),(531,559,'3.00','0.00','2018-09-29 16:34:20','2018-09-29 16:34:20'),(532,560,'12.00','0.00','2018-09-29 16:34:20','2018-09-29 16:34:20'),(533,561,'1.00','0.00','2018-09-29 16:34:20','2018-09-29 16:34:20'),(534,562,'6.00','0.00','2018-09-29 16:34:20','2018-09-29 16:34:20'),(535,563,'6.00','0.00','2018-09-29 16:34:20','2018-09-29 16:34:20'),(536,564,'3.00','0.00','2018-09-29 16:34:20','2018-09-29 16:34:20'),(537,565,'6.00','0.00','2018-09-30 08:28:25','2018-09-30 08:28:25'),(538,566,'2.00','0.00','2018-09-30 08:28:25','2018-09-30 08:28:25'),(539,567,'10.00','0.00','2018-09-30 08:41:21','2018-09-30 08:41:21'),(540,568,'5.00','0.00','2018-09-30 08:43:25','2018-09-30 08:43:25'),(541,569,'7.00','0.00','2018-09-30 08:47:05','2018-09-30 08:47:05'),(542,570,'4.00','0.00','2018-09-30 08:47:05','2018-09-30 08:47:05'),(543,571,'9.00','0.00','2018-09-30 08:52:43','2018-09-30 08:52:43'),(544,572,'5.00','0.00','2018-09-30 08:52:43','2018-09-30 08:52:43'),(545,573,'13.00','0.00','2018-09-30 08:52:43','2018-09-30 08:52:43'),(546,574,'7.00','0.00','2018-09-30 08:52:43','2018-09-30 08:52:43'),(547,575,'4.00','0.00','2018-09-30 09:00:58','2018-09-30 09:00:58'),(548,576,'5.00','0.00','2018-09-30 09:00:58','2018-09-30 09:00:58'),(549,577,'8.00','0.00','2018-09-30 09:00:58','2018-09-30 09:00:58'),(550,578,'2.00','0.00','2018-09-30 09:00:58','2018-09-30 09:00:58'),(551,579,'10.00','0.00','2018-09-30 09:05:07','2018-09-30 09:05:07'),(552,580,'1.00','0.00','2018-09-30 09:05:07','2018-09-30 09:05:07'),(553,581,'6.00','0.00','2018-09-30 09:05:07','2018-09-30 09:05:07'),(554,582,'7.00','0.00','2018-09-30 09:13:13','2018-09-30 09:13:13'),(555,583,'29.00','0.00','2018-09-30 09:13:13','2018-09-30 09:13:13'),(556,584,'6.00','0.00','2018-09-30 09:13:13','2018-09-30 09:13:13'),(557,585,'2.00','0.00','2018-09-30 09:16:51','2018-09-30 09:16:51'),(558,586,'52.00','0.00','2018-09-30 09:18:35','2018-09-30 09:18:35'),(559,587,'11.00','0.00','2018-09-30 09:23:37','2018-09-30 09:23:37'),(560,588,'45.00','0.00','2018-09-30 09:23:37','2018-09-30 09:23:37'),(561,589,'8.00','0.00','2018-09-30 09:24:57','2018-09-30 09:24:57'),(562,590,'5.00','0.00','2018-09-30 09:28:36','2018-09-30 09:28:36'),(563,591,'7.00','0.00','2018-09-30 09:28:36','2018-09-30 09:28:36'),(564,593,'13.00','0.00','2018-09-30 09:31:00','2018-09-30 09:31:00'),(565,594,'3.00','0.00','2018-09-30 09:49:45','2018-09-30 09:49:45'),(566,595,'5.00','0.00','2018-09-30 09:58:22','2018-09-30 09:58:22'),(567,596,'7.00','0.00','2018-09-30 09:58:22','2018-09-30 09:58:22'),(568,597,'11.00','0.00','2018-09-30 10:02:17','2018-09-30 10:02:17'),(569,598,'10.00','0.00','2018-09-30 10:02:17','2018-09-30 10:02:17'),(570,599,'10.00','0.00','2018-09-30 10:19:44','2018-09-30 10:19:44'),(571,600,'6.00','0.00','2018-09-30 10:19:44','2018-09-30 10:19:44'),(572,601,'3.00','0.00','2018-09-30 10:19:44','2018-09-30 10:19:44'),(573,602,'8.00','0.00','2018-09-30 10:19:44','2018-09-30 10:19:44'),(574,603,'1000.00','0.00','2018-09-30 10:24:37','2018-09-30 10:24:37'),(575,604,'1000.00','0.00','2018-09-30 10:24:37','2018-09-30 10:24:37'),(576,605,'1000.00','0.00','2018-09-30 10:24:37','2018-09-30 10:24:37'),(577,606,'1000.00','0.00','2018-09-30 10:24:37','2018-09-30 10:24:37'),(578,607,'7.00','0.00','2018-09-30 10:26:18','2018-09-30 10:26:18'),(579,608,'15.00','0.00','2018-09-30 10:27:55','2018-09-30 10:27:55'),(580,609,'26.00','0.00','2018-09-30 10:29:29','2018-09-30 10:29:29'),(581,610,'9.00','0.00','2018-09-30 10:30:29','2018-09-30 10:30:29'),(582,611,'16.00','0.00','2018-09-30 10:35:42','2018-09-30 10:35:42'),(583,612,'115.00','0.00','2018-09-30 10:35:42','2018-09-30 10:35:42'),(584,613,'8.00','0.00','2018-09-30 10:35:42','2018-09-30 10:35:42'),(585,614,'12.00','0.00','2018-09-30 10:35:42','2018-09-30 10:35:42'),(586,615,'3.00','0.00','2018-09-30 10:38:16','2018-09-30 10:38:16'),(587,616,'5.00','0.00','2018-09-30 13:13:07','2018-09-30 13:13:07'),(588,617,'3.00','0.00','2018-09-30 13:13:07','2018-09-30 13:13:07'),(589,618,'1.00','0.00','2018-09-30 13:14:47','2018-09-30 13:14:47'),(590,619,'1.00','0.00','2018-09-30 13:17:43','2018-09-30 13:17:43'),(591,620,'2.00','0.00','2018-09-30 13:17:43','2018-09-30 13:17:43'),(592,621,'1.00','0.00','2018-09-30 13:21:39','2018-09-30 13:21:39'),(593,622,'3.00','0.00','2018-09-30 13:21:39','2018-09-30 13:21:39'),(594,624,'5.00','0.00','2018-09-30 13:27:29','2018-09-30 13:27:29'),(595,625,'1.00','0.00','2018-09-30 13:27:29','2018-09-30 13:27:29'),(596,626,'20.00','0.00','2018-09-30 13:27:29','2018-09-30 13:27:29'),(597,627,'3.00','0.00','2018-09-30 13:29:34','2018-09-30 13:29:34'),(598,628,'1.00','0.00','2018-09-30 13:29:34','2018-09-30 13:29:34'),(599,629,'12.00','0.00','2018-09-30 13:31:34','2018-09-30 13:31:34'),(600,630,'11.00','0.00','2018-09-30 13:33:41','2018-09-30 13:33:41'),(601,631,'6.00','0.00','2018-09-30 13:34:48','2018-09-30 13:34:48'),(602,632,'18.00','0.00','2018-09-30 13:38:06','2018-09-30 13:38:06'),(603,633,'26.00','0.00','2018-09-30 13:38:06','2018-09-30 13:38:06'),(604,634,'1.00','0.00','2018-09-30 13:40:57','2018-09-30 13:40:57'),(605,635,'14.00','0.00','2018-09-30 13:43:06','2018-09-30 13:43:06'),(606,637,'8.00','0.00','2018-09-30 13:46:48','2018-09-30 13:46:48'),(607,638,'4.00','0.00','2018-09-30 13:46:48','2018-09-30 13:46:48'),(608,640,'9.00','0.00','2018-09-30 13:49:45','2018-09-30 13:49:45'),(609,641,'2.00','0.00','2018-09-30 13:51:11','2018-09-30 13:51:11'),(610,642,'25.00','0.00','2018-09-30 13:54:47','2018-09-30 13:54:47'),(611,643,'27.00','0.00','2018-09-30 13:54:47','2018-09-30 13:54:47'),(612,644,'27.00','0.00','2018-09-30 13:57:52','2018-09-30 13:57:52'),(613,645,'19.00','0.00','2018-09-30 13:57:52','2018-09-30 13:57:52'),(614,646,'18.00','0.00','2018-09-30 14:05:27','2018-09-30 14:05:27'),(615,647,'2.00','0.00','2018-09-30 14:05:27','2018-09-30 14:05:27'),(616,648,'25.00','0.00','2018-09-30 14:05:27','2018-09-30 14:05:27'),(617,649,'1.00','0.00','2018-09-30 14:05:27','2018-09-30 14:05:27'),(618,650,'19.00','0.00','2018-09-30 14:05:27','2018-09-30 14:05:27'),(619,651,'19.00','0.00','2018-09-30 14:05:27','2018-09-30 14:05:27'),(620,652,'17.00','0.00','2018-09-30 14:08:52','2018-09-30 14:08:52'),(621,653,'19.00','0.00','2018-09-30 14:08:52','2018-09-30 14:08:52'),(622,654,'4.00','0.00','2018-09-30 14:12:54','2018-09-30 14:12:54'),(623,655,'9.00','0.00','2018-09-30 14:12:54','2018-09-30 14:12:54'),(624,656,'40.00','0.00','2018-09-30 14:12:54','2018-09-30 14:12:54'),(625,658,'20.00','0.00','2018-09-30 14:20:34','2018-09-30 14:20:34'),(626,659,'8.00','0.00','2018-09-30 14:20:34','2018-09-30 14:20:34'),(627,660,'2.00','0.00','2018-09-30 14:20:34','2018-09-30 14:20:34'),(628,661,'117.00','0.00','2018-09-30 14:22:21','2018-09-30 14:22:21'),(629,663,'7.00','0.00','2018-09-30 14:25:18','2018-09-30 14:25:18'),(630,664,'5.00','0.00','2018-09-30 14:26:45','2018-09-30 14:26:45'),(631,665,'5.00','0.00','2018-09-30 14:28:09','2018-09-30 14:28:09'),(632,667,'4.00','0.00','2018-09-30 14:40:58','2018-09-30 14:40:58'),(633,668,'5.00','0.00','2018-09-30 14:40:58','2018-09-30 14:40:58'),(634,669,'7.00','0.00','2018-09-30 14:40:58','2018-09-30 14:40:58'),(635,670,'3.00','0.00','2018-09-30 14:40:58','2018-09-30 14:40:58'),(636,671,'1.00','0.00','2018-09-30 14:40:58','2018-09-30 14:40:58'),(637,672,'4.00','0.00','2018-09-30 14:40:58','2018-09-30 14:40:58'),(638,673,'8.00','0.00','2018-09-30 14:40:59','2018-09-30 14:40:59'),(639,674,'4.00','0.00','2018-09-30 14:40:59','2018-09-30 14:40:59'),(640,675,'7.00','0.00','2018-09-30 14:46:09','2018-09-30 14:46:09'),(641,676,'11.00','0.00','2018-09-30 14:58:41','2018-09-30 14:58:41'),(642,677,'6.00','0.00','2018-09-30 14:58:41','2018-09-30 14:58:41'),(643,678,'16.00','0.00','2018-09-30 14:58:41','2018-09-30 14:58:41'),(644,679,'10.00','0.00','2018-09-30 14:58:41','2018-09-30 14:58:41'),(645,680,'5.00','0.00','2018-09-30 14:58:41','2018-09-30 14:58:41'),(646,681,'3.00','0.00','2018-09-30 15:17:50','2018-09-30 15:17:50'),(647,682,'8.00','0.00','2018-09-30 15:17:50','2018-09-30 15:17:50'),(648,683,'3.00','0.00','2018-09-30 15:17:51','2018-09-30 15:17:51'),(649,684,'6.00','0.00','2018-09-30 15:17:51','2018-09-30 15:17:51'),(650,685,'4.00','0.00','2018-09-30 15:17:51','2018-09-30 15:17:51'),(651,686,'4.00','0.00','2018-09-30 15:17:51','2018-09-30 15:17:51'),(652,687,'2.00','0.00','2018-09-30 15:23:13','2018-09-30 15:23:13'),(653,688,'3.00','0.00','2018-09-30 15:23:13','2018-09-30 15:23:13'),(654,689,'4.00','0.00','2018-09-30 15:23:13','2018-09-30 15:23:13'),(655,690,'1.00','0.00','2018-09-30 15:25:01','2018-09-30 15:25:01'),(656,691,'2.00','0.00','2018-09-30 15:26:39','2018-09-30 15:26:39'),(657,692,'4.00','0.00','2018-09-30 15:28:58','2018-09-30 15:28:58'),(658,693,'1.00','0.00','2018-09-30 15:34:56','2018-09-30 15:34:56'),(659,694,'2.00','0.00','2018-09-30 15:34:56','2018-09-30 15:34:56'),(660,695,'6.00','0.00','2018-09-30 15:34:56','2018-09-30 15:34:56'),(661,696,'70.00','0.00','2018-09-30 15:40:10','2018-09-30 15:40:10'),(662,697,'69.00','0.00','2018-09-30 15:40:10','2018-09-30 15:40:10'),(663,698,'1.00','0.00','2018-09-30 15:40:10','2018-09-30 15:40:10'),(664,699,'22.00','0.00','2018-09-30 15:40:10','2018-09-30 15:40:10'),(665,700,'4.00','0.00','2018-09-30 15:41:31','2018-09-30 15:41:31'),(666,701,'20.00','0.00','2018-09-30 15:45:23','2018-09-30 15:45:23'),(667,702,'4.00','0.00','2018-09-30 15:45:23','2018-09-30 15:45:23'),(668,703,'63.00','0.00','2018-09-30 15:50:20','2018-09-30 15:50:20'),(669,704,'86.00','0.00','2018-09-30 15:50:20','2018-09-30 15:50:20'),(670,705,'5.00','0.00','2018-09-30 15:57:18','2018-09-30 15:57:18'),(671,706,'42.00','0.00','2018-09-30 15:57:18','2018-09-30 15:57:18'),(672,707,'4.00','0.00','2018-09-30 15:57:18','2018-09-30 15:57:18'),(673,708,'70.00','0.00','2018-09-30 15:57:18','2018-09-30 15:57:18'),(674,709,'15.00','0.00','2018-09-30 15:59:53','2018-09-30 15:59:53'),(675,710,'4.00','0.00','2018-09-30 16:00:54','2018-09-30 16:00:54'),(676,711,'2.00','0.00','2018-09-30 16:01:58','2018-09-30 16:01:58'),(677,713,'1.00','0.00','2018-09-30 16:03:51','2018-09-30 16:03:51'),(678,714,'2.00','0.00','2018-09-30 16:08:42','2018-09-30 16:08:42'),(679,715,'1.00','0.00','2018-09-30 16:08:42','2018-09-30 16:08:42'),(680,716,'9.00','0.00','2018-09-30 16:08:42','2018-09-30 16:08:42'),(681,718,'25.00','0.00','2018-09-30 16:11:26','2018-09-30 16:11:26'),(682,719,'9.00','0.00','2018-09-30 16:11:26','2018-09-30 16:11:26'),(683,720,'8.00','0.00','2018-09-30 16:13:50','2018-09-30 16:13:50'),(684,721,'5.00','0.00','2018-09-30 16:13:50','2018-09-30 16:13:50'),(685,722,'2.00','0.00','2018-09-30 16:15:46','2018-09-30 16:15:46'),(686,723,'30.00','0.00','2018-09-30 16:20:12','2018-09-30 16:20:12'),(687,724,'65.00','0.00','2018-09-30 16:20:12','2018-09-30 16:20:12'),(688,725,'6.00','0.00','2018-09-30 16:20:12','2018-09-30 16:20:12'),(689,726,'17.00','0.00','2018-09-30 16:20:12','2018-09-30 16:20:12'),(690,727,'8.00','0.00','2018-09-30 16:20:12','2018-09-30 16:20:12'),(691,728,'8.00','0.00','2018-09-30 16:22:22','2018-09-30 16:22:22'),(692,729,'8.00','0.00','2018-09-30 16:22:22','2018-09-30 16:22:22'),(693,731,'5.00','0.00','2018-09-30 16:24:54','2018-09-30 16:24:54'),(694,732,'5.00','0.00','2018-09-30 16:29:14','2018-09-30 16:29:14'),(695,734,'3.00','0.00','2018-09-30 16:31:13','2018-09-30 16:31:13'),(696,737,'2.00','0.00','2018-09-30 16:33:30','2018-09-30 16:33:30'),(697,738,'5.00','0.00','2018-09-30 16:36:56','2018-09-30 16:36:56'),(698,739,'18.00','0.00','2018-09-30 16:36:56','2018-09-30 16:36:56'),(699,740,'5.00','0.00','2018-09-30 16:36:56','2018-09-30 16:36:56'),(700,741,'12.00','0.00','2018-09-30 16:40:00','2018-09-30 16:40:00'),(701,742,'12.00','0.00','2018-09-30 16:40:00','2018-09-30 16:40:00'),(702,743,'12.00','0.00','2018-09-30 16:46:02','2018-09-30 16:46:02'),(703,744,'20.00','0.00','2018-09-30 16:46:02','2018-09-30 16:46:02'),(704,745,'60.00','0.00','2018-09-30 16:46:02','2018-09-30 16:46:02'),(705,747,'1.00','0.00','2018-09-30 16:52:31','2018-09-30 16:52:31'),(706,748,'4.00','0.00','2018-09-30 16:52:31','2018-09-30 16:52:31'),(707,749,'9.00','0.00','2018-09-30 16:52:31','2018-09-30 16:52:31'),(708,750,'10.00','0.00','2018-09-30 16:52:31','2018-09-30 16:52:31'),(709,751,'3.00','0.00','2018-10-01 08:31:12','2018-10-01 08:31:12'),(710,752,'4.00','0.00','2018-10-01 08:36:00','2018-10-01 08:36:00'),(711,753,'11.00','0.00','2018-10-01 08:36:00','2018-10-01 08:36:00'),(712,754,'2.00','0.00','2018-10-01 08:36:00','2018-10-01 08:36:00'),(713,755,'1.00','0.00','2018-10-01 08:36:00','2018-10-01 08:36:00'),(714,756,'0.00','0.00','2018-10-01 08:37:54','2018-10-01 08:37:54'),(715,757,'12.00','0.00','2018-10-01 08:42:32','2018-10-01 08:42:32'),(716,758,'11.00','0.00','2018-10-01 08:42:32','2018-10-01 08:42:32'),(717,759,'10.00','0.00','2018-10-01 08:42:32','2018-10-01 08:42:32'),(718,760,'5.00','0.00','2018-10-01 08:42:32','2018-10-01 08:42:32'),(719,761,'1.00','0.00','2018-10-01 08:42:32','2018-10-01 08:42:32'),(720,762,'10.00','0.00','2018-10-01 08:46:57','2018-10-01 08:46:57'),(721,763,'7.00','0.00','2018-10-01 08:46:57','2018-10-01 08:46:57'),(722,764,'8.00','0.00','2018-10-01 08:46:57','2018-10-01 08:46:57'),(723,765,'1.00','0.00','2018-10-01 08:50:45','2018-10-01 08:50:45'),(724,766,'12.00','0.00','2018-10-01 08:50:45','2018-10-01 08:50:45'),(725,767,'11.00','0.00','2018-10-01 08:50:45','2018-10-01 08:50:45'),(726,768,'9.00','0.00','2018-10-01 08:50:45','2018-10-01 08:50:45'),(727,769,'5.00','0.00','2018-10-01 08:54:00','2018-10-01 08:54:00'),(728,770,'2.00','0.00','2018-10-01 08:54:00','2018-10-01 08:54:00'),(729,771,'5.00','0.00','2018-10-01 08:54:00','2018-10-01 08:54:00'),(730,772,'2.00','0.00','2018-10-01 08:58:47','2018-10-01 08:58:47'),(731,773,'6.00','0.00','2018-10-01 08:58:47','2018-10-01 08:58:47'),(732,774,'5.00','0.00','2018-10-01 08:58:47','2018-10-01 08:58:47'),(733,775,'5.00','0.00','2018-10-01 08:58:47','2018-10-01 08:58:47'),(734,776,'2.00','0.00','2018-10-01 09:00:10','2018-10-01 09:00:10'),(735,777,'2.00','0.00','2018-10-01 09:07:17','2018-10-01 09:07:17'),(736,778,'2.00','0.00','2018-10-01 09:07:17','2018-10-01 09:07:17'),(737,779,'2.00','0.00','2018-10-01 09:07:17','2018-10-01 09:07:17'),(738,780,'2.00','0.00','2018-10-01 09:07:17','2018-10-01 09:07:17'),(739,781,'2.00','0.00','2018-10-01 09:08:51','2018-10-01 09:08:51'),(740,782,'54.00','0.00','2018-10-01 09:17:30','2018-10-01 09:17:30'),(741,783,'9.00','0.00','2018-10-01 09:17:30','2018-10-01 09:17:30'),(742,784,'10.00','0.00','2018-10-01 09:17:30','2018-10-01 09:17:30'),(743,785,'14.00','0.00','2018-10-01 09:17:30','2018-10-01 09:17:30'),(744,786,'15.00','0.00','2018-10-01 09:17:30','2018-10-01 09:17:30'),(745,787,'23.00','0.00','2018-10-01 09:17:30','2018-10-01 09:17:30'),(746,788,'9.00','0.00','2018-10-01 09:21:11','2018-10-01 09:21:11'),(747,789,'6.00','0.00','2018-10-01 09:21:11','2018-10-01 09:21:11'),(748,790,'7.00','0.00','2018-10-01 09:21:11','2018-10-01 09:21:11'),(749,792,'1.00','0.00','2018-10-01 09:25:25','2018-10-01 09:25:25'),(750,793,'1.00','0.00','2018-10-01 09:25:25','2018-10-01 09:25:25'),(751,794,'4.00','0.00','2018-10-01 09:25:25','2018-10-01 09:25:25'),(752,795,'38.00','0.00','2018-10-01 09:31:16','2018-10-01 09:31:16'),(753,796,'12.00','0.00','2018-10-01 09:31:16','2018-10-01 09:31:16'),(754,797,'15.00','0.00','2018-10-01 09:31:16','2018-10-01 09:31:16'),(755,798,'5.00','0.00','2018-10-01 09:31:16','2018-10-01 09:31:16'),(756,799,'4.00','0.00','2018-10-01 09:34:48','2018-10-01 09:34:48'),(757,800,'3.00','0.00','2018-10-01 09:34:48','2018-10-01 09:34:48'),(758,801,'6.00','0.00','2018-10-01 09:36:29','2018-10-01 09:36:29'),(759,802,'2.00','0.00','2018-10-01 10:00:23','2018-10-01 10:00:23'),(760,803,'4.00','0.00','2018-10-01 10:00:23','2018-10-01 10:00:23'),(761,804,'2.00','0.00','2018-10-01 10:28:33','2018-10-01 10:28:33'),(762,805,'10.00','0.00','2018-10-01 10:28:33','2018-10-01 10:28:33'),(763,806,'47.00','0.00','2018-10-01 10:33:53','2018-10-01 10:33:53'),(764,807,'13.00','0.00','2018-10-01 10:33:53','2018-10-01 10:33:53'),(765,808,'19.00','0.00','2018-10-01 10:33:53','2018-10-01 10:33:53'),(766,809,'5.00','0.00','2018-10-01 10:33:53','2018-10-01 10:33:53'),(767,810,'4.00','0.00','2018-10-01 10:33:53','2018-10-01 10:33:53'),(768,811,'10.00','0.00','2018-10-01 10:36:52','2018-10-01 10:36:52'),(769,812,'12.00','0.00','2018-10-01 10:46:46','2018-10-01 10:46:46'),(770,813,'10.00','0.00','2018-10-01 10:46:46','2018-10-01 10:46:46'),(771,814,'8.00','0.00','2018-10-01 10:46:46','2018-10-01 10:46:46'),(772,815,'10.00','0.00','2018-10-01 10:46:46','2018-10-01 10:46:46'),(773,816,'14.00','0.00','2018-10-01 10:46:46','2018-10-01 10:46:46'),(774,817,'10.00','0.00','2018-10-01 10:46:46','2018-10-01 10:46:46'),(775,818,'16.00','0.00','2018-10-01 10:46:46','2018-10-01 10:46:46'),(776,819,'5022.00','0.00','2018-10-01 11:01:36','2018-10-01 11:01:36'),(777,820,'1375.00','0.00','2018-10-01 11:01:36','2018-10-01 11:01:36'),(778,821,'14.00','0.00','2018-10-01 11:01:36','2018-10-01 11:01:36'),(779,822,'2968.00','0.00','2018-10-01 11:01:36','2018-10-01 11:01:36'),(780,823,'1800.00','0.00','2018-10-01 11:01:36','2018-10-01 11:01:36'),(781,824,'775.00','0.00','2018-10-01 11:01:36','2018-10-01 11:01:36'),(782,825,'12.00','0.00','2018-10-01 11:35:49','2018-10-01 11:35:49'),(783,826,'19.00','0.00','2018-10-01 11:35:49','2018-10-01 11:35:49'),(784,827,'20.00','0.00','2018-10-01 11:35:49','2018-10-01 11:35:49'),(785,828,'14.00','0.00','2018-10-01 11:35:49','2018-10-01 11:35:49'),(786,829,'10.00','0.00','2018-10-01 11:35:49','2018-10-01 11:35:49'),(787,830,'1.00','0.00','2018-10-01 11:35:49','2018-10-01 11:35:49'),(788,831,'94.00','0.00','2018-10-01 11:51:44','2018-10-01 11:51:44'),(789,832,'165.00','0.00','2018-10-01 11:51:44','2018-10-01 11:51:44'),(790,833,'128.00','0.00','2018-10-01 11:51:44','2018-10-01 11:51:44'),(791,834,'32.00','0.00','2018-10-01 11:51:44','2018-10-01 11:51:44'),(792,835,'43.00','0.00','2018-10-01 11:51:44','2018-10-01 11:51:44'),(793,836,'108.00','0.00','2018-10-01 11:51:44','2018-10-01 11:51:44'),(794,837,'100.00','0.00','2018-10-01 12:49:52','2018-10-01 12:49:52'),(795,838,'33.00','0.00','2018-10-01 12:49:52','2018-10-01 12:49:52'),(796,839,'23.00','0.00','2018-10-01 12:54:49','2018-10-01 12:54:49'),(797,840,'43.50','0.00','2018-10-01 12:54:49','2018-10-01 12:54:49'),(798,841,'19.50','0.00','2018-10-01 12:54:49','2018-10-01 12:54:49'),(799,842,'1.00','0.00','2018-10-01 12:54:49','2018-10-01 12:54:49'),(800,843,'275.00','0.00','2018-10-01 12:58:59','2018-10-01 12:58:59'),(801,844,'1.00','0.00','2018-10-01 12:58:59','2018-10-01 12:58:59'),(802,845,'12.00','0.00','2018-10-01 12:58:59','2018-10-01 12:58:59'),(803,846,'19.00','0.00','2018-10-01 13:01:13','2018-10-01 13:01:13'),(804,847,'15.00','0.00','2018-10-01 13:01:13','2018-10-01 13:01:13'),(805,848,'14.00','0.00','2018-10-01 13:08:18','2018-10-01 13:08:18'),(806,849,'12.00','0.00','2018-10-01 13:08:18','2018-10-01 13:08:18'),(807,850,'1.00','0.00','2018-10-01 13:08:18','2018-10-01 13:08:18'),(808,851,'72.00','0.00','2018-10-01 13:08:18','2018-10-01 13:08:18'),(809,852,'15.00','0.00','2018-10-01 13:18:25','2018-10-01 13:18:25'),(810,853,'16.00','0.00','2018-10-01 13:18:25','2018-10-01 13:18:25'),(811,854,'14.00','0.00','2018-10-01 13:18:25','2018-10-01 13:18:25'),(812,855,'72.00','0.00','2018-10-01 13:18:25','2018-10-01 13:18:25'),(813,856,'62.00','0.00','2018-10-01 13:31:45','2018-10-01 13:31:45'),(814,857,'72.00','0.00','2018-10-01 13:31:45','2018-10-01 13:31:45'),(815,858,'56.00','0.00','2018-10-01 13:31:45','2018-10-01 13:31:45'),(816,859,'63.00','0.00','2018-10-01 13:31:45','2018-10-01 13:31:45'),(817,860,'92.00','0.00','2018-10-01 13:31:46','2018-10-01 13:31:46'),(818,861,'10.00','0.00','2018-10-01 13:31:46','2018-10-01 13:31:46'),(819,862,'130.00','0.00','2018-10-01 13:31:46','2018-10-01 13:31:46'),(820,863,'89.00','0.00','2018-10-01 13:31:46','2018-10-01 13:31:46'),(821,864,'8.00','0.00','2018-10-01 13:41:31','2018-10-01 13:41:31'),(822,865,'36.00','0.00','2018-10-01 13:41:31','2018-10-01 13:41:31'),(823,866,'133.00','0.00','2018-10-01 13:41:31','2018-10-01 13:41:31'),(824,867,'135.00','0.00','2018-10-01 13:41:31','2018-10-01 13:41:31'),(825,868,'90.00','0.00','2018-10-01 13:41:31','2018-10-01 13:41:31'),(826,869,'100.00','0.00','2018-10-01 13:41:31','2018-10-01 13:41:31'),(827,870,'64.00','0.00','2018-10-01 13:41:31','2018-10-01 13:41:31'),(828,871,'17.00','0.00','2018-10-01 13:43:53','2018-10-01 13:43:53'),(829,872,'85.00','0.00','2018-10-01 13:43:53','2018-10-01 13:43:53'),(830,873,'15.00','0.00','2018-10-01 13:45:32','2018-10-01 13:45:32'),(831,874,'9.00','0.00','2018-10-01 13:45:32','2018-10-01 13:45:32'),(832,875,'7.00','0.00','2018-10-01 13:49:27','2018-10-01 13:49:27'),(833,876,'1.00','0.00','2018-10-01 13:49:27','2018-10-01 13:49:27'),(834,877,'3.00','0.00','2018-10-01 13:49:27','2018-10-01 13:49:27'),(835,878,'2.00','0.00','2018-10-01 13:49:27','2018-10-01 13:49:27'),(836,879,'3.00','0.00','2018-10-01 13:49:27','2018-10-01 13:49:27'),(837,880,'96.00','0.00','2018-10-01 13:54:10','2018-10-01 13:54:10'),(838,881,'11.00','0.00','2018-10-01 13:54:10','2018-10-01 13:54:10'),(839,882,'9.00','0.00','2018-10-01 13:54:10','2018-10-01 13:54:10'),(840,883,'17.00','0.00','2018-10-01 13:54:10','2018-10-01 13:54:10'),(841,884,'8.00','0.00','2018-10-01 13:54:10','2018-10-01 13:54:10'),(842,886,'5.00','0.00','2018-10-01 13:57:32','2018-10-01 13:57:32'),(843,887,'15.00','0.00','2018-10-01 14:04:43','2018-10-01 14:04:43'),(844,888,'3.00','0.00','2018-10-01 14:04:43','2018-10-01 14:04:43'),(845,889,'4.00','0.00','2018-10-01 14:04:43','2018-10-01 14:04:43'),(846,890,'7.00','0.00','2018-10-01 14:04:43','2018-10-01 14:04:43'),(847,891,'1.00','0.00','2018-10-01 14:04:43','2018-10-01 14:04:43'),(848,893,'17.00','0.00','2018-10-01 14:08:07','2018-10-01 14:08:07'),(849,894,'21.00','0.00','2018-10-01 14:08:07','2018-10-01 14:08:07'),(850,895,'16.00','0.00','2018-10-01 14:08:07','2018-10-01 14:08:07'),(851,896,'60.00','0.00','2018-10-01 14:08:45','2018-10-01 14:08:45'),(852,897,'8.00','0.00','2018-10-01 14:11:07','2018-10-01 14:11:07'),(853,898,'10.00','0.00','2018-10-01 14:11:07','2018-10-01 14:11:07'),(854,899,'10.00','0.00','2018-10-01 14:11:07','2018-10-01 14:11:07'),(855,901,'22.00','0.00','2018-10-01 14:17:55','2018-10-01 14:17:55'),(856,902,'7.00','0.00','2018-10-01 14:17:55','2018-10-01 14:17:55'),(857,903,'14.00','0.00','2018-10-01 14:17:55','2018-10-01 14:17:55'),(858,904,'12.00','0.00','2018-10-01 14:22:16','2018-10-01 14:22:16'),(859,905,'14.00','0.00','2018-10-01 14:22:16','2018-10-01 14:22:16'),(860,906,'22.00','0.00','2018-10-01 14:22:16','2018-10-01 14:22:16'),(861,907,'15.00','0.00','2018-10-01 14:30:55','2018-10-01 14:30:55'),(862,908,'38.00','0.00','2018-10-01 14:30:55','2018-10-01 14:30:55'),(863,909,'6.00','0.00','2018-10-01 14:30:55','2018-10-01 14:30:55'),(864,910,'17.00','0.00','2018-10-01 14:30:55','2018-10-01 14:30:55'),(865,911,'95.00','0.00','2018-10-01 14:34:52','2018-10-01 14:34:52'),(866,912,'26.00','0.00','2018-10-01 14:34:52','2018-10-01 14:34:52'),(867,913,'25.00','0.00','2018-10-01 14:34:52','2018-10-01 14:34:52'),(868,915,'34.00','0.00','2018-10-01 14:37:43','2018-10-01 14:37:43'),(869,916,'51.00','0.00','2018-10-01 14:37:43','2018-10-01 14:37:43'),(870,917,'26.00','0.00','2018-10-01 14:37:43','2018-10-01 14:37:43'),(871,918,'21.00','0.00','2018-10-01 14:41:49','2018-10-01 14:41:49'),(872,919,'13.00','0.00','2018-10-01 14:41:49','2018-10-01 14:41:49'),(873,920,'24.00','0.00','2018-10-01 14:41:49','2018-10-01 14:41:49'),(874,921,'24.00','0.00','2018-10-01 14:41:49','2018-10-01 14:41:49'),(875,922,'2.00','0.00','2018-10-01 14:42:56','2018-10-01 14:42:56'),(876,923,'15.00','0.00','2018-10-01 14:43:46','2018-10-01 14:43:46'),(877,924,'1.00','0.00','2018-10-01 14:45:52','2018-10-01 14:45:52'),(878,925,'1.00','0.00','2018-10-01 14:46:39','2018-10-01 14:46:39'),(879,926,'1.00','0.00','2018-10-01 14:48:18','2018-10-01 14:48:18'),(880,927,'1.00','0.00','2018-10-01 14:48:18','2018-10-01 14:48:18'),(881,928,'40.00','0.00','2018-10-01 14:49:42','2018-10-01 14:49:42'),(882,929,'50.00','0.00','2018-10-01 14:49:42','2018-10-01 14:49:42'),(883,930,'24.00','0.00','2018-10-01 14:51:44','2018-10-01 14:51:44'),(884,931,'22.00','0.00','2018-10-01 14:51:44','2018-10-01 14:51:44'),(885,932,'50.00','0.00','2018-10-01 14:55:24','2018-10-01 14:55:24'),(886,933,'43.00','0.00','2018-10-01 14:55:24','2018-10-01 14:55:24'),(887,934,'13.00','0.00','2018-10-01 14:55:24','2018-10-01 14:55:24'),(888,935,'12.00','0.00','2018-10-01 14:56:14','2018-10-01 14:56:14'),(889,936,'9.00','0.00','2018-10-01 14:57:02','2018-10-01 14:57:02'),(890,937,'10.00','0.00','2018-10-01 14:58:29','2018-10-01 14:58:29'),(891,938,'10.00','0.00','2018-10-01 14:58:29','2018-10-01 14:58:29'),(892,940,'4.00','0.00','2018-10-01 15:00:22','2018-10-01 15:00:22'),(893,941,'94.00','0.00','2018-10-01 15:20:53','2018-10-01 15:20:53'),(894,942,'15.00','0.00','2018-10-01 15:20:53','2018-10-01 15:20:53'),(895,943,'5.00','0.00','2018-10-01 15:20:53','2018-10-01 15:20:53'),(896,944,'18.00','0.00','2018-10-01 15:20:53','2018-10-01 15:20:53'),(897,945,'21.00','0.00','2018-10-01 15:20:53','2018-10-01 15:20:53'),(898,946,'8.00','0.00','2018-10-01 15:20:53','2018-10-01 15:20:53'),(899,947,'15.00','0.00','2018-10-01 15:20:53','2018-10-01 15:20:53'),(900,948,'8.00','0.00','2018-10-01 15:20:53','2018-10-01 15:20:53'),(901,949,'2.00','0.00','2018-10-01 15:20:53','2018-10-01 15:20:53'),(902,950,'5.00','0.00','2018-10-01 15:20:53','2018-10-01 15:20:53'),(903,951,'9.00','0.00','2018-10-01 15:20:53','2018-10-01 15:20:53'),(904,952,'5.00','0.00','2018-10-01 15:20:53','2018-10-01 15:20:53'),(905,953,'1.00','0.00','2018-10-01 15:20:53','2018-10-01 15:20:53'),(906,954,'1.00','0.00','2018-10-01 15:20:53','2018-10-01 15:20:53'),(907,956,'105.00','0.00','2018-10-01 15:25:06','2018-10-01 15:25:06'),(908,957,'83.00','0.00','2018-10-01 15:25:06','2018-10-01 15:25:06'),(909,958,'10.00','0.00','2018-10-01 15:25:06','2018-10-01 15:25:06'),(910,959,'2.00','0.00','2018-10-01 15:26:20','2018-10-01 15:26:20'),(911,960,'15.00','0.00','2018-10-01 15:28:10','2018-10-01 15:28:10'),(912,961,'3.00','0.00','2018-10-01 15:28:10','2018-10-01 15:28:10'),(913,962,'4.00','0.00','2018-10-01 15:29:03','2018-10-01 15:29:03'),(914,963,'79.00','0.00','2018-10-01 15:32:44','2018-10-01 15:32:44'),(915,964,'105.00','0.00','2018-10-01 15:32:44','2018-10-01 15:32:44'),(916,965,'2.00','0.00','2018-10-01 15:32:44','2018-10-01 15:32:44'),(917,966,'9.00','0.00','2018-10-01 15:34:56','2018-10-01 15:34:56'),(918,967,'24.00','0.00','2018-10-01 15:34:56','2018-10-01 15:34:56'),(919,969,'1.00','0.00','2018-10-01 15:36:52','2018-10-01 15:36:52'),(920,971,'186.00','0.00','2018-10-01 15:42:14','2018-10-01 15:42:14'),(921,972,'14.00','0.00','2018-10-02 08:47:50','2018-10-02 08:47:50'),(922,973,'16.00','0.00','2018-10-02 08:47:50','2018-10-02 08:47:50'),(923,974,'117.00','0.00','2018-10-02 09:31:25','2018-10-02 09:31:25'),(924,975,'4.00','0.00','2018-10-02 09:31:25','2018-10-02 09:31:25'),(925,976,'147.00','0.00','2018-10-02 09:31:25','2018-10-02 09:31:25'),(926,977,'113.00','0.00','2018-10-02 09:31:25','2018-10-02 09:31:25'),(927,978,'224.00','0.00','2018-10-02 09:31:25','2018-10-02 09:31:25'),(928,979,'32.00','0.00','2018-10-02 09:31:25','2018-10-02 09:31:25'),(929,980,'124.00','0.00','2018-10-02 09:31:25','2018-10-02 09:31:25'),(930,981,'8.00','0.00','2018-10-02 09:31:25','2018-10-02 09:31:25'),(931,982,'4.00','0.00','2018-10-02 09:39:48','2018-10-02 09:39:48'),(932,983,'2.00','0.00','2018-10-02 09:39:48','2018-10-02 09:39:48'),(933,984,'2.00','0.00','2018-10-02 09:39:48','2018-10-02 09:39:48'),(934,985,'17.00','0.00','2018-10-02 09:39:48','2018-10-02 09:39:48'),(935,986,'17.00','0.00','2018-10-02 09:39:48','2018-10-02 09:39:48'),(936,987,'16.00','0.00','2018-10-02 09:39:48','2018-10-02 09:39:48'),(937,988,'47.00','0.00','2018-10-02 09:39:48','2018-10-02 09:39:48'),(938,989,'31.00','0.00','2018-10-02 09:39:48','2018-10-02 09:39:48'),(939,990,'2229.00','0.00','2018-10-02 09:43:51','2018-10-02 09:43:51'),(940,991,'20.00','0.00','2018-10-02 09:43:51','2018-10-02 09:43:51'),(941,992,'433.00','0.00','2018-10-02 09:43:51','2018-10-02 09:43:51'),(942,993,'475.00','0.00','2018-10-02 09:48:00','2018-10-02 09:48:00'),(943,994,'1076.00','0.00','2018-10-02 09:48:00','2018-10-02 09:48:00'),(944,995,'1000.00','0.00','2018-10-02 09:48:00','2018-10-02 09:48:00'),(945,996,'1873.00','0.00','2018-10-02 09:48:00','2018-10-02 09:48:00'),(946,997,'877.00','0.00','2018-10-02 09:49:36','2018-10-02 09:49:36'),(947,998,'877.00','0.00','2018-10-02 09:49:36','2018-10-02 09:49:36'),(948,999,'831.00','0.00','2018-10-02 10:00:10','2018-10-02 10:00:10'),(949,1000,'485.00','0.00','2018-10-02 10:00:10','2018-10-02 10:00:10'),(950,1001,'825.00','0.00','2018-10-02 10:00:10','2018-10-02 10:00:10'),(951,1002,'795.00','0.00','2018-10-02 10:00:10','2018-10-02 10:00:10'),(952,1003,'249.00','0.00','2018-10-02 10:00:10','2018-10-02 10:00:10'),(953,1004,'869.00','0.00','2018-10-02 10:00:10','2018-10-02 10:00:10'),(954,1005,'156.00','0.00','2018-10-02 10:00:10','2018-10-02 10:00:10'),(955,1006,'317.00','0.00','2018-10-02 10:00:10','2018-10-02 10:00:10'),(956,1007,'496.00','0.00','2018-10-02 10:00:10','2018-10-02 10:00:10'),(957,1008,'5.00','0.00','2018-10-02 10:04:23','2018-10-02 10:04:23'),(958,1009,'17.00','0.00','2018-10-02 10:04:23','2018-10-02 10:04:23'),(959,1010,'24.00','0.00','2018-10-02 10:04:23','2018-10-02 10:04:23'),(960,1011,'35.00','0.00','2018-10-02 10:12:44','2018-10-02 10:12:44'),(961,1012,'2.00','0.00','2018-10-02 10:12:44','2018-10-02 10:12:44'),(962,1013,'23.00','0.00','2018-10-02 10:12:44','2018-10-02 10:12:44'),(963,1014,'26.00','0.00','2018-10-02 10:12:44','2018-10-02 10:12:44'),(964,1015,'9.00','0.00','2018-10-02 10:12:44','2018-10-02 10:12:44'),(965,1016,'9.00','0.00','2018-10-02 10:12:44','2018-10-02 10:12:44'),(966,1017,'16.00','0.00','2018-10-02 10:12:44','2018-10-02 10:12:44'),(967,1018,'22.00','0.00','2018-10-02 10:20:21','2018-10-02 10:20:21'),(968,1019,'10.00','0.00','2018-10-02 10:20:21','2018-10-02 10:20:21'),(969,1020,'21.00','0.00','2018-10-02 10:20:21','2018-10-02 10:20:21'),(970,1021,'4.00','0.00','2018-10-02 10:20:21','2018-10-02 10:20:21'),(971,1022,'12.00','0.00','2018-10-02 10:20:21','2018-10-02 10:20:21'),(972,1023,'14.00','0.00','2018-10-02 10:20:21','2018-10-02 10:20:21'),(973,1024,'3.00','0.00','2018-10-02 10:24:20','2018-10-02 10:24:20'),(974,1025,'30.00','0.00','2018-10-02 10:24:21','2018-10-02 10:24:21'),(975,1026,'6.00','0.00','2018-10-02 10:24:21','2018-10-02 10:24:21'),(976,1027,'12.00','0.00','2018-10-02 10:24:21','2018-10-02 10:24:21'),(977,1028,'31.00','0.00','2018-10-02 10:24:21','2018-10-02 10:24:21'),(978,1029,'4.00','0.00','2018-10-02 10:25:45','2018-10-02 10:25:45'),(979,1030,'24.00','0.00','2018-10-02 10:36:52','2018-10-02 10:36:52'),(980,1031,'15.00','0.00','2018-10-02 10:36:52','2018-10-02 10:36:52'),(981,1032,'20.00','0.00','2018-10-02 10:36:52','2018-10-02 10:36:52'),(982,1033,'20.00','0.00','2018-10-02 10:36:52','2018-10-02 10:36:52'),(983,1034,'16.00','0.00','2018-10-02 10:36:52','2018-10-02 10:36:52'),(984,1035,'20.00','0.00','2018-10-02 10:36:52','2018-10-02 10:36:52'),(985,1036,'57.00','0.00','2018-10-02 10:50:06','2018-10-02 10:50:06'),(986,1037,'12.00','0.00','2018-10-02 10:50:06','2018-10-02 10:50:06'),(987,1038,'139.00','0.00','2018-10-02 10:50:06','2018-10-02 10:50:06'),(988,1039,'8.00','0.00','2018-10-02 10:50:06','2018-10-02 10:50:06'),(989,1040,'2.00','0.00','2018-10-02 10:50:06','2018-10-02 10:50:06'),(990,1041,'2.00','0.00','2018-10-02 10:50:06','2018-10-02 10:50:06'),(991,1042,'6.00','0.00','2018-10-02 10:50:06','2018-10-02 10:50:06'),(992,1043,'6.00','0.00','2018-10-02 10:50:06','2018-10-02 10:50:06'),(993,1044,'19.00','0.00','2018-10-02 10:50:06','2018-10-02 10:50:06'),(994,1045,'3.00','0.00','2018-10-02 10:57:40','2018-10-02 10:57:40'),(995,1046,'4.00','0.00','2018-10-02 10:57:40','2018-10-02 10:57:40'),(996,1047,'1.00','0.00','2018-10-02 10:57:40','2018-10-02 10:57:40'),(997,1048,'1.00','0.00','2018-10-02 10:57:40','2018-10-02 10:57:40'),(998,1049,'2.00','0.00','2018-10-02 11:00:07','2018-10-02 11:00:07'),(999,1050,'2.00','0.00','2018-10-02 11:00:07','2018-10-02 11:00:07'),(1000,1051,'2.00','0.00','2018-10-02 11:06:23','2018-10-02 11:06:23'),(1001,1052,'2.00','0.00','2018-10-02 11:06:23','2018-10-02 11:06:23'),(1002,1053,'2.00','0.00','2018-10-02 11:06:23','2018-10-02 11:06:23'),(1003,1054,'1.00','0.00','2018-10-02 11:06:23','2018-10-02 11:06:23'),(1004,1055,'1.00','0.00','2018-10-02 11:08:50','2018-10-02 11:08:50'),(1005,1056,'4.00','0.00','2018-10-02 11:11:59','2018-10-02 11:11:59'),(1006,1057,'1.00','0.00','2018-10-02 11:13:35','2018-10-02 11:13:35'),(1007,1058,'2.00','0.00','2018-10-02 11:13:35','2018-10-02 11:13:35'),(1008,1059,'19.00','0.00','2018-10-02 11:15:44','2018-10-02 11:15:44'),(1009,1060,'20.00','0.00','2018-10-02 11:15:44','2018-10-02 11:15:44'),(1010,1061,'21.00','0.00','2018-10-02 11:22:26','2018-10-02 11:22:26'),(1011,1062,'1.00','0.00','2018-10-02 13:01:16','2018-10-02 13:01:16'),(1012,1063,'3.00','0.00','2018-10-02 13:01:16','2018-10-02 13:01:16'),(1013,1064,'5.00','0.00','2018-10-02 13:01:16','2018-10-02 13:01:16'),(1014,1065,'2.00','0.00','2018-10-02 13:01:16','2018-10-02 13:01:16'),(1015,1066,'10.00','0.00','2018-10-02 13:01:16','2018-10-02 13:01:16'),(1016,1067,'9.00','0.00','2018-10-02 15:42:19','2018-10-02 15:42:19'),(1017,1068,'10.00','0.00','2018-10-02 15:42:19','2018-10-02 15:42:19'),(1018,1069,'11.00','0.00','2018-10-02 15:42:19','2018-10-02 15:42:19'),(1019,1070,'6.00','0.00','2018-10-02 15:42:19','2018-10-02 15:42:19'),(1020,1071,'9.00','0.00','2018-10-02 15:42:19','2018-10-02 15:42:19'),(1021,1072,'3.00','0.00','2018-10-02 15:42:19','2018-10-02 15:42:19'),(1022,1073,'9.00','0.00','2018-10-02 15:44:37','2018-10-02 15:44:37'),(1023,1074,'32.00','0.00','2018-10-02 16:06:14','2018-10-02 16:06:14'),(1024,1075,'222.00','0.00','2018-10-02 16:06:14','2018-10-02 16:06:14'),(1025,1076,'7.00','0.00','2018-10-02 16:12:39','2018-10-02 16:12:39'),(1026,1077,'3.00','0.00','2018-10-02 16:12:39','2018-10-02 16:12:39'),(1027,1078,'11.00','0.00','2018-10-02 16:12:39','2018-10-02 16:12:39'),(1028,1079,'10.00','0.00','2018-10-02 16:12:39','2018-10-02 16:12:39'),(1029,1080,'8.00','0.00','2018-10-02 16:27:55','2018-10-02 16:27:55'),(1030,1081,'98.00','0.00','2018-10-02 16:27:55','2018-10-02 16:27:55'),(1031,1082,'3.00','0.00','2018-10-02 16:27:55','2018-10-02 16:27:55'),(1032,1083,'189.00','0.00','2018-10-02 16:27:55','2018-10-02 16:27:55'),(1033,1084,'9.00','0.00','2018-10-02 16:27:55','2018-10-02 16:27:55'),(1034,1085,'65.00','0.00','2018-10-02 16:27:55','2018-10-02 16:27:55'),(1035,1086,'7.00','0.00','2018-10-02 16:27:55','2018-10-02 16:27:55'),(1036,1087,'19.00','0.00','2018-10-02 16:27:55','2018-10-02 16:27:55'),(1037,1088,'6.00','0.00','2018-10-02 16:27:55','2018-10-02 16:27:55'),(1038,1089,'79.00','0.00','2018-10-02 16:27:55','2018-10-02 16:27:55'),(1039,1090,'3.00','0.00','2018-10-02 16:30:32','2018-10-02 16:30:32'),(1040,1091,'3.00','0.00','2018-10-02 16:30:32','2018-10-02 16:30:32'),(1041,1092,'3.00','0.00','2018-10-02 16:30:32','2018-10-02 16:30:32'),(1042,1093,'3.00','0.00','2018-10-02 16:30:32','2018-10-02 16:30:32'),(1043,1094,'3.00','0.00','2018-10-03 10:49:56','2018-10-03 10:49:56'),(1044,1095,'6.00','0.00','2018-10-03 10:49:56','2018-10-03 10:49:56'),(1045,1096,'6.00','0.00','2018-10-03 10:49:56','2018-10-03 10:49:56'),(1046,1097,'2.00','0.00','2018-10-03 10:49:56','2018-10-03 10:49:56'),(1047,1098,'1.00','0.00','2018-10-03 10:49:56','2018-10-03 10:49:56'),(1048,1099,'5.00','0.00','2018-10-03 10:49:56','2018-10-03 10:49:56'),(1049,1100,'6.00','0.00','2018-10-03 10:49:56','2018-10-03 10:49:56'),(1050,1101,'3.00','0.00','2018-10-03 10:49:56','2018-10-03 10:49:56'),(1051,1102,'1.00','0.00','2018-10-03 10:49:56','2018-10-03 10:49:56'),(1052,1103,'1.00','0.00','2018-10-03 10:53:42','2018-10-03 10:53:42'),(1053,1104,'1.00','0.00','2018-10-03 10:53:42','2018-10-03 10:53:42'),(1054,1105,'5.00','0.00','2018-10-03 10:53:42','2018-10-03 10:53:42'),(1055,1106,'6.00','0.00','2018-10-03 10:53:42','2018-10-03 10:53:42'),(1056,1107,'8.00','0.00','2018-10-03 10:53:42','2018-10-03 10:53:42'),(1057,1108,'6.00','0.00','2018-10-03 11:10:52','2018-10-03 11:10:52'),(1058,1109,'8.00','0.00','2018-10-03 11:10:52','2018-10-03 11:10:52'),(1059,1110,'9.00','0.00','2018-10-03 11:10:52','2018-10-03 11:10:52'),(1060,1111,'4.00','0.00','2018-10-03 11:10:52','2018-10-03 11:10:52'),(1061,1112,'7.00','0.00','2018-10-03 11:10:52','2018-10-03 11:10:52'),(1062,1113,'6.00','0.00','2018-10-03 11:10:52','2018-10-03 11:10:52'),(1063,1114,'5.00','0.00','2018-10-03 11:10:52','2018-10-03 11:10:52'),(1064,1115,'8.00','0.00','2018-10-03 11:10:52','2018-10-03 11:10:52'),(1065,1116,'1.00','0.00','2018-10-03 11:10:52','2018-10-03 11:10:52'),(1066,1117,'7.00','0.00','2018-10-03 13:25:48','2018-10-03 13:25:48'),(1067,1118,'6.00','0.00','2018-10-03 13:25:48','2018-10-03 13:25:48'),(1068,1119,'6.00','0.00','2018-10-03 13:25:48','2018-10-03 13:25:48'),(1069,1120,'5.00','0.00','2018-10-03 13:25:48','2018-10-03 13:25:48'),(1070,1121,'1.00','0.00','2018-10-03 13:25:48','2018-10-03 13:25:48'),(1071,1122,'8.00','0.00','2018-10-03 13:37:33','2018-10-03 13:37:33'),(1072,1123,'9.00','0.00','2018-10-03 13:37:33','2018-10-03 13:37:33'),(1073,1124,'9.00','0.00','2018-10-03 13:37:33','2018-10-03 13:37:33'),(1074,1125,'10.00','0.00','2018-10-03 13:37:33','2018-10-03 13:37:33'),(1075,1126,'10.00','0.00','2018-10-03 13:37:33','2018-10-03 13:37:33'),(1076,1127,'10.00','0.00','2018-10-03 13:37:33','2018-10-03 13:37:33'),(1077,1128,'11.00','0.00','2018-10-03 13:44:58','2018-10-03 13:44:58'),(1078,1129,'3.00','0.00','2018-10-03 13:44:58','2018-10-03 13:44:58'),(1079,1130,'3.00','0.00','2018-10-03 13:44:58','2018-10-03 13:44:58'),(1080,1131,'5.00','0.00','2018-10-03 13:44:58','2018-10-03 13:44:58'),(1081,1132,'12.00','0.00','2018-10-03 13:44:58','2018-10-03 13:44:58'),(1082,1133,'40.00','0.00','2018-10-03 13:47:20','2018-10-03 13:47:20'),(1083,1134,'12.00','0.00','2018-10-03 13:47:20','2018-10-03 13:47:20'),(1084,1136,'10.00','0.00','2018-10-03 13:52:15','2018-10-03 13:52:15'),(1085,1137,'5.00','0.00','2018-10-03 13:52:15','2018-10-03 13:52:15'),(1086,1138,'10.00','0.00','2018-10-03 13:57:24','2018-10-03 13:57:24'),(1087,1139,'5.00','0.00','2018-10-03 13:57:24','2018-10-03 13:57:24'),(1088,1140,'8.00','0.00','2018-10-03 13:57:24','2018-10-03 13:57:24'),(1089,1141,'17.00','0.00','2018-10-03 13:57:24','2018-10-03 14:06:33'),(1090,1142,'8.00','0.00','2018-10-03 13:57:24','2018-10-03 13:57:24'),(1091,1143,'2.00','0.00','2018-10-03 13:57:24','2018-10-03 13:57:24'),(1092,1144,'1.00','0.00','2018-10-03 14:03:55','2018-10-03 14:03:55'),(1093,1145,'3.00','0.00','2018-10-03 14:03:55','2018-10-03 14:03:55'),(1094,1146,'11.00','0.00','2018-10-03 14:03:55','2018-10-03 14:03:55'),(1095,1147,'19.00','0.00','2018-10-03 14:03:55','2018-10-03 14:03:55'),(1096,1148,'4.00','0.00','2018-10-03 14:03:55','2018-10-03 14:03:55'),(1097,1149,'24.00','0.00','2018-10-03 14:06:33','2018-10-03 14:06:33'),(1098,1150,'90.00','0.00','2018-10-03 14:08:46','2018-10-03 14:08:46'),(1099,1151,'60.00','0.00','2018-10-03 14:08:46','2018-10-03 14:08:46'),(1100,1152,'8.00','0.00','2018-10-03 14:11:05','2018-10-03 14:11:05'),(1101,1153,'31.00','0.00','2018-10-03 14:11:05','2018-10-03 14:11:05'),(1102,1154,'4.00','0.00','2018-10-03 14:19:51','2018-10-03 14:19:51'),(1103,1155,'33.00','0.00','2018-10-03 14:19:51','2018-10-03 14:19:51'),(1104,1156,'1.00','0.00','2018-10-03 14:32:42','2018-10-03 14:32:42'),(1105,1157,'12.00','0.00','2018-10-03 14:32:42','2018-10-03 14:32:42'),(1106,1158,'1.00','0.00','2018-10-03 14:32:42','2018-10-03 14:32:42'),(1107,1159,'7.00','0.00','2018-10-03 14:32:42','2018-10-03 14:32:42'),(1108,1160,'9.00','0.00','2018-10-03 14:32:42','2018-10-03 14:32:42'),(1109,1161,'549.00','0.00','2018-10-03 14:43:27','2018-10-03 14:43:27'),(1110,1162,'114.00','0.00','2018-10-03 14:43:27','2018-10-03 14:43:27'),(1111,1163,'12.00','0.00','2018-10-03 14:43:27','2018-10-03 14:43:27'),(1112,1164,'6.00','0.00','2018-10-03 14:45:23','2018-10-03 14:45:23'),(1113,1165,'25.00','0.00','2018-10-03 14:45:23','2018-10-03 14:45:23'),(1114,1166,'29.00','0.00','2018-10-03 14:46:29','2018-10-03 14:46:29'),(1115,1167,'1.00','0.00','2018-10-03 14:48:11','2018-10-03 14:48:11'),(1116,1168,'24.00','0.00','2018-10-03 14:48:11','2018-10-03 14:48:11'),(1117,1169,'120.00','0.00','2018-10-03 14:52:33','2018-10-03 14:52:33'),(1118,1170,'4.00','0.00','2018-10-03 14:52:33','2018-10-03 14:52:33'),(1119,1171,'1.00','0.00','2018-10-03 15:27:52','2018-10-03 15:27:52'),(1120,1172,'8.00','0.00','2018-10-03 15:27:52','2018-10-03 15:27:52'),(1121,1173,'26.00','0.00','2018-10-03 15:30:52','2018-10-03 15:30:52'),(1122,1174,'1.00','0.00','2018-10-03 15:33:10','2018-10-03 15:33:10'),(1123,1175,'1.00','0.00','2018-10-03 15:34:11','2018-10-03 15:34:11'),(1124,1176,'1.00','0.00','2018-10-03 15:35:03','2018-10-03 15:35:03'),(1125,1179,'1.00','0.00','2018-10-03 15:37:42','2018-10-03 15:37:42'),(1126,1180,'20.00','0.00','2018-10-03 15:40:19','2018-10-03 15:40:19'),(1127,1181,'9.00','0.00','2018-10-03 15:41:31','2018-10-03 15:41:31'),(1128,1182,'1.00','0.00','2018-10-03 15:43:50','2018-10-03 15:43:50'),(1129,1183,'1.00','0.00','2018-10-03 15:47:34','2018-10-03 15:47:34'),(1130,1184,'14.00','0.00','2018-10-03 15:47:34','2018-10-03 15:47:34'),(1131,1185,'16.00','0.00','2018-10-03 15:47:34','2018-10-03 15:47:34'),(1132,1186,'1.00','0.00','2018-10-03 15:51:35','2018-10-03 15:51:35'),(1133,1187,'16.00','0.00','2018-10-03 15:51:35','2018-10-03 15:51:35'),(1134,1188,'16.00','0.00','2018-10-03 16:10:31','2018-10-03 16:10:31'),(1135,1189,'16.00','0.00','2018-10-03 16:15:05','2018-10-03 16:15:05'),(1136,1190,'161.00','0.00','2018-10-03 16:15:05','2018-10-03 16:15:05'),(1137,1191,'140.00','0.00','2018-10-03 16:15:05','2018-10-03 16:15:05'),(1138,1192,'150.00','0.00','2018-10-03 16:15:05','2018-10-03 16:15:05'),(1139,1193,'166.00','0.00','2018-10-03 16:15:05','2018-10-03 16:15:05'),(1140,1194,'150.00','0.00','2018-10-03 16:15:05','2018-10-03 16:15:05'),(1141,1195,'15.00','0.00','2018-10-03 16:15:05','2018-10-03 16:15:05'),(1142,1196,'16.00','0.00','2018-10-03 16:18:03','2018-10-03 16:18:03'),(1143,1197,'11.00','0.00','2018-10-03 16:18:03','2018-10-03 16:18:03'),(1144,1198,'16.00','0.00','2018-10-03 16:18:03','2018-10-03 16:18:03'),(1145,1199,'16.00','0.00','2018-10-03 16:21:02','2018-10-03 16:21:02'),(1146,1200,'10.00','0.00','2018-10-03 16:21:02','2018-10-03 16:21:02'),(1147,1201,'16.00','0.00','2018-10-03 16:21:02','2018-10-03 16:21:02'),(1148,1202,'16.00','0.00','2018-10-03 16:23:48','2018-10-03 16:23:48'),(1149,1203,'1.00','0.00','2018-10-03 16:23:48','2018-10-03 16:23:48'),(1150,1204,'16.00','0.00','2018-10-03 16:23:48','2018-10-03 16:23:48'),(1151,1205,'16.00','0.00','2018-10-03 16:25:10','2018-10-03 16:25:10'),(1152,1207,'16.00','0.00','2018-10-03 16:27:34','2018-10-03 16:27:34'),(1153,1208,'16.00','0.00','2018-10-03 16:27:34','2018-10-03 16:27:34'),(1154,1210,'16.00','0.00','2018-10-03 16:29:10','2018-10-03 16:29:10'),(1155,1211,'16.00','0.00','2018-10-03 16:29:10','2018-10-03 16:29:10'),(1156,1212,'16.00','0.00','2018-10-04 08:49:08','2018-10-04 08:49:08'),(1157,1213,'16.00','0.00','2018-10-04 08:50:42','2018-10-04 08:50:42'),(1158,1214,'16.00','0.00','2018-10-04 08:50:42','2018-10-04 08:50:42'),(1159,1215,'16.00','0.00','2018-10-04 08:57:19','2018-10-04 08:57:19'),(1160,1216,'16.00','0.00','2018-10-04 08:57:19','2018-10-04 08:57:19'),(1161,1217,'16.00','0.00','2018-10-04 08:57:19','2018-10-04 08:57:19'),(1162,1218,'16.00','0.00','2018-10-04 08:59:32','2018-10-04 08:59:32'),(1163,1219,'16.00','0.00','2018-10-04 08:59:32','2018-10-04 08:59:32'),(1164,1220,'16.00','0.00','2018-10-04 08:59:32','2018-10-04 08:59:32'),(1165,1221,'6.00','0.00','2018-10-04 09:02:14','2018-10-04 09:02:14'),(1166,1222,'6.00','0.00','2018-10-04 09:02:14','2018-10-04 09:02:14'),(1167,1223,'2.00','0.00','2018-10-04 09:02:14','2018-10-04 09:02:14'),(1168,1224,'100.00','0.00','2018-10-04 09:28:13','2018-10-04 09:28:13'),(1169,1225,'38.00','0.00','2018-10-04 09:28:13','2018-10-04 09:28:13'),(1170,1226,'134.00','0.00','2018-10-04 09:28:13','2018-10-04 09:28:13'),(1171,1227,'69.00','0.00','2018-10-04 09:28:13','2018-10-04 09:28:13'),(1172,1228,'20.00','0.00','2018-10-04 09:28:13','2018-10-04 09:28:13'),(1173,1229,'9.00','0.00','2018-10-04 09:28:13','2018-10-04 09:28:13'),(1174,1231,'6.00','0.00','2018-10-04 09:29:36','2018-10-04 09:29:36'),(1175,1232,'1.00','0.00','2018-10-04 09:29:36','2018-10-04 09:29:36'),(1176,1233,'5.00','0.00','2018-10-04 09:33:12','2018-10-04 09:33:12'),(1177,1234,'24.00','0.00','2018-10-04 09:33:12','2018-10-04 09:33:12'),(1178,1235,'10.00','0.00','2018-10-04 09:33:12','2018-10-04 09:33:12'),(1179,1236,'1.00','0.00','2018-10-04 09:33:12','2018-10-04 09:33:12'),(1180,1237,'1.00','0.00','2018-10-04 09:33:12','2018-10-04 09:33:12'),(1181,1238,'100.00','0.00','2018-10-04 09:34:12','2018-10-04 09:34:12'),(1182,1239,'9.00','0.00','2018-10-04 09:42:58','2018-10-04 09:42:58'),(1183,1240,'24.00','0.00','2018-10-04 09:42:58','2018-10-04 09:42:58'),(1184,1241,'12.00','0.00','2018-10-04 09:42:58','2018-10-04 09:42:58'),(1185,1242,'4.00','0.00','2018-10-04 09:42:58','2018-10-04 09:42:58'),(1186,1243,'60.00','0.00','2018-10-04 09:51:38','2018-10-04 09:51:38'),(1187,1244,'40.00','0.00','2018-10-04 09:51:38','2018-10-04 09:51:38'),(1188,1245,'30.00','0.00','2018-10-04 09:51:38','2018-10-04 09:51:38'),(1189,1246,'1.00','0.00','2018-10-04 09:51:39','2018-10-04 09:51:39'),(1190,1247,'1.00','0.00','2018-10-04 09:51:39','2018-10-04 09:51:39'),(1191,1248,'1.00','0.00','2018-10-04 09:53:38','2018-10-04 09:53:38'),(1192,1249,'28.00','0.00','2018-10-04 09:53:38','2018-10-04 09:53:38'),(1193,1250,'40.00','0.00','2018-10-04 10:01:52','2018-10-04 10:01:52'),(1194,1251,'10.00','0.00','2018-10-04 10:01:52','2018-10-04 10:01:52'),(1195,1252,'10.00','0.00','2018-10-04 10:01:52','2018-10-04 10:01:52'),(1196,1253,'21.00','0.00','2018-10-04 10:01:52','2018-10-04 10:01:52'),(1197,1254,'2.00','0.00','2018-10-04 10:01:52','2018-10-04 10:01:52'),(1198,1255,'1.00','0.00','2018-10-04 10:01:52','2018-10-04 10:01:52'),(1199,1256,'4.00','0.00','2018-10-04 10:01:52','2018-10-04 10:01:52'),(1200,1257,'2.00','0.00','2018-10-04 10:03:57','2018-10-04 10:03:57'),(1201,1258,'17.00','0.00','2018-10-04 10:04:46','2018-10-04 10:04:46'),(1202,1259,'8.00','0.00','2018-10-04 10:05:39','2018-10-04 10:05:39'),(1203,1260,'13.00','0.00','2018-10-04 10:07:04','2018-10-04 10:07:04'),(1204,1261,'11.00','0.00','2018-10-04 10:07:04','2018-10-04 10:07:04'),(1205,1263,'1.00','0.00','2018-10-04 10:15:49','2018-10-04 10:15:49'),(1206,1264,'14.00','0.00','2018-10-04 10:15:49','2018-10-04 10:15:49'),(1207,1265,'8.00','0.00','2018-10-04 10:15:49','2018-10-04 10:15:49'),(1208,1266,'6.00','0.00','2018-10-04 10:15:49','2018-10-04 10:15:49'),(1209,1267,'24.00','0.00','2018-10-04 10:20:12','2018-10-04 10:20:12'),(1210,1268,'2.00','0.00','2018-10-04 10:20:12','2018-10-04 10:20:12'),(1211,1269,'4.00','0.00','2018-10-04 10:20:12','2018-10-04 10:20:12'),(1212,1270,'9.00','0.00','2018-10-04 10:20:12','2018-10-04 10:20:12'),(1213,1271,'2.00','0.00','2018-10-04 10:20:12','2018-10-04 10:20:12'),(1214,1272,'6.00','0.00','2018-10-04 10:22:44','2018-10-04 10:22:44'),(1215,1273,'2.00','0.00','2018-10-04 10:22:44','2018-10-04 10:22:44'),(1216,1274,'8.00','0.00','2018-10-04 10:25:35','2018-10-04 10:25:35'),(1217,1275,'1.00','0.00','2018-10-04 10:27:45','2018-10-04 10:27:45'),(1218,1276,'14.00','0.00','2018-10-04 10:29:17','2018-10-04 10:29:17'),(1219,1277,'1.00','0.00','2018-10-04 10:29:17','2018-10-04 10:29:17'),(1220,1278,'2.00','0.00','2018-10-04 10:30:08','2018-10-04 10:30:08'),(1221,1279,'21.00','0.00','2018-10-04 10:31:04','2018-10-04 10:31:04'),(1222,1280,'9.00','0.00','2018-10-04 10:36:22','2018-10-04 10:36:22'),(1223,1281,'1.00','0.00','2018-10-04 10:36:23','2018-10-04 10:36:23'),(1224,1282,'10.00','0.00','2018-10-04 11:04:13','2018-10-04 11:04:13'),(1225,1283,'11.00','0.00','2018-10-04 11:04:13','2018-10-04 11:04:13'),(1226,1284,'10.00','0.00','2018-10-04 11:07:56','2018-10-04 11:07:56'),(1227,1285,'37.00','0.00','2018-10-04 11:07:56','2018-10-04 11:07:56'),(1228,1286,'4.00','0.00','2018-10-04 11:07:56','2018-10-04 11:07:56'),(1229,1287,'9.00','0.00','2018-10-04 11:07:56','2018-10-04 11:07:56'),(1230,1288,'16.00','0.00','2018-10-04 11:16:33','2018-10-04 11:16:33'),(1231,1289,'7.00','0.00','2018-10-04 11:16:33','2018-10-04 11:16:33'),(1232,1290,'17.00','0.00','2018-10-04 11:16:33','2018-10-04 11:16:33'),(1233,1291,'12.00','0.00','2018-10-04 11:19:20','2018-10-04 11:19:20'),(1234,1292,'39.00','0.00','2018-10-04 11:20:45','2018-10-04 11:20:45'),(1235,1293,'23.00','0.00','2018-10-04 11:22:16','2018-10-04 11:22:16'),(1236,1294,'30.00','0.00','2018-10-04 11:24:38','2018-10-04 11:24:38'),(1237,1295,'20.00','0.00','2018-10-04 11:24:38','2018-10-04 11:24:38'),(1238,1296,'165.00','0.00','2018-10-04 11:27:10','2018-10-04 11:27:10'),(1239,1297,'23.00','0.00','2018-10-04 11:29:42','2018-10-04 11:29:42'),(1240,1298,'32.00','0.00','2018-10-04 11:30:49','2018-10-04 11:30:49'),(1241,1299,'6.00','0.00','2018-10-04 11:36:05','2018-10-04 11:36:05'),(1242,1300,'6.00','0.00','2018-10-04 11:37:29','2018-10-04 11:37:29'),(1243,1301,'97.00','0.00','2018-10-04 11:38:49','2018-10-04 11:38:49'),(1244,1302,'39.00','0.00','2018-10-04 11:41:02','2018-10-04 11:41:02'),(1245,1303,'24.00','0.00','2018-10-04 11:44:03','2018-10-04 11:44:03'),(1246,1304,'40.00','0.00','2018-10-04 11:48:46','2018-10-04 11:48:46'),(1247,1305,'40.00','0.00','2018-10-04 11:48:46','2018-10-04 11:48:46'),(1248,1306,'40.00','0.00','2018-10-04 11:48:46','2018-10-04 11:48:46'),(1249,1307,'100.00','0.00','2018-10-04 11:49:37','2018-10-04 11:49:37'),(1250,1308,'19.00','0.00','2018-10-04 11:51:31','2018-10-04 11:51:31'),(1251,1309,'13.00','0.00','2018-10-04 11:51:31','2018-10-04 11:51:31'),(1252,1310,'50.00','0.00','2018-10-04 11:54:36','2018-10-04 11:54:36'),(1253,1311,'9.00','0.00','2018-10-04 11:54:36','2018-10-04 11:54:36'),(1254,1312,'100.00','0.00','2018-10-04 11:58:11','2018-10-04 11:58:11'),(1255,1313,'100.00','0.00','2018-10-04 12:26:09','2018-10-04 12:26:09'),(1256,1314,'24.00','0.00','2018-10-04 12:36:29','2018-10-04 12:36:29'),(1257,1315,'12.00','0.00','2018-10-04 12:37:50','2018-10-04 12:37:50'),(1258,1316,'1.00','0.00','2018-10-04 12:39:35','2018-10-04 12:39:35'),(1259,1317,'50.00','0.00','2018-10-04 12:41:17','2018-10-04 12:41:17'),(1260,1318,'1.00','0.00','2018-10-04 12:41:17','2018-10-04 12:41:17'),(1261,1319,'91.00','0.00','2018-10-04 12:43:31','2018-10-04 12:43:31'),(1262,1320,'315.00','0.00','2018-10-04 12:45:04','2018-10-04 12:45:04'),(1263,1321,'40.00','0.00','2018-10-04 12:46:56','2018-10-04 12:46:56'),(1264,1322,'13.00','0.00','2018-10-04 12:46:56','2018-10-04 12:46:56'),(1265,1323,'20.00','0.00','2018-10-04 12:48:23','2018-10-04 12:48:23'),(1266,1324,'15.00','0.00','2018-10-04 12:50:45','2018-10-04 12:50:45'),(1267,1325,'12.00','0.00','2018-10-04 12:50:45','2018-10-04 12:50:45'),(1268,1326,'12.00','0.00','2018-10-04 12:50:45','2018-10-04 12:50:45'),(1269,1327,'12.00','0.00','2018-10-04 12:52:07','2018-10-04 12:52:07'),(1270,1328,'1.00','0.00','2018-10-04 12:54:57','2018-10-04 12:54:57'),(1271,1329,'6.00','0.00','2018-10-04 12:54:57','2018-10-04 12:54:57'),(1272,1330,'5.00','0.00','2018-10-04 13:17:05','2018-10-04 13:17:05'),(1273,1331,'12.00','0.00','2018-10-04 13:17:05','2018-10-04 13:17:05'),(1274,1332,'6.00','0.00','2018-10-04 13:20:59','2018-10-04 13:20:59'),(1275,1333,'12.00','0.00','2018-10-04 13:20:59','2018-10-04 13:20:59'),(1276,1334,'13.00','0.00','2018-10-04 13:20:59','2018-10-04 13:20:59'),(1277,1335,'8.00','0.00','2018-10-04 13:20:59','2018-10-04 13:20:59'),(1278,1336,'1.00','0.00','2018-10-04 13:23:09','2018-10-04 13:23:09'),(1279,1337,'187.00','0.00','2018-10-04 13:27:44','2018-10-04 13:27:44'),(1280,1338,'6.00','0.00','2018-10-04 13:34:04','2018-10-04 13:34:04'),(1281,1339,'38.00','0.00','2018-10-04 13:37:37','2018-10-04 13:37:37'),(1282,1340,'12.00','0.00','2018-10-04 13:39:44','2018-10-04 13:39:44'),(1283,1341,'20.00','0.00','2018-10-04 13:44:03','2018-10-04 13:44:03'),(1284,1342,'24.00','0.00','2018-10-04 13:46:02','2018-10-04 13:46:07'),(1285,1343,'20.00','0.00','2018-10-04 13:50:38','2018-10-04 13:50:38'),(1286,1344,'6.00','0.00','2018-10-04 13:56:04','2018-10-04 13:56:04'),(1287,1345,'5.00','0.00','2018-10-04 13:56:04','2018-10-04 13:56:04'),(1288,1346,'150.00','0.00','2018-10-04 13:57:21','2018-10-04 13:57:21'),(1289,1347,'6.00','0.00','2018-10-04 14:00:47','2018-10-04 14:00:47'),(1290,1348,'6.00','0.00','2018-10-04 14:00:47','2018-10-04 14:00:47'),(1291,1350,'9.00','0.00','2018-10-04 14:03:19','2018-10-04 14:03:19'),(1292,1351,'4.00','0.00','2018-10-04 14:04:37','2018-10-04 14:04:37'),(1293,1352,'2.00','0.00','2018-10-04 14:07:54','2018-10-04 14:07:54'),(1294,1353,'1.00','0.00','2018-10-04 14:08:59','2018-10-04 14:08:59'),(1295,1354,'11.00','0.00','2018-10-04 14:09:50','2018-10-04 14:09:50'),(1296,1355,'10.00','0.00','2018-10-04 14:11:52','2018-10-04 14:11:52'),(1297,1356,'10.00','0.00','2018-10-04 14:11:52','2018-10-04 14:11:52'),(1298,1357,'10.00','0.00','2018-10-04 14:11:52','2018-10-04 14:11:52'),(1299,1358,'10.00','0.00','2018-10-04 14:14:13','2018-10-04 14:14:13'),(1300,1359,'10.00','0.00','2018-10-04 14:14:13','2018-10-04 14:14:13'),(1301,1360,'20.00','0.00','2018-10-04 14:15:42','2018-10-04 14:15:42'),(1302,1361,'40.00','0.00','2018-10-04 14:18:16','2018-10-04 14:18:16'),(1303,1362,'40.00','0.00','2018-10-04 14:21:19','2018-10-04 14:21:19'),(1304,1363,'39.00','0.00','2018-10-04 14:21:19','2018-10-04 14:21:19'),(1305,1364,'40.00','0.00','2018-10-04 14:21:19','2018-10-04 14:21:19'),(1306,1365,'100.00','0.00','2018-10-04 14:23:02','2018-10-04 14:23:02'),(1307,1366,'1.00','0.00','2018-10-04 14:23:57','2018-10-04 14:23:57'),(1308,1367,'75.00','0.00','2018-10-04 14:24:50','2018-10-04 14:24:50'),(1309,1368,'12.00','0.00','2018-10-04 14:26:09','2018-10-04 14:26:09'),(1310,1369,'12.00','0.00','2018-10-04 14:28:30','2018-10-04 14:28:30'),(1311,1370,'12.00','0.00','2018-10-04 14:29:35','2018-10-04 14:29:35'),(1312,1371,'12.00','0.00','2018-10-04 14:30:43','2018-10-04 14:30:43'),(1313,1372,'1.00','0.00','2018-10-04 14:32:45','2018-10-04 14:32:45'),(1314,1373,'1.00','0.00','2018-10-04 14:32:45','2018-10-04 14:32:45'),(1315,1374,'1.00','0.00','2018-10-04 14:32:45','2018-10-04 14:32:45'),(1316,1375,'1.00','0.00','2018-10-04 14:37:08','2018-10-04 14:37:08'),(1317,1376,'1.00','0.00','2018-10-04 14:37:08','2018-10-04 14:37:08'),(1318,1377,'1.00','0.00','2018-10-04 14:37:08','2018-10-04 14:37:08'),(1319,1378,'1.00','0.00','2018-10-04 14:37:08','2018-10-04 14:37:08'),(1320,1379,'1.00','0.00','2018-10-04 14:39:27','2018-10-04 14:39:27'),(1321,1380,'1.00','0.00','2018-10-04 14:39:27','2018-10-04 14:39:27'),(1322,1381,'1.00','0.00','2018-10-04 14:39:27','2018-10-04 14:39:27'),(1323,1382,'2.00','0.00','2018-10-04 14:40:31','2018-10-04 14:40:31'),(1324,1383,'9.00','0.00','2018-10-04 14:41:22','2018-10-04 14:41:22'),(1325,1384,'3.00','0.00','2018-10-04 14:44:19','2018-10-04 14:44:19'),(1326,1386,'1.00','0.00','2018-10-04 14:45:05','2018-10-04 14:45:05'),(1327,1387,'12.00','0.00','2018-10-04 14:47:02','2018-10-04 14:47:02'),(1328,1388,'12.00','0.00','2018-10-04 14:49:13','2018-10-04 14:49:13'),(1329,1389,'1.00','0.00','2018-10-04 14:50:17','2018-10-04 14:50:17'),(1330,1390,'2.00','0.00','2018-10-04 14:52:46','2018-10-04 14:52:49'),(1331,1391,'10.00','0.00','2018-10-04 14:54:46','2018-10-04 14:54:46'),(1332,1392,'18.00','0.00','2018-10-08 08:42:06','2018-10-08 08:42:06');

/*Table structure for table `item_variations` */

DROP TABLE IF EXISTS `item_variations`;

CREATE TABLE `item_variations` (
  `id` int(10) unsigned NOT NULL AUTO_INCREMENT,
  `item_id` int(10) unsigned NOT NULL,
  `base_unit_id` int(10) unsigned NOT NULL,
  `base_price` decimal(8,2) NOT NULL DEFAULT '0.00',
  `selling_price` decimal(8,2) NOT NULL DEFAULT '0.00',
  `price_margin` decimal(8,2) DEFAULT '0.00',
  `name` text COLLATE utf8mb4_unicode_ci NOT NULL,
  `created_at` timestamp NULL DEFAULT NULL,
  `updated_at` timestamp NULL DEFAULT NULL,
  `category_id` int(10) unsigned DEFAULT NULL,
  `group_id` int(10) unsigned DEFAULT NULL,
  `brand_id` int(10) unsigned DEFAULT NULL,
  PRIMARY KEY (`id`),
  KEY `item_variations_item_id_foreign` (`item_id`),
  KEY `item_variations_base_unit_id_foreign` (`base_unit_id`),
  CONSTRAINT `item_variations_base_unit_id_foreign` FOREIGN KEY (`base_unit_id`) REFERENCES `units` (`id`),
  CONSTRAINT `item_variations_item_id_foreign` FOREIGN KEY (`item_id`) REFERENCES `items` (`id`)
) ENGINE=InnoDB AUTO_INCREMENT=1393 DEFAULT CHARSET=utf8mb4 COLLATE=utf8mb4_unicode_ci;

/*Data for the table `item_variations` */

insert  into `item_variations`(`id`,`item_id`,`base_unit_id`,`base_price`,`selling_price`,`price_margin`,`name`,`created_at`,`updated_at`,`category_id`,`group_id`,`brand_id`) values (56,49,1,'448.00','590.00','0.00','Good Lumber 2 x 8 x 8','2018-09-27 09:46:57','2018-09-27 10:30:00',NULL,NULL,NULL),(58,50,2,'50.00','100.00','0.00','sample','2018-09-27 10:25:35','2018-10-02 15:57:26',NULL,NULL,NULL),(59,49,1,'448.00','590.00','0.00','Good Lumber 2x8x8','2018-09-27 10:31:37','2018-09-27 10:31:37',NULL,NULL,NULL),(60,49,1,'840.00','1100.00','0.00','Good Lumer 2x10 x 12','2018-09-27 10:34:11','2018-09-27 10:34:11',NULL,NULL,NULL),(61,49,1,'560.00','735.00','0.00','Good Lumber 2 x 8 x 10','2018-09-27 11:07:45','2018-09-27 11:08:11',NULL,NULL,NULL),(62,49,1,'560.00','735.00','0.00','Good Lumber 2x8x10','2018-09-27 11:57:55','2018-09-27 11:57:55',NULL,NULL,NULL),(63,49,1,'760.00','1285.00','0.00','Good Lumber 2x8x12','2018-09-27 11:57:55','2018-09-27 11:59:11',NULL,NULL,NULL),(64,49,1,'480.00','580.00','0.00','Good  Lumber S4S /KD 1x6x12','2018-09-27 11:57:55','2018-09-27 11:57:55',NULL,NULL,NULL),(65,49,1,'243.00','275.00','0.00','Good Lumber S4S /KD 2x2x10','2018-09-27 11:57:55','2018-09-27 11:57:55',NULL,NULL,NULL),(66,51,9,'5388.00','6470.00','0.00','Alasco Blue PE Pipe  3/4','2018-09-27 12:09:02','2018-09-27 12:09:02',NULL,NULL,NULL),(67,51,9,'558.00','850.00','0.00','Alasco Blue PE Pipe  1','2018-09-27 12:09:02','2018-09-27 12:09:02',NULL,NULL,NULL),(68,51,9,'678.00','950.00','0.00','Alasco Blue PE Pipe  1/2','2018-09-27 12:09:02','2018-09-27 12:09:02',NULL,NULL,NULL),(69,51,1,'638.00','950.00','0.00','Black PE Pipe 3/4','2018-09-27 12:09:02','2018-09-27 12:09:02',NULL,NULL,NULL),(70,51,1,'754.00','900.00','0.00','Black PE Pipe 1','2018-09-27 12:09:02','2018-09-27 12:09:02',NULL,NULL,NULL),(71,52,1,'104.00','160.00','0.00','Bio pipe Orange S 600 2','2018-09-27 12:37:24','2018-09-27 12:37:24',NULL,NULL,NULL),(72,52,1,'195.00','300.00','0.00','Bio pipe Orange S 600 3','2018-09-27 12:37:24','2018-09-27 12:37:24',NULL,NULL,NULL),(73,52,1,'260.00','400.00','0.00','Bio pipe Orange S 600 4','2018-09-27 12:37:24','2018-09-27 12:37:24',NULL,NULL,NULL),(74,53,1,'152.00','200.00','0.00','Alasco  Orange Pipe \'S600 2','2018-09-27 12:46:37','2018-09-27 12:46:37',NULL,NULL,NULL),(75,53,1,'300.00','375.00','0.00','Alasco  Orange Pipe \'S600 3','2018-09-27 12:46:37','2018-09-27 12:46:37',NULL,NULL,NULL),(76,53,1,'400.00','500.00','0.00','Alasco  Orange Pipe \'S600 4','2018-09-27 12:46:37','2018-09-27 12:46:37',NULL,NULL,NULL),(77,53,1,'199.50','260.00','0.00','Alasco  Orange Pipe \'S1000 2','2018-09-27 12:46:37','2018-09-27 12:46:37',NULL,NULL,NULL),(78,53,1,'420.00','505.00','0.00','Alasco  Orange Pipe \'S1000 3','2018-09-27 12:46:37','2018-09-27 12:48:46',NULL,NULL,NULL),(79,54,1,'560.00','675.00','0.00','Alasco  Orange  Pipe \'S1000 4','2018-09-27 12:54:58','2018-09-27 12:54:58',NULL,NULL,NULL),(80,55,1,'61.60','90.00','0.00','Black Pipe 2','2018-09-27 13:05:17','2018-09-27 13:05:17',NULL,NULL,NULL),(81,55,1,'128.70','180.00','0.00','Black Pipe 3','2018-09-27 13:05:17','2018-09-27 13:05:17',NULL,NULL,NULL),(82,55,1,'168.30','300.00','0.00','Black Pipe 4','2018-09-27 13:05:17','2018-09-27 13:05:17',NULL,NULL,NULL),(83,56,1,'55.10','70.00','0.00','Alasco Blue Pipe 1/2','2018-09-27 13:14:00','2018-09-27 13:14:00',NULL,NULL,NULL),(84,56,1,'79.80','100.00','0.00','Alasco Blue Pipe 3/4','2018-09-27 13:14:00','2018-09-27 13:14:00',NULL,NULL,NULL),(85,56,1,'110.00','145.00','0.00','Alasco Blue Pipe 1','2018-09-27 13:14:00','2018-09-27 13:14:00',NULL,NULL,NULL),(86,56,1,'135.00','175.00','0.00','Alasco Blue Pipe 1 1/4','2018-09-27 13:14:00','2018-09-27 13:14:00',NULL,NULL,NULL),(87,56,1,'194.75','255.00','0.00','Alasco Blue Pipe 1 1/2','2018-09-27 13:14:00','2018-09-27 13:14:00',NULL,NULL,NULL),(88,56,1,'310.00','405.00','0.00','Alasco Blue Pipe 2','2018-09-27 13:14:00','2018-09-27 13:14:00',NULL,NULL,NULL),(89,57,1,'58.00','80.00','0.00','Alasco Electrical PIPE 1/2','2018-09-27 13:22:20','2018-09-27 13:22:20',NULL,NULL,NULL),(90,57,1,'76.00','95.00','0.00','Alasco Electrical PIPE 3/4','2018-09-27 13:22:20','2018-09-27 13:22:20',NULL,NULL,NULL),(91,57,1,'108.00','130.00','0.00','Alasco Electrical PIPE 1','2018-09-27 13:22:20','2018-09-27 13:22:20',NULL,NULL,NULL),(92,57,1,'220.00','265.00','0.00','Alasco Electrical PIPE 2','2018-09-27 13:22:20','2018-09-27 13:22:20',NULL,NULL,NULL),(93,58,1,'32.85','55.00','0.00','Atlanta Molding 1/2','2018-09-27 13:32:14','2018-09-27 13:32:14',NULL,NULL,NULL),(94,58,1,'45.00','65.00','0.00','Atlanta Molding 3/4','2018-09-27 13:32:14','2018-09-27 13:32:14',NULL,NULL,NULL),(95,58,1,'75.00','105.00','0.00','Atlanta Molding 1','2018-09-27 13:32:14','2018-09-27 13:32:14',NULL,NULL,NULL),(96,58,1,'36.00','65.00','0.00','Atlanta Molding 5/8','2018-09-27 13:32:14','2018-09-27 13:32:14',NULL,NULL,NULL),(97,58,1,'14.00','25.00','0.00','Economy White Molding 1/2  Manipis','2018-09-27 13:32:14','2018-09-27 13:32:14',NULL,NULL,NULL),(98,59,1,'275.00','360.00','0.00','Select  plywood 1/4','2018-09-27 13:44:56','2018-09-27 13:44:56',NULL,NULL,NULL),(99,59,1,'730.00','820.00','0.00','WEF 1/2','2018-09-27 13:44:56','2018-09-27 13:44:56',NULL,NULL,NULL),(100,59,1,'615.00','720.00','0.00','Well wood  plywood 1/2','2018-09-27 13:44:56','2018-09-27 13:44:56',NULL,NULL,NULL),(101,60,1,'415.00','495.00','0.00','Nebraska   1/4','2018-09-27 13:48:01','2018-09-27 13:48:01',NULL,NULL,NULL),(102,60,1,'365.00','425.00','0.00','WFE 1/4','2018-09-27 13:48:01','2018-09-27 13:48:01',NULL,NULL,NULL),(103,60,1,'332.00','400.00','0.00','Well Wood 1/4','2018-09-27 13:51:50','2018-09-27 13:51:50',NULL,NULL,NULL),(104,60,1,'740.00','865.00','0.00','WFE 1/2','2018-09-27 13:51:50','2018-09-27 13:51:50',NULL,NULL,NULL),(105,60,1,'620.00','720.00','0.00','Well Wood 1/2','2018-09-27 13:51:50','2018-09-27 13:51:50',NULL,NULL,NULL),(106,61,1,'780.00','950.00','0.00','Crocodile 1/2','2018-09-27 13:55:14','2018-09-27 13:55:14',NULL,NULL,NULL),(107,61,1,'960.00','1150.00','0.00','Crocodile 3/4','2018-09-27 13:55:14','2018-09-27 13:55:14',NULL,NULL,NULL),(108,62,1,'177.00','220.00','0.00','Gypsum Board 10 mm','2018-09-27 13:59:30','2018-09-27 13:59:30',NULL,NULL,NULL),(109,63,1,'85.00','130.00','0.00','Ordinary','2018-09-27 14:02:31','2018-10-08 09:22:03',NULL,NULL,NULL),(110,63,1,'216.00','260.00','0.00','Makapal','2018-09-27 14:02:31','2018-09-27 14:02:31',NULL,NULL,NULL),(111,64,1,'85.00','13.00','0.00','Ordinary','2018-09-27 14:06:08','2018-09-27 14:06:08',NULL,NULL,NULL),(112,64,1,'260.00','0.00','0.00','Makapal','2018-09-27 14:06:08','2018-09-27 14:06:08',NULL,NULL,NULL),(113,65,7,'5.40','10.00','0.00','Flexible Hose  1/2','2018-09-27 14:13:38','2018-09-27 14:13:38',NULL,NULL,NULL),(114,65,7,'7.95','12.00','0.00','Flexible Hose  3/4','2018-09-27 14:13:38','2018-10-05 10:11:59',NULL,NULL,NULL),(115,66,4,'62.00','85.00','0.00','GI Wire #18','2018-09-27 14:16:24','2018-09-27 14:16:24',NULL,NULL,NULL),(116,66,4,'60.00','80.00','0.00','GI Wire #16','2018-09-27 14:16:24','2018-09-27 14:16:24',NULL,NULL,NULL),(117,67,4,'72.00','95.00','0.00','Concrete Nail 1','2018-09-27 14:23:59','2018-09-27 14:23:59',NULL,NULL,NULL),(118,67,4,'72.00','95.00','0.00','Concrete Nail 1 1/2','2018-09-27 14:23:59','2018-09-27 14:23:59',NULL,NULL,NULL),(119,67,4,'72.00','95.00','0.00','Concrete Nail 2','2018-09-27 14:23:59','2018-09-27 14:23:59',NULL,NULL,NULL),(120,67,4,'72.00','95.00','0.00','Concrete Nail 2 1/2','2018-09-27 14:23:59','2018-09-27 14:23:59',NULL,NULL,NULL),(121,67,4,'72.00','95.00','0.00','Concrete Nail 3','2018-09-27 14:23:59','2018-09-27 14:23:59',NULL,NULL,NULL),(122,67,4,'72.00','95.00','0.00','Concrete Nail 4','2018-09-27 14:23:59','2018-09-27 14:23:59',NULL,NULL,NULL),(123,68,2,'54.40','80.00','0.00','CWN Common Nail 1','2018-09-27 14:30:10','2018-10-05 10:06:14',NULL,NULL,NULL),(124,68,4,'52.00','80.00','0.00','CWN Common Nail 1 1/2','2018-09-27 14:30:10','2018-10-05 10:06:57',NULL,NULL,NULL),(125,68,4,'49.60','80.00','0.00','CWN Common Nail 2 1/2','2018-09-27 14:30:10','2018-10-05 10:07:55',NULL,NULL,NULL),(126,68,4,'42.80','80.00','0.00','CWN Common Nail 2','2018-09-27 14:30:10','2018-10-05 10:08:21',NULL,NULL,NULL),(127,68,4,'47.20','75.00','0.00','CWN Common Nail 3','2018-09-27 14:30:10','2018-10-05 10:08:50',NULL,NULL,NULL),(128,68,4,'46.00','75.00','0.00','CWN Common Nail 4','2018-09-27 14:30:10','2018-10-05 10:09:19',NULL,NULL,NULL),(129,69,4,'48.00','95.00','0.00','Finishing Nails  1','2018-09-27 14:34:02','2018-09-27 14:34:02',NULL,NULL,NULL),(130,69,4,'45.00','95.00','0.00','Finishing Nails  1 1/2','2018-09-27 14:34:02','2018-09-27 14:34:02',NULL,NULL,NULL),(131,69,4,'42.40','95.00','0.00','Finishing Nails 2','2018-09-27 14:34:02','2018-09-27 14:34:02',NULL,NULL,NULL),(132,70,4,'65.00','90.00','0.00','Twisted Nail','2018-09-27 14:40:43','2018-09-27 14:40:43',NULL,NULL,NULL),(133,71,1,'5.50','12.00','0.00','Hippo Paint Brush 1/2','2018-09-27 14:52:45','2018-09-27 14:52:45',NULL,NULL,NULL),(134,71,1,'39.00','75.00','0.00','Hippo Paint Brush 3','2018-09-27 14:52:45','2018-09-27 14:52:45',NULL,NULL,NULL),(135,71,1,'6.00','12.00','0.00','Falcon Paint Brush 1/2','2018-09-27 14:52:45','2018-09-27 14:52:45',NULL,NULL,NULL),(136,71,1,'8.00','15.00','0.00','Falcon Paint Brush 3/4','2018-09-27 14:52:45','2018-09-27 14:52:45',NULL,NULL,NULL),(137,71,1,'10.00','20.00','0.00','Falcon Paint Brush 1','2018-09-27 14:52:45','2018-09-27 14:52:45',NULL,NULL,NULL),(138,71,1,'14.50','30.00','0.00','Falcon Paint Brush 1 1/2','2018-09-27 14:52:45','2018-09-27 14:52:45',NULL,NULL,NULL),(139,71,1,'21.50','45.00','0.00','Falcon Paint Brush 2','2018-09-27 14:52:45','2018-09-27 14:52:45',NULL,NULL,NULL),(140,71,1,'40.00','75.00','0.00','Falcon Paint Brush 3','2018-09-27 14:52:45','2018-09-27 14:52:45',NULL,NULL,NULL),(141,71,1,'62.50','95.00','0.00','Falcon Paint Brush 4','2018-09-27 14:52:45','2018-09-27 14:52:45',NULL,NULL,NULL),(142,72,1,'23.00','45.00','0.00','High Tech  Baby Roller 4','2018-09-27 15:03:28','2018-09-27 15:03:38',NULL,NULL,NULL),(143,72,1,'45.00','60.00','0.00','Storch  Baby Roller 4','2018-09-27 15:03:28','2018-09-27 15:03:38',NULL,NULL,NULL),(144,72,1,'63.00','90.00','0.00','Acrylon  Roller 7','2018-09-27 15:03:28','2018-09-27 15:03:38',NULL,NULL,NULL),(145,73,1,'18.00','30.00','0.00','High Tech Baby Filler','2018-09-27 15:08:41','2018-09-27 15:08:41',NULL,NULL,NULL),(146,73,1,'30.00','50.00','0.00','Storch Baby Filler','2018-09-27 15:08:41','2018-09-27 15:08:41',NULL,NULL,NULL),(147,73,1,'38.50','60.00','0.00','Acrylon Filler  #7','2018-09-27 15:08:41','2018-09-27 15:08:41',NULL,NULL,NULL),(148,74,1,'19.00','45.00','0.00','Paint  Roller Tray','2018-09-27 15:11:00','2018-09-27 15:11:00',NULL,NULL,NULL),(149,75,1,'15.30','25.00','0.00','Mech GI Bus. Reducer 3 x 8 x 1/2','2018-09-27 15:47:39','2018-09-27 15:47:39',NULL,NULL,NULL),(150,75,1,'25.20','40.00','0.00','Mech GI Bus. Reducer 1 x 1/2','2018-09-27 15:47:39','2018-09-27 15:47:39',NULL,NULL,NULL),(151,75,1,'25.50','45.00','0.00','Mech GI Bus. Reducer 1 x 3/4','2018-09-27 15:47:39','2018-09-27 15:47:39',NULL,NULL,NULL),(152,75,1,'19.13','30.00','0.00','Mech GI Bus. Reducer  1/2 x 1/4','2018-09-27 15:47:39','2018-09-27 15:47:39',NULL,NULL,NULL),(153,75,1,'21.45','30.00','0.00','Mech GI Bus. Reducer 1/2 x 3/4','2018-09-27 15:47:39','2018-09-27 15:47:39',NULL,NULL,NULL),(154,75,1,'41.50','70.00','0.00','Mech GI Bus. Reducer 1/4 x 1/2','2018-09-27 15:47:39','2018-09-27 15:47:39',NULL,NULL,NULL),(155,75,1,'83.00','135.00','0.00','Mech GI Bus. Reducer 1 1/4 x 2','2018-09-27 15:47:39','2018-09-27 15:47:39',NULL,NULL,NULL),(156,75,1,'103.88','180.00','0.00','Mech GI Bus. Reducer 11/2 x 2','2018-09-27 15:47:39','2018-09-27 15:47:39',NULL,NULL,NULL),(157,75,1,'41.50','70.00','0.00','Mech GI Bus. Reducer 1/4  x 1/2','2018-09-27 15:47:39','2018-09-27 15:47:39',NULL,NULL,NULL),(158,75,1,'41.50','70.00','0.00','Mech GI Bus. Reducer 1 1/4 x 3/4','2018-09-27 15:47:39','2018-09-27 15:47:39',NULL,NULL,NULL),(159,75,1,'41.50','70.00','0.00','Mech GI Bus. Reducer 1 1/4  x 1','2018-09-27 15:47:39','2018-09-27 15:47:39',NULL,NULL,NULL),(160,76,1,'24.30','40.00','0.00','Mech Gi Sock Reducer 1/2 x 3/4','2018-09-27 16:02:20','2018-09-27 16:02:20',NULL,NULL,NULL),(161,76,1,'17.55','30.00','0.00','Mech Gi Sock Reducer 1/2 x 3/8','2018-09-27 16:02:20','2018-09-27 16:02:20',NULL,NULL,NULL),(162,76,1,'32.85','55.00','0.00','TMech Gi Sock Reducer 1/2 x 1','2018-09-27 16:02:20','2018-09-27 16:02:20',NULL,NULL,NULL),(163,76,1,'32.85','55.00','0.00','Mech Gi Sock Reducer 3/4 x 1','2018-09-27 16:02:20','2018-09-27 16:02:20',NULL,NULL,NULL),(164,76,1,'48.37','80.00','0.00','Mech Gi Sock Reducer 1/2 x 1 1/4','2018-09-27 16:02:20','2018-09-27 16:02:20',NULL,NULL,NULL),(165,76,1,'48.37','80.00','0.00','Mech Gi Sock Reducer 1 1/4 x 1/2','2018-09-27 16:02:20','2018-09-27 16:02:20',NULL,NULL,NULL),(166,76,1,'89.77','145.00','0.00','Mech Gi Sock Reducer 1 1/4 x 2','2018-09-27 16:02:20','2018-09-27 16:02:20',NULL,NULL,NULL),(167,76,1,'112.50','180.00','0.00','Mech Gi Sock Reducer 2 x11/4','2018-09-27 16:02:20','2018-09-27 16:02:20',NULL,NULL,NULL),(168,77,1,'14.85','25.00','0.00','Mec GI End Cap   1/2','2018-09-27 16:09:59','2018-09-27 16:16:34',NULL,NULL,NULL),(169,77,1,'20.25','35.00','0.00','Mec GI End Cap 3/4','2018-09-27 16:09:59','2018-09-27 16:16:03',NULL,NULL,NULL),(170,77,1,'29.02','50.00','0.00','Mec GI End Cap 1','2018-09-27 16:09:59','2018-09-27 16:15:30',NULL,NULL,NULL),(171,77,1,'58.05','100.00','0.00','Mec GI End Cap 1 1/4','2018-09-27 16:09:59','2018-09-27 16:18:06',NULL,NULL,NULL),(172,77,1,'44.55','75.00','0.00','Mec GI End Cap 1 1/2','2018-09-27 16:09:59','2018-09-27 16:13:46',NULL,NULL,NULL),(173,77,1,'70.00','135.00','0.00','Mec GI End Cap 2','2018-09-27 16:09:59','2018-09-27 16:13:09',NULL,NULL,NULL),(174,78,1,'22.88','35.00','0.00','Gi Straight Elbow  1/2','2018-09-27 16:24:14','2018-09-27 16:24:14',NULL,NULL,NULL),(175,78,1,'29.02','50.00','0.00','Gi Straight Elbow 3/4','2018-09-27 16:24:14','2018-09-27 16:24:14',NULL,NULL,NULL),(176,78,1,'46.35','75.00','0.00','Gi Straight Elbow 1','2018-09-27 16:24:14','2018-09-27 16:24:14',NULL,NULL,NULL),(177,78,1,'85.50','140.00','0.00','Gi Straight Elbow 1 1/4','2018-09-27 16:24:14','2018-09-27 16:24:14',NULL,NULL,NULL),(178,78,1,'99.00','160.00','0.00','Gi Straight Elbow 1 1/2','2018-09-27 16:24:14','2018-09-27 16:24:14',NULL,NULL,NULL),(179,78,1,'150.00','240.00','0.00','Gi Straight Elbow 2','2018-09-27 16:24:14','2018-09-27 16:24:14',NULL,NULL,NULL),(180,79,1,'29.00','50.00','0.00','Mech Gi Elbow Reducer 1/2 x 3/4','2018-09-27 16:33:37','2018-09-27 16:33:37',NULL,NULL,NULL),(181,79,1,'46.35','35.00','0.00','Mech Gi Elbow Reducer 1 x 3/4','2018-09-27 16:33:37','2018-09-27 16:33:37',NULL,NULL,NULL),(182,80,1,'63.90','105.00','0.00','Mech GI Tee Reducer 1 x 1/2','2018-09-27 16:36:55','2018-09-27 16:36:55',NULL,NULL,NULL),(183,80,1,'40.50','65.00','0.00','Mech GI Tee Reducer 3/4 x 1/2','2018-09-27 16:36:55','2018-09-27 16:36:55',NULL,NULL,NULL),(184,81,1,'19.20','40.00','0.00','France Coupling 1/2','2018-09-27 16:43:05','2018-09-27 16:43:05',NULL,NULL,NULL),(185,81,1,'28.80','55.00','0.00','France Coupling 3/4','2018-09-27 16:43:05','2018-09-27 16:43:05',NULL,NULL,NULL),(186,81,1,'37.20','70.00','0.00','France Coupling 1','2018-09-27 16:43:05','2018-09-27 16:43:05',NULL,NULL,NULL),(187,81,1,'61.44','100.00','0.00','France Coupling  1 1/4','2018-09-27 16:43:05','2018-09-27 16:43:05',NULL,NULL,NULL),(188,81,1,'96.00','155.00','0.00','France Coupling 1/2','2018-09-27 16:43:05','2018-09-27 16:43:05',NULL,NULL,NULL),(189,82,1,'12.50','20.00','0.00','Mech. GI Plug  1/2','2018-09-28 09:17:45','2018-09-28 09:17:45',NULL,NULL,NULL),(190,82,1,'15.07','25.00','0.00','Mech. GI Plug 3/4','2018-09-28 09:17:45','2018-09-28 09:17:45',NULL,NULL,NULL),(191,82,1,'20.92','35.00','0.00','Mech. GI Plug 1','2018-09-28 09:17:45','2018-09-28 09:17:45',NULL,NULL,NULL),(192,82,1,'31.86','55.00','0.00','Mech. GI Plug 1/4','2018-09-28 09:17:45','2018-09-28 09:17:45',NULL,NULL,NULL),(193,82,1,'37.80','65.00','0.00','Mech. GI Plug 1 1/2','2018-09-28 09:17:46','2018-09-28 09:17:46',NULL,NULL,NULL),(194,82,1,'52.20','90.00','0.00','Mech. GI Plug 2','2018-09-28 09:17:46','2018-09-28 09:17:46',NULL,NULL,NULL),(195,83,1,'17.81','35.00','0.00','Mech GI  Coupling 1/2','2018-09-28 09:24:59','2018-09-28 09:24:59',NULL,NULL,NULL),(196,83,1,'18.22','40.00','0.00','Mech GI  Coupling 3/4','2018-09-28 09:25:00','2018-09-28 09:25:00',NULL,NULL,NULL),(197,83,1,'30.37','50.00','0.00','Mech GI  Coupling 1','2018-09-28 09:25:00','2018-09-28 09:25:00',NULL,NULL,NULL),(198,83,1,'43.20','70.00','0.00','Mech GI  Coupling 1 1/4','2018-09-28 09:25:00','2018-09-28 09:25:00',NULL,NULL,NULL),(199,83,1,'52.20','85.00','0.00','Mech GI  Coupling 1 1/2','2018-09-28 09:25:00','2018-09-28 09:25:00',NULL,NULL,NULL),(200,83,1,'82.35','135.00','0.00','Mech GI  Coupling 2','2018-09-28 09:25:00','2018-09-28 09:25:00',NULL,NULL,NULL),(201,84,1,'58.05','95.00','0.00','Mech Gi U Patente 1/2','2018-09-28 10:03:18','2018-09-28 10:03:18',NULL,NULL,NULL),(202,84,1,'70.87','115.00','0.00','Mech Gi U Patente 3/4','2018-09-28 10:03:18','2018-09-28 10:03:18',NULL,NULL,NULL),(203,84,1,'86.85','140.00','0.00','Mech Gi U Patente 1','2018-09-28 10:03:18','2018-09-28 10:03:18',NULL,NULL,NULL),(204,84,1,'123.52','200.00','0.00','Mech Gi U Patente 1 1/4','2018-09-28 10:03:18','2018-09-28 10:03:18',NULL,NULL,NULL),(205,84,1,'164.02','265.00','0.00','Mech Gi U Patente 1 1/2','2018-09-28 10:03:18','2018-09-28 10:03:18',NULL,NULL,NULL),(206,84,1,'245.02','395.00','0.00','Mech Gi U Patente','2018-09-28 10:03:18','2018-09-28 10:03:18',NULL,NULL,NULL),(207,85,1,'28.63','45.00','0.00','Mech  Gi  Tee 1/2','2018-09-28 10:41:20','2018-09-28 10:41:20',NULL,NULL,NULL),(208,85,1,'33.30','55.00','0.00','Mech  Gi  Tee 3/4','2018-09-28 10:41:20','2018-09-28 10:41:20',NULL,NULL,NULL),(209,85,1,'83.70','135.00','0.00','Mech  Gi  Tee # 1 1/4','2018-09-28 10:41:20','2018-09-28 10:41:20',NULL,NULL,NULL),(210,85,1,'156.60','250.00','0.00','Mech  Gi  Tee 2','2018-09-28 10:41:20','2018-09-28 10:41:20',NULL,NULL,NULL),(211,86,1,'18.22','35.00','0.00','Mech  Gi Elbow 1/2','2018-09-28 10:59:54','2018-09-28 10:59:54',NULL,NULL,NULL),(212,86,1,'26.77','50.00','0.00','Mech  Gi Elbow  3/4','2018-09-28 10:59:54','2018-09-28 10:59:54',NULL,NULL,NULL),(213,86,1,'39.02','65.00','0.00','Mech  Gi Elbow 1','2018-09-28 10:59:55','2018-09-28 10:59:55',NULL,NULL,NULL),(214,86,1,'59.00','95.00','0.00','Mech  Gi Elbow 1 1/4','2018-09-28 10:59:55','2018-09-28 10:59:55',NULL,NULL,NULL),(215,86,1,'79.65','130.00','0.00','Mech  Gi Elbow 1 1/2','2018-09-28 10:59:55','2018-09-28 10:59:55',NULL,NULL,NULL),(217,87,1,'4.72','12.00','0.00','ALASCO BLUE elbow 1/2 ( P )','2018-09-28 11:08:45','2018-09-28 11:08:45',NULL,NULL,NULL),(218,87,1,'6.72','12.00','0.00','ALASCO BLUE elbow  1/2 ( T)','2018-09-28 11:08:45','2018-09-28 11:08:45',NULL,NULL,NULL),(219,87,1,'7.20','15.00','0.00','ALASCO BLUE elbow 3/4 (P)','2018-09-28 11:08:45','2018-09-28 11:08:45',NULL,NULL,NULL),(220,87,1,'7.20','15.00','0.00','ALASCO BLUE elbow 3/4 ( T)','2018-09-28 11:08:45','2018-09-28 11:08:45',NULL,NULL,NULL),(221,87,1,'10.20','20.00','0.00','ALASCO BLUE elbow 1','2018-09-28 11:08:45','2018-09-28 11:08:45',NULL,NULL,NULL),(222,87,1,'15.90','35.00','0.00','ALASCO BLUE elbow 1 1/4','2018-09-28 11:08:45','2018-09-28 11:08:45',NULL,NULL,NULL),(223,87,1,'24.75','40.00','0.00','ALASCO BLUE elbow 1 1/2','2018-09-28 11:08:45','2018-09-28 11:08:45',NULL,NULL,NULL),(224,87,1,'40.16','55.00','0.00','ALASCO BLUE elbow 2','2018-09-28 11:08:45','2018-09-28 11:08:45',NULL,NULL,NULL),(225,88,1,'7.20','18.00','0.00','ALASCO BLUE TEE 1/2 ( P)','2018-09-28 11:16:46','2018-09-28 11:16:46',NULL,NULL,NULL),(226,88,1,'7.92','12.00','0.00','ALASCO BLUE TEE 1/2 ( T)','2018-09-28 11:16:46','2018-09-28 11:16:46',NULL,NULL,NULL),(227,88,1,'10.00','15.00','0.00','ALASCO BLUE TEE  3/4( P)','2018-09-28 11:16:46','2018-09-28 11:16:46',NULL,NULL,NULL),(228,88,1,'10.00','15.00','0.00','ALASCO BLUE TEE 3/4 ( T)','2018-09-28 11:16:46','2018-09-28 11:16:46',NULL,NULL,NULL),(229,88,1,'18.00','25.00','0.00','ALASCO BLUE TEE 1','2018-09-28 11:16:46','2018-09-28 11:16:46',NULL,NULL,NULL),(230,88,1,'26.00','35.00','0.00','ALASCO BLUE TEE 1 1/4','2018-09-28 11:16:46','2018-09-28 11:16:46',NULL,NULL,NULL),(231,88,1,'38.00','50.00','0.00','ALASCO BLUE TEE 1 1/2','2018-09-28 11:16:46','2018-09-28 11:16:46',NULL,NULL,NULL),(232,88,1,'66.00','90.00','0.00','ALASCO BLUE TEE 2','2018-09-28 11:16:46','2018-09-28 11:16:46',NULL,NULL,NULL),(233,89,1,'5.32','12.00','0.00','Alasco Blue  Male Adaptor 1/2','2018-09-28 11:47:15','2018-09-28 11:47:15',NULL,NULL,NULL),(234,89,1,'6.56','15.00','0.00','Alasco Blue  Male  Adaptor 3/4','2018-09-28 11:47:15','2018-09-28 11:47:15',NULL,NULL,NULL),(235,89,1,'10.40','18.00','0.00','Alasco Blue  Male  Adaptor 1','2018-09-28 11:47:15','2018-09-28 11:47:15',NULL,NULL,NULL),(236,89,1,'15.40','25.00','0.00','Alasco Blue  Male  Adaptor 1 1/4','2018-09-28 11:47:15','2018-09-28 11:47:15',NULL,NULL,NULL),(237,89,1,'21.60','35.00','0.00','Alasco Blue  Male  Adaptor  1 1/2','2018-09-28 11:47:15','2018-09-28 11:47:15',NULL,NULL,NULL),(238,89,1,'38.96','60.00','0.00','Alasco Blue  Male  Adaptor  2','2018-09-28 11:47:15','2018-09-28 11:47:15',NULL,NULL,NULL),(239,89,1,'5.32','12.00','0.00','Alasco Blue Female  Adaptor','2018-09-28 11:52:29','2018-09-28 11:52:29',NULL,NULL,NULL),(241,90,1,'22.65','35.00','0.00','ALASCO BLUE  U PATENTE 1/2 ( p)','2018-09-28 12:35:45','2018-09-28 12:35:45',NULL,NULL,NULL),(242,90,1,'21.00','45.00','0.00','ALASCO BLUE  U PATENTE 3/4','2018-09-28 12:35:45','2018-09-28 12:35:45',NULL,NULL,NULL),(243,90,1,'46.00','65.00','0.00','ALASCO BLUE  U PATENTE 1','2018-09-28 12:35:45','2018-09-28 12:35:45',NULL,NULL,NULL),(244,91,1,'4.30','10.00','0.00','Crown Blue Bushing 1/2 ( p)','2018-09-28 12:39:40','2018-09-28 12:39:40',NULL,NULL,NULL),(245,91,1,'5.80','12.00','0.00','Crown Blue Bushing 3/4','2018-09-28 12:39:40','2018-09-28 12:39:40',NULL,NULL,NULL),(246,91,1,'8.20','20.00','0.00','Crown Blue Bushing 1','2018-09-28 12:39:40','2018-09-28 12:39:40',NULL,NULL,NULL),(247,92,1,'3.00','8.00','0.00','Alasco Blue End Cap 1/2','2018-09-28 12:45:05','2018-09-28 12:45:05',NULL,NULL,NULL),(248,92,1,'6.40','15.00','0.00','Alasco Blue End Cap 1','2018-09-28 12:45:05','2018-09-28 12:45:05',NULL,NULL,NULL),(249,92,1,'22.50','25.00','0.00','Alasco Blue End Cap 2','2018-09-28 12:45:05','2018-09-28 12:45:05',NULL,NULL,NULL),(250,93,1,'3.20','5.50','0.00','Alasco Blue Coupling 1/2','2018-09-28 13:45:09','2018-09-28 13:45:09',NULL,NULL,NULL),(251,93,1,'4.80','12.00','0.00','Alasco Blue Coupling 3/4','2018-09-28 13:45:09','2018-09-28 13:45:09',NULL,NULL,NULL),(252,93,1,'12.00','15.00','0.00','Alasco Blue Coupling  1','2018-09-28 13:45:09','2018-09-28 13:45:09',NULL,NULL,NULL),(253,93,1,'9.60','20.00','0.00','Alasco Blue Coupling 1 1/4','2018-09-28 13:45:09','2018-09-28 13:45:09',NULL,NULL,NULL),(254,93,1,'14.40','25.00','0.00','Alasco Blue Coupling  1 1/2','2018-09-28 13:45:09','2018-09-28 13:45:09',NULL,NULL,NULL),(255,93,1,'24.00','40.00','0.00','Alasco Blue Coupling  2','2018-09-28 13:45:10','2018-09-28 13:45:10',NULL,NULL,NULL),(256,94,1,'5.32','15.00','0.00','Alasco Blue Coup Reducer 1/2 x 3/4','2018-09-28 13:52:40','2018-09-28 13:52:40',NULL,NULL,NULL),(257,94,1,'8.48','20.00','0.00','Alasco Blue Coup Reducer  3/4 x 1','2018-09-28 13:52:40','2018-09-28 13:52:40',NULL,NULL,NULL),(258,94,1,'12.00','25.00','0.00','Alasco Blue Coup Reducer  1 1/4','2018-09-28 13:52:40','2018-09-28 13:52:40',NULL,NULL,NULL),(259,94,1,'12.00','25.00','0.00','Alasco Blue Coup Reducer  1/4 x 3/4','2018-09-28 13:52:40','2018-09-28 13:52:40',NULL,NULL,NULL),(260,95,1,'15.00','25.00','0.00','Alasco Blue TEE  Red 1/2 x3/4','2018-09-28 14:34:43','2018-09-28 14:34:43',NULL,NULL,NULL),(261,96,1,'5.71','12.00','0.00','Crown Orange Elbow 1/2','2018-09-28 14:38:29','2018-09-28 14:38:29',NULL,NULL,NULL),(262,96,1,'8.10','15.00','0.00','Crown Orange Elbow 3/4','2018-09-28 14:38:29','2018-09-28 14:38:29',NULL,NULL,NULL),(263,97,1,'9.75','20.00','0.00','Alasco Long Elbow 1/2','2018-09-28 14:48:03','2018-09-28 14:48:03',NULL,NULL,NULL),(264,97,1,'14.40','30.00','0.00','Alasco Long Elbow 3/4','2018-09-28 14:48:03','2018-09-28 14:48:03',NULL,NULL,NULL),(265,97,1,'28.80','40.00','0.00','Alasco Long Elbow 1','2018-09-28 14:48:03','2018-09-28 14:48:03',NULL,NULL,NULL),(266,98,1,'8.40','12.00','0.00','ECODEX Male Adaptor w. nut 1/2','2018-09-28 14:55:02','2018-09-28 14:55:02',NULL,NULL,NULL),(267,98,1,'10.50','15.00','0.00','ECODEX Male Adaptor w. nut 3/4','2018-09-28 14:55:02','2018-09-28 14:55:02',NULL,NULL,NULL),(268,98,1,'12.60','18.00','0.00','ECODEX Male Adaptor w. nut  1','2018-09-28 14:55:02','2018-09-28 14:55:02',NULL,NULL,NULL),(269,99,1,'5.50','10.00','0.00','Polyflex Connector 1/2','2018-09-28 15:02:03','2018-09-28 15:02:03',NULL,NULL,NULL),(270,100,1,'1.00','2.00','0.00','Poly Orange Clam  1/2','2018-09-28 15:06:32','2018-09-28 15:06:32',NULL,NULL,NULL),(271,100,1,'1.12','3.00','0.00','Poly Orange Clam  3/4','2018-09-28 15:06:32','2018-09-28 15:06:32',NULL,NULL,NULL),(272,100,1,'1.42','4.00','0.00','Poly Orange Clam # 1','2018-09-28 15:06:32','2018-09-28 15:06:32',NULL,NULL,NULL),(273,101,1,'7.00','10.00','0.00','Orange Male Adaptor','2018-09-28 15:08:45','2018-09-28 15:08:45',NULL,NULL,NULL),(274,101,1,'10.00','15.00','0.00','Orange Male Adaptor','2018-09-28 15:08:45','2018-09-28 15:08:45',NULL,NULL,NULL),(275,102,1,'9.52','20.00','0.00','GI Nipple Astm 40  1/2 xC','2018-09-28 15:22:05','2018-09-28 15:22:05',NULL,NULL,NULL),(276,102,1,'11.76','20.00','0.00','GI Nipple Astm 40 1/2 x2','2018-09-28 15:22:05','2018-09-28 15:22:05',NULL,NULL,NULL),(277,102,1,'14.84','30.00','0.00','GI Nipple Astm 40 1/2 x3','2018-09-28 15:22:05','2018-09-28 15:22:05',NULL,NULL,NULL),(278,102,1,'17.64','35.00','0.00','GI Nipple Astm 40 1/2 x4','2018-09-28 15:22:05','2018-09-28 15:22:05',NULL,NULL,NULL),(279,102,1,'24.34','45.00','0.00','GI Nipple Astm 40 1/2 x5','2018-09-28 15:22:05','2018-09-28 15:22:05',NULL,NULL,NULL),(280,102,1,'27.44','50.00','0.00','GI Nipple Astm  40 1/2 x6','2018-09-28 15:22:05','2018-09-28 15:22:05',NULL,NULL,NULL),(281,102,1,'36.40','60.00','0.00','GI Nipple Astm  40  1/2 x8','2018-09-28 15:22:05','2018-09-28 15:22:05',NULL,NULL,NULL),(282,102,1,'43.12','75.00','0.00','GI Nipple Astm  40  1/2 x10','2018-09-28 15:22:05','2018-09-28 15:22:05',NULL,NULL,NULL),(283,102,1,'49.28','85.00','0.00','GI Nipple Astm  40 1/2 x12','2018-09-28 15:22:05','2018-09-28 15:22:05',NULL,NULL,NULL),(284,103,1,'11.76','25.00','0.00','GI Nipple Astm 40  3/4 x C','2018-09-28 15:31:11','2018-09-28 15:31:11',NULL,NULL,NULL),(285,103,1,'13.75','30.00','0.00','GI Nipple Astm 40 3/4 x 2','2018-09-28 15:31:11','2018-09-28 15:31:11',NULL,NULL,NULL),(286,103,1,'17.36','40.00','0.00','GI Nipple Astm 40  3/4 x 3','2018-09-28 15:31:11','2018-09-28 15:31:11',NULL,NULL,NULL),(287,103,1,'22.40','55.00','0.00','GI Nipple Astm 40 3/4 x 4','2018-09-28 15:31:11','2018-09-28 15:31:11',NULL,NULL,NULL),(288,103,1,'37.52','65.00','0.00','GI Nipple Astm 40  3/4 x 5','2018-09-28 15:31:11','2018-09-28 15:31:11',NULL,NULL,NULL),(289,104,1,'37.52','65.00','0.00','GI Nipple Astm 40 3/4 x 6','2018-09-28 16:18:52','2018-09-28 16:18:52',NULL,NULL,NULL),(290,104,1,'45.08','80.00','0.00','GI Nipple Astm 40 3/4 x8','2018-09-28 16:18:52','2018-09-28 16:18:52',NULL,NULL,NULL),(291,104,1,'54.04','95.00','0.00','GI Nipple Astm 40 3/4 x 10','2018-09-28 16:18:52','2018-09-28 16:18:52',NULL,NULL,NULL),(292,104,1,'64.04','110.00','0.00','GI Nipple Astm 40 3/4 x 12','2018-09-28 16:18:52','2018-09-28 16:18:52',NULL,NULL,NULL),(293,105,1,'22.68','40.00','0.00','GI Nipple Astm 40  # 1 xC','2018-09-28 16:25:52','2018-09-28 16:25:52',NULL,NULL,NULL),(294,105,1,'15.00','24.68','0.00','GI Nipple Astm 40  # 1 x 2','2018-09-28 16:25:52','2018-09-28 16:25:52',NULL,NULL,NULL),(295,105,1,'29.40','50.00','0.00','GI Nipple Astm 40  # 1 x3','2018-09-28 16:25:52','2018-09-28 16:25:52',NULL,NULL,NULL),(296,105,1,'41.72','70.00','0.00','GI Nipple Astm 40  # 1 x4','2018-09-28 16:25:52','2018-09-28 16:25:52',NULL,NULL,NULL),(297,105,1,'62.16','110.00','0.00','GI Nipple Astm 40  # 1 x 5','2018-09-28 16:25:52','2018-09-28 16:25:52',NULL,NULL,NULL),(298,106,1,'71.96','120.00','0.00','GI Nipple Astm 40 # 1 x6','2018-09-28 16:38:46','2018-09-28 16:38:46',NULL,NULL,NULL),(299,106,1,'73.64','130.00','0.00','GI Nipple Astm 40  # 1 x 7','2018-09-28 16:38:46','2018-09-28 16:38:46',NULL,NULL,NULL),(300,106,1,'81.44','140.00','0.00','GI Nipple Astm 40 # 1 x 8','2018-09-28 16:38:46','2018-09-28 16:38:46',NULL,NULL,NULL),(301,106,1,'100.80','140.00','0.00','GI Nipple Astm 40 # 1 x10','2018-09-28 16:38:46','2018-09-28 16:38:46',NULL,NULL,NULL),(302,106,1,'112.00','190.00','0.00','GI Nipple Astm 40 # 1 x 12','2018-09-28 16:38:46','2018-09-28 16:38:46',NULL,NULL,NULL),(303,107,1,'47.60','80.00','0.00','GI Nipple Astm 40 # 2 x 2','2018-09-28 16:51:06','2018-09-28 16:51:06',NULL,NULL,NULL),(304,107,1,'57.12','100.00','0.00','GI Nipple Astm 40 # 2 x 3','2018-09-28 16:51:06','2018-09-28 16:51:06',NULL,NULL,NULL),(305,107,1,'74.20','130.00','0.00','GI Nipple Astm 40 # 2 x 4','2018-09-28 16:51:06','2018-09-28 16:51:06',NULL,NULL,NULL),(306,107,1,'94.08','160.00','0.00','GI Nipple Astm 40 # 2 x 5','2018-09-28 16:51:06','2018-09-28 16:51:06',NULL,NULL,NULL),(307,107,1,'120.00','205.00','0.00','GI Nipple Astm 40 # 2 x 6','2018-09-28 16:51:06','2018-09-28 16:51:06',NULL,NULL,NULL),(308,107,1,'153.44','260.00','0.00','GI Nipple Astm 40 # 2 x 8','2018-09-28 16:51:06','2018-09-28 16:51:06',NULL,NULL,NULL),(309,107,1,'185.08','315.00','0.00','GI Nipple Astm 40 # 2 x 10','2018-09-28 16:51:06','2018-09-28 16:51:06',NULL,NULL,NULL),(310,107,1,'220.92','375.00','0.00','GI Nipple Astm 40 # 2 x 12','2018-09-28 16:51:06','2018-09-28 16:51:06',NULL,NULL,NULL),(312,108,1,'5.10','10.00','0.00','GI Nipple  S40 # 1/2 xC','2018-09-29 08:49:01','2018-09-29 08:49:01',NULL,NULL,NULL),(313,108,1,'6.30','15.00','0.00','GI Nipple  S40 # 1/2 x2','2018-09-29 08:49:01','2018-09-29 08:49:01',NULL,NULL,NULL),(314,108,1,'7.95','20.00','0.00','GI Nipple  S40 # 1/2 x3','2018-09-29 08:49:01','2018-09-29 08:49:01',NULL,NULL,NULL),(315,108,1,'9.95','25.00','0.00','GI Nipple  S40 # 1/2 x4','2018-09-29 08:49:01','2018-09-29 08:49:01',NULL,NULL,NULL),(316,108,1,'13.05','30.00','0.00','GI Nipple  S40 # 1/2 x5','2018-09-29 08:49:01','2018-09-29 08:49:01',NULL,NULL,NULL),(317,108,1,'14.70','30.00','0.00','GI Nipple  S40 # 1/2 x6','2018-09-29 08:49:01','2018-09-29 08:49:01',NULL,NULL,NULL),(318,108,1,'16.65','30.00','0.00','GI Nipple  S40 # 1/2 x7','2018-09-29 08:49:01','2018-09-29 08:49:01',NULL,NULL,NULL),(319,108,1,'19.50','40.00','0.00','GI Nipple  S40 # 1/2 x8','2018-09-29 08:49:01','2018-09-29 08:49:01',NULL,NULL,NULL),(320,108,1,'23.10','45.00','0.00','GI Nipple  S40 # 1/2 x10','2018-09-29 08:49:01','2018-09-29 08:49:01',NULL,NULL,NULL),(321,108,1,'26.40','50.00','0.00','GI Nipple  S40 # 1/2 x12','2018-09-29 08:49:01','2018-09-29 08:49:01',NULL,NULL,NULL),(322,109,1,'6.30','12.00','0.00','GI Nipple  S40 # 3/4 xC','2018-09-29 08:57:02','2018-09-29 08:57:02',NULL,NULL,NULL),(323,109,1,'7.35','15.00','0.00','GI Nipple  S40 # 3/4 x2','2018-09-29 08:57:02','2018-09-29 08:57:02',NULL,NULL,NULL),(324,109,1,'9.30','20.00','0.00','GI Nipple  S40 # 3/4 x3','2018-09-29 08:57:02','2018-09-29 08:57:02',NULL,NULL,NULL),(325,109,1,'12.00','25.00','0.00','GI Nipple  S40 # 3/4 x4','2018-09-29 08:57:02','2018-09-29 08:57:02',NULL,NULL,NULL),(326,109,1,'15.90','30.00','0.00','GI Nipple  S40 # 3/4 x5','2018-09-29 08:57:02','2018-09-29 08:57:02',NULL,NULL,NULL),(327,109,1,'20.10','35.00','0.00','GI Nipple  S40 # 3/4 x6','2018-09-29 08:57:02','2018-09-29 08:57:02',NULL,NULL,NULL),(328,109,1,'21.45','40.00','0.00','GI Nipple  S40 # 3/4 x7','2018-09-29 08:57:02','2018-09-29 08:57:02',NULL,NULL,NULL),(329,109,1,'24.15','45.00','0.00','GI Nipple  S40 # 3/4 x8','2018-09-29 08:57:02','2018-09-29 08:57:02',NULL,NULL,NULL),(330,109,1,'28.95','50.00','0.00','GI Nipple  S40 # 3/4 x10','2018-09-29 08:57:02','2018-09-29 08:57:02',NULL,NULL,NULL),(331,109,1,'34.50','60.00','0.00','GI Nipple  S40 # 3/4 x12','2018-09-29 08:57:02','2018-09-29 08:57:02',NULL,NULL,NULL),(332,110,1,'11.32','20.00','0.00','GI Nipple  S40 #1 xC','2018-09-29 09:04:24','2018-09-29 09:04:24',NULL,NULL,NULL),(333,110,1,'12.32','25.00','0.00','GI Nipple  S40 #1 x2','2018-09-29 09:04:24','2018-09-29 09:04:24',NULL,NULL,NULL),(334,110,1,'14.70','30.00','0.00','GI Nipple  S40 #1 x3','2018-09-29 09:04:24','2018-09-29 09:04:24',NULL,NULL,NULL),(335,110,1,'20.86','35.00','0.00','GI Nipple  S40 #1 x4','2018-09-29 09:04:24','2018-09-29 09:04:24',NULL,NULL,NULL),(336,110,1,'20.86','55.00','0.00','GI Nipple  S40 #1 x5','2018-09-29 09:04:24','2018-09-29 09:04:24',NULL,NULL,NULL),(337,110,1,'35.98','60.00','0.00','GI Nipple  S40 #1 x6','2018-09-29 09:04:24','2018-09-29 09:04:24',NULL,NULL,NULL),(338,110,1,'36.82','65.00','0.00','GI Nipple  S40 #1 x7','2018-09-29 09:04:24','2018-09-29 09:04:24',NULL,NULL,NULL),(339,110,1,'40.74','70.00','0.00','GI Nipple  S40 #1 x8','2018-09-29 09:04:24','2018-09-29 09:04:24',NULL,NULL,NULL),(340,110,1,'50.40','85.00','0.00','GI Nipple  S40 #1 x10','2018-09-29 09:04:24','2018-09-29 09:04:24',NULL,NULL,NULL),(341,110,1,'56.00','95.00','0.00','GI Nipple  S40 #1 x12','2018-09-29 09:04:24','2018-09-29 09:04:24',NULL,NULL,NULL),(342,111,1,'13.44','25.00','0.00','GI Nipple  S40 #1 1/4 XC','2018-09-29 09:11:39','2018-10-05 09:54:37',NULL,NULL,NULL),(343,111,1,'16.10','30.00','0.00','GI Nipple  S40 #1 1/4 X2','2018-09-29 09:11:39','2018-10-05 09:55:10',NULL,NULL,NULL),(344,111,1,'19.60','35.00','0.00','GI Nipple  S40 #1 1/4 X3','2018-09-29 09:11:39','2018-10-05 09:56:07',NULL,NULL,NULL),(345,111,1,'27.30','50.00','0.00','GI Nipple  S40 #1 1/4 X4','2018-09-29 09:11:39','2018-10-05 09:56:33',NULL,NULL,NULL),(346,111,1,'33.32','60.00','0.00','GI Nipple  S40 #1 1/4 X5','2018-09-29 09:11:39','2018-10-05 09:57:06',NULL,NULL,NULL),(347,111,1,'41.50','70.00','0.00','GI Nipple  S40 #1 1/4 X6','2018-09-29 09:11:39','2018-10-05 09:59:08',NULL,NULL,NULL),(348,111,1,'46.20','80.00','0.00','GI Nipple  S40 #1 1/4 X7','2018-09-29 09:11:39','2018-10-05 09:59:36',NULL,NULL,NULL),(349,111,1,'58.72','100.00','0.00','GI Nipple  S40 #1 1/4 X8','2018-09-29 09:11:39','2018-10-05 10:01:20',NULL,NULL,NULL),(350,111,1,'62.16','105.00','0.00','GI Nipple  S40 #1 1/4 X10','2018-09-29 09:11:39','2018-10-05 10:01:46',NULL,NULL,NULL),(351,111,1,'73.08','125.00','0.00','GI Nipple  S40 #1 1/4 X12','2018-09-29 09:11:39','2018-10-05 10:02:12',NULL,NULL,NULL),(352,112,1,'23.80','40.00','0.00','GI Nipple  S40 # 2 X2','2018-09-29 09:20:03','2018-09-29 09:20:03',NULL,NULL,NULL),(353,112,1,'28.56','50.00','0.00','GI Nipple  S40 # 2 X3','2018-09-29 09:20:03','2018-09-29 09:20:03',NULL,NULL,NULL),(354,112,1,'37.10','65.00','0.00','GI Nipple  S40 # 2 X4','2018-09-29 09:20:03','2018-09-29 09:20:03',NULL,NULL,NULL),(355,112,1,'47.04','80.00','0.00','GI Nipple  S40 # 2 X5','2018-09-29 09:20:03','2018-09-29 09:20:03',NULL,NULL,NULL),(356,112,1,'59.00','100.00','0.00','GI Nipple  S40 # 2 X6','2018-09-29 09:20:03','2018-09-29 09:20:03',NULL,NULL,NULL),(357,112,1,'59.00','130.00','0.00','GI Nipple  S40 # 2 X8','2018-09-29 09:20:03','2018-09-29 09:20:03',NULL,NULL,NULL),(358,112,1,'92.54','130.00','0.00','GI Nipple  S40 # 2 X10','2018-09-29 09:20:03','2018-09-29 09:20:03',NULL,NULL,NULL),(359,112,1,'110.46','190.00','0.00','GI Nipple  S40 # 2 X12','2018-09-29 09:20:03','2018-09-29 09:20:03',NULL,NULL,NULL),(360,113,1,'4.00','20.00','0.00','Alasco Orange Clean Out #2','2018-09-29 09:23:34','2018-09-29 09:23:34',NULL,NULL,NULL),(361,113,1,'10.00','30.00','0.00','Alasco Orange Clean Out #3','2018-09-29 09:23:34','2018-09-29 09:23:34',NULL,NULL,NULL),(362,113,1,'16.00','40.00','0.00','Alasco Orange Clean Out #4','2018-09-29 09:23:34','2018-09-29 09:23:34',NULL,NULL,NULL),(363,114,1,'5.50','15.00','0.00','PVC Gray Elbow # 1/4 x2','2018-09-29 09:28:43','2018-09-29 09:28:43',NULL,NULL,NULL),(364,114,1,'16.00','30.00','0.00','PVC Gray Elbow # 1/4 x3','2018-09-29 09:28:43','2018-09-29 09:28:43',NULL,NULL,NULL),(365,114,1,'21.50','40.00','0.00','PVC Gray Elbow # 1/4 x4','2018-09-29 09:28:43','2018-09-29 09:28:43',NULL,NULL,NULL),(366,114,1,'175.00','230.00','0.00','PVC Gray Elbow # 1/4 x6','2018-09-29 09:28:43','2018-09-29 09:28:43',NULL,NULL,NULL),(367,114,1,'4.50','15.00','0.00','PVC GRAY Elbow # 1/8 x2','2018-09-29 09:32:30','2018-09-29 09:32:30',NULL,NULL,NULL),(368,114,1,'8.50','25.00','0.00','PVC GRAY Elbow # 1/8 x3','2018-09-29 09:32:30','2018-09-29 09:32:30',NULL,NULL,NULL),(369,114,1,'14.00','35.00','0.00','PVC GRAY Elbow # 1/8 x4','2018-09-29 09:32:30','2018-09-29 09:32:30',NULL,NULL,NULL),(370,115,1,'8.00','20.00','0.00','PVC GRAY TEE','2018-09-29 09:36:25','2018-09-29 09:36:25',NULL,NULL,NULL),(371,115,1,'17.50','35.00','0.00','PVC GRAY TEE','2018-09-29 09:36:26','2018-09-29 09:36:26',NULL,NULL,NULL),(372,115,1,'30.00','50.00','0.00','PVC GRAY TEE','2018-09-29 09:36:26','2018-09-29 09:36:26',NULL,NULL,NULL),(373,115,1,'19.00','40.00','0.00','PVC GRAY TEE','2018-09-29 09:36:26','2018-09-29 09:36:26',NULL,NULL,NULL),(374,115,1,'25.00','45.00','0.00','PVC GRAY TEE','2018-09-29 09:36:26','2018-09-29 09:36:26',NULL,NULL,NULL),(375,115,1,'16.00','30.00','0.00','PVC GRAY TEE','2018-09-29 09:36:26','2018-09-29 09:36:26',NULL,NULL,NULL),(376,116,1,'8.00','20.00','0.00','WFE PVC GRAY  FITTING  2 x2','2018-09-29 09:47:03','2018-09-29 09:47:03',NULL,NULL,NULL),(377,116,1,'15.00','25.00','0.00','WFE PVC GRAY  FITTING 3 x2','2018-09-29 09:47:03','2018-09-29 09:47:03',NULL,NULL,NULL),(378,116,1,'18.50','35.00','0.00','WFE PVC GRAY  FITTING  4 x2','2018-09-29 09:47:03','2018-09-29 09:47:03',NULL,NULL,NULL),(379,116,1,'17.00','30.00','0.00','WFE PVC GRAY  FITTING  3 x3','2018-09-29 09:47:03','2018-09-29 09:47:03',NULL,NULL,NULL),(380,116,1,'22.50','40.00','0.00','WFE PVC GRAY  FITTING  4 x 3','2018-09-29 09:47:03','2018-09-29 09:47:03',NULL,NULL,NULL),(381,116,1,'27.50','45.00','0.00','WFE PVC GRAY  FITTING  4 x4','2018-09-29 09:47:03','2018-09-29 09:47:03',NULL,NULL,NULL),(382,117,1,'9.00','25.00','0.00','PVC GRAY Bushing reducer  3 x 2','2018-09-29 09:49:59','2018-09-29 09:49:59',NULL,NULL,NULL),(383,117,1,'15.00','35.00','0.00','PVC GRAY Bushing reducer 4 x 3','2018-09-29 09:49:59','2018-09-29 09:49:59',NULL,NULL,NULL),(384,118,1,'4.00','15.00','0.00','PVC GRAY coupling 2','2018-09-29 09:53:57','2018-09-29 09:53:57',NULL,NULL,NULL),(385,118,1,'7.50','20.00','0.00','PVC GRAY coupling 3','2018-09-29 09:53:57','2018-09-29 09:53:57',NULL,NULL,NULL),(386,118,1,'11.00','20.00','0.00','PVC GRAY coupling 4','2018-09-29 09:53:57','2018-09-29 09:53:57',NULL,NULL,NULL),(387,119,1,'16.57','30.00','0.00','GI FITTING Socket Reducer 1/2 x /4','2018-09-29 10:16:11','2018-09-29 10:16:11',NULL,NULL,NULL),(388,119,1,'16.57','30.00','0.00','GI FITTING Socket Reducer  1 x1/ 2','2018-09-29 10:16:11','2018-09-29 10:16:11',NULL,NULL,NULL),(389,119,1,'16.57','30.00','0.00','GI FITTING Socket Reducer 1 x3/4','2018-09-29 10:16:11','2018-09-29 10:16:11',NULL,NULL,NULL),(390,119,1,'24.37','40.00','0.00','GI FITTING Socket Reducer 1 1/4 x3/4','2018-09-29 10:16:11','2018-09-29 10:16:11',NULL,NULL,NULL),(391,119,1,'24.37','40.00','0.00','GI FITTING Socket Reducer 1 1/4 x1/2','2018-09-29 10:16:11','2018-09-29 10:16:11',NULL,NULL,NULL),(392,119,1,'24.37','40.00','0.00','GI FITTING Socket Reducer 1 1/4 x1','2018-09-29 10:16:11','2018-09-29 10:16:11',NULL,NULL,NULL),(393,119,1,'31.20','50.00','0.00','GI FITTING Socket Reducer 1 1/2 x1 1/4','2018-09-29 10:16:11','2018-09-29 10:16:11',NULL,NULL,NULL),(394,119,1,'45.35','75.00','0.00','GI FITTING Socket Reducer  2 1/2 x1 1/4','2018-09-29 10:16:11','2018-09-29 10:16:11',NULL,NULL,NULL),(395,120,6,'240.00','700.00','0.00','White Sand Cuvic','2018-09-29 10:20:11','2018-09-29 10:20:11',NULL,NULL,NULL),(396,120,5,'4.80','50.00','0.00','White Sand Bag','2018-09-29 10:20:11','2018-09-29 10:20:11',NULL,NULL,NULL),(397,120,5,'4.80','80.00','0.00','White Sand Bag (Bistay)','2018-09-29 10:20:11','2018-09-29 10:20:11',NULL,NULL,NULL),(398,121,5,'46.65','100.00','0.00','Gravels','2018-09-29 10:22:36','2018-09-29 10:22:42',NULL,NULL,NULL),(399,121,5,'46.65','100.00','0.00','Gravels','2018-09-29 10:22:36','2018-09-29 10:22:36',NULL,NULL,NULL),(400,122,5,'193.00','210.00','0.00','Eagle Cement','2018-09-29 10:29:04','2018-09-29 10:29:04',NULL,NULL,NULL),(401,122,5,'207.00','220.00','0.00','Holcim Cement','2018-09-29 10:29:04','2018-09-29 10:29:04',NULL,NULL,NULL),(402,122,8,'4.83','10.00','0.00','Cement','2018-09-29 10:29:04','2018-09-29 10:29:04',NULL,NULL,NULL),(403,123,1,'7.50','9.50','0.00','Hollow Block # 5','2018-09-29 10:33:00','2018-09-29 10:33:00',NULL,NULL,NULL),(404,123,1,'8.50','10.50','0.00','Hollow Block # 4','2018-09-29 10:33:00','2018-09-29 10:33:00',NULL,NULL,NULL),(405,124,1,'23.25','40.00','0.00','GI Socket Reducer 1 1/2','2018-09-29 10:35:10','2018-09-29 10:35:10',NULL,NULL,NULL),(406,124,1,'20.47','35.00','0.00','GI Fitting  Reducer 3/4 x1/2','2018-09-29 10:36:58','2018-09-29 10:36:58',NULL,NULL,NULL),(407,84,1,'21.37','40.00','0.00','GI U Patente 1/2','2018-09-29 10:39:42','2018-09-29 10:39:42',NULL,NULL,NULL),(408,84,1,'30.00','50.00','0.00','GI U Patente 3/4','2018-09-29 10:39:42','2018-09-29 10:39:42',NULL,NULL,NULL),(409,125,7,'420.00','480.00','0.00','Cyclone Wire 3x2x6 Mtrs','2018-09-29 10:45:02','2018-09-29 10:45:02',NULL,NULL,NULL),(410,125,7,'186.00','285.00','0.00','Cyclone Wire 3x4x6 Mtrs','2018-09-29 10:45:02','2018-09-29 10:45:02',NULL,NULL,NULL),(411,125,7,'700.00','800.00','0.00','Cyclone Wire 5x2x6 Mtrs','2018-09-29 10:45:02','2018-09-29 10:45:02',NULL,NULL,NULL),(412,125,7,'310.00','475.00','0.00','Cyclone Wire 5x4x4 Mtrs','2018-09-29 10:45:02','2018-09-29 10:45:02',NULL,NULL,NULL),(413,125,7,'248.00','380.00','0.00','Cyclone Wire 4x4x6 Mtrs','2018-09-29 10:45:02','2018-09-29 10:45:02',NULL,NULL,NULL),(414,126,7,'186.00','186.00','0.00','C.  WIRE (Kalawang) 3x4x6Mtrs','2018-09-29 10:52:04','2018-09-29 10:52:04',NULL,NULL,NULL),(415,126,7,'420.00','420.00','0.00','C.  WIRE (Kalawang) 3x2x6 Mtrs','2018-09-29 10:52:04','2018-09-29 10:52:04',NULL,NULL,NULL),(416,126,7,'700.00','700.00','0.00','C.  WIRE (Kalawang) 5x2x6 Mtrs','2018-09-29 10:52:04','2018-09-29 10:52:04',NULL,NULL,NULL),(417,126,7,'420.00','420.00','0.00','C.  WIRE (Kalawang) 3x2x6 Mtrs','2018-09-29 10:52:04','2018-09-29 10:52:04',NULL,NULL,NULL),(418,126,7,'310.00','310.00','0.00','C.  WIRE (Kalawang) 5x4x6 Mtrs','2018-09-29 10:52:04','2018-09-29 10:52:04',NULL,NULL,NULL),(419,127,7,'1300.00','1600.00','0.00','Cyclone Wire (25 kg)Local','2018-09-29 10:55:37','2018-10-05 09:50:24',NULL,NULL,NULL),(420,127,7,'1250.00','1550.00','0.00','Cyclone Wire (Kalawang)China','2018-09-29 10:55:37','2018-10-05 09:51:05',NULL,NULL,NULL),(421,128,9,'720.00','950.00','0.00','Combat Wire','2018-09-29 10:57:17','2018-09-29 10:57:17',NULL,NULL,NULL),(422,129,1,'500.00','700.00','0.00','Combo Shovel Pointed 2','2018-09-29 11:00:36','2018-09-29 11:00:36',NULL,NULL,NULL),(423,129,1,'489.33','650.00','0.00','Combo Shovel Square','2018-09-29 11:00:36','2018-09-29 11:00:36',NULL,NULL,NULL),(424,129,1,'495.33','650.00','0.00','Combo Shovel Scoop 2','2018-09-29 11:00:36','2018-09-29 11:00:36',NULL,NULL,NULL),(425,130,1,'141.63','350.00','0.00','Falcon Shovel Pointed 2','2018-09-29 11:02:48','2018-09-29 11:02:48',NULL,NULL,NULL),(426,130,1,'133.00','350.00','0.00','Falcon ShovelFalcon Shovel','2018-09-29 11:02:48','2018-09-29 11:02:48',NULL,NULL,NULL),(427,131,1,'1450.00','2000.00','0.00','Cart Wheel Barrow','2018-09-29 11:04:25','2018-10-05 09:45:56',NULL,NULL,NULL),(428,132,1,'1010.00','1350.00','0.00','8 Hole Wire','2018-09-29 11:17:40','2018-10-05 09:48:02',NULL,NULL,NULL),(429,133,1,'42.69','70.00','0.00','KD S4S Lumber 1/2x1x10','2018-09-29 11:31:53','2018-09-29 11:31:53',NULL,NULL,NULL),(430,133,1,'53.36','75.00','0.00','KD S4S Lumber 1/2x1x12','2018-09-29 11:31:53','2018-09-29 11:31:53',NULL,NULL,NULL),(431,133,1,'216.75','275.00','0.00','KD S4S Lumber1 1/2x2x12','2018-09-29 11:31:53','2018-09-29 11:31:53',NULL,NULL,NULL),(432,133,1,'274.00','312.00','0.00','KD S4S Lumber 2x2x12','2018-09-29 11:31:53','2018-09-29 11:31:53',NULL,NULL,NULL),(433,133,1,'208.54','260.00','0.00','KD S4S Lumber 2x2x10','2018-09-29 11:31:53','2018-09-29 11:31:53',NULL,NULL,NULL),(434,134,1,'143.20','175.00','0.00','Cornesa Wood 1x3x8','2018-09-29 11:34:19','2018-09-29 11:34:19',NULL,NULL,NULL),(435,134,1,'214.80','255.00','0.00','Cornesa Wood 1x3x12','2018-09-29 11:34:19','2018-09-29 11:34:19',NULL,NULL,NULL),(436,135,1,'384.00','460.00','0.00','GI Sheet 4x8x.30','2018-09-29 12:31:19','2018-09-29 12:31:19',NULL,NULL,NULL),(437,135,1,'488.00','585.00','0.00','GI Sheet  4x8x.35','2018-09-29 12:31:19','2018-09-29 12:31:19',NULL,NULL,NULL),(438,135,1,'1095.00','1300.00','0.00','GI Sheet 4x8x.20','2018-09-29 12:31:19','2018-10-05 09:43:11',NULL,NULL,NULL),(439,135,1,'1091.00','1300.00','0.00','GI Sheet 18( 4x8)','2018-09-29 12:31:19','2018-10-05 09:43:42',NULL,NULL,NULL),(440,135,1,'218.00','325.00','0.00','GI Sheet 35( 4x8)','2018-09-29 12:31:19','2018-09-29 12:31:19',NULL,NULL,NULL),(441,136,1,'46.92','62.00','0.00','Vulcaseal JR','2018-09-29 12:37:27','2018-09-29 12:37:27',NULL,NULL,NULL),(442,136,1,'124.20','155.00','0.00','Vulcaseal 1/4 ltr','2018-09-29 12:37:27','2018-09-29 12:37:27',NULL,NULL,NULL),(443,136,1,'230.85','290.00','0.00','Vulcaseal 1/2 ltr','2018-09-29 12:37:27','2018-09-29 12:37:27',NULL,NULL,NULL),(444,136,1,'418.60','530.00','0.00','Vulcaseal 1 ltr','2018-09-29 12:37:27','2018-09-29 12:37:27',NULL,NULL,NULL),(445,137,1,'73.00','95.00','0.00','Bosny Signal Red','2018-09-29 12:39:56','2018-09-29 12:39:56',NULL,NULL,NULL),(446,137,1,'46.92','62.00','0.00','Bosny Clear','2018-09-29 12:39:56','2018-09-29 12:39:56',NULL,NULL,NULL),(447,137,1,'124.20','155.00','0.00','Bosny Brown','2018-09-29 12:39:56','2018-09-29 12:39:56',NULL,NULL,NULL),(448,137,1,'83.00','110.00','0.00','Bosny  #351 Gold','2018-09-29 12:42:12','2018-09-29 12:42:12',NULL,NULL,NULL),(449,137,1,'223.56','280.00','0.00','Bosny  Black','2018-09-29 12:42:12','2018-09-29 12:42:12',NULL,NULL,NULL),(450,138,1,'29.00','125.00','0.00','STIKWEL 250 Gr.','2018-09-29 12:49:44','2018-09-29 12:49:44',NULL,NULL,NULL),(451,138,1,'63.00','90.00','0.00','STIKWEL 500 Gr.','2018-09-29 12:49:44','2018-09-29 12:49:44',NULL,NULL,NULL),(452,138,1,'125.00','180.00','0.00','STIKWEL 1 ltr.','2018-09-29 12:49:44','2018-09-29 12:49:44',NULL,NULL,NULL),(453,139,1,'39.50','55.00','0.00','S - BLUE','2018-09-29 12:50:55','2018-09-29 12:50:55',NULL,NULL,NULL),(454,140,1,'64.46','85.00','0.00','NELTEX 100 CC','2018-09-29 12:55:15','2018-09-29 12:55:15',NULL,NULL,NULL),(455,140,1,'85.00','120.00','0.00','NELTEX 200 CC','2018-09-29 12:55:15','2018-09-29 12:55:15',NULL,NULL,NULL),(456,140,1,'153.60','205.00','0.00','NELTEX 400 CC','2018-09-29 12:55:15','2018-09-29 12:55:15',NULL,NULL,NULL),(457,141,1,'38.25','60.00','0.00','ELASTO Seal 85 grams','2018-09-29 12:58:47','2018-09-29 12:58:47',NULL,NULL,NULL),(458,141,1,'83.13','130.00','0.00','ELASTO Seal 250 grams','2018-09-29 12:58:47','2018-09-29 12:58:47',NULL,NULL,NULL),(459,142,1,'50.40','65.00','0.00','Epoxy Steel 15 grams','2018-09-29 13:04:59','2018-09-29 13:04:59',NULL,NULL,NULL),(460,142,1,'87.30','115.00','0.00','Epoxy Steel  40 grams','2018-09-29 13:04:59','2018-09-29 13:04:59',NULL,NULL,NULL),(461,143,1,'238.49','300.00','0.00','Pioneer Epoxy All Purpose  1/2','2018-09-29 13:10:33','2018-09-29 13:10:33',NULL,NULL,NULL),(462,143,1,'129.22','170.00','0.00','Pioneer Epoxy All Purpose  1/4','2018-09-29 13:10:33','2018-09-29 13:10:33',NULL,NULL,NULL),(463,143,1,'68.55','85.00','0.00','Pioneer Epoxy All Purpose 60 ml','2018-09-29 13:10:33','2018-09-29 13:10:33',NULL,NULL,NULL),(464,143,1,'60.80','80.00','0.00','Pioneer Epoxy All Purpose 1/4','2018-09-29 13:10:33','2018-09-29 13:10:33',NULL,NULL,NULL),(465,144,1,'25.80','30.00','0.00','Mighty Bond 1 gram','2018-09-29 13:12:34','2018-09-29 13:12:34',NULL,NULL,NULL),(466,144,1,'41.75','60.00','0.00','Mighty Bond 3 Gram','2018-09-29 13:12:34','2018-09-29 13:12:34',NULL,NULL,NULL),(467,145,1,'47.70','60.00','0.00','Bulldog 3 Gram','2018-09-29 13:13:38','2018-09-29 13:13:38',NULL,NULL,NULL),(468,146,1,'67.00','90.00','0.00','AIl Metal Polish','2018-09-29 13:17:12','2018-09-29 13:17:12',NULL,NULL,NULL),(469,147,1,'27.50','45.00','0.00','Singer Oil','2018-09-29 13:18:11','2018-09-29 13:18:11',NULL,NULL,NULL),(470,148,1,'141.75','190.00','0.00','WD 40 3.5 OZ.','2018-09-29 13:20:20','2018-09-29 13:20:20',NULL,NULL,NULL),(471,148,1,'141.75','190.00','0.00','WD 40 6.5 OZ.','2018-09-29 13:20:20','2018-09-29 13:20:20',NULL,NULL,NULL),(472,149,1,'70.20','90.00','0.00','Water Stop','2018-09-29 13:21:28','2018-09-29 13:21:28',NULL,NULL,NULL),(473,150,1,'16.00','30.00','0.00','Alasco Orange  Clean Out 2','2018-09-29 13:27:11','2018-09-29 13:27:11',NULL,NULL,NULL),(474,150,1,'30.40','50.00','0.00','Alasco Orange  Clean Out 3','2018-09-29 13:27:11','2018-09-29 13:27:11',NULL,NULL,NULL),(475,150,1,'52.00','80.00','0.00','Alasco Orange  Clean Out  4','2018-09-29 13:27:11','2018-09-29 13:27:11',NULL,NULL,NULL),(476,151,1,'20.00','50.00','0.00','Gray P Trap 2','2018-09-29 13:32:59','2018-09-29 13:32:59',NULL,NULL,NULL),(477,151,1,'56.10','80.00','0.00','Orange P Trap 2','2018-09-29 13:32:59','2018-09-29 13:32:59',NULL,NULL,NULL),(478,152,1,'21.25','35.00','0.00','Alasco Orange Elbow 1/4 X 2','2018-09-29 13:47:47','2018-09-29 13:47:47',NULL,NULL,NULL),(479,152,1,'45.05','60.00','0.00','Alasco Orange Elbow 1/4 X 3','2018-09-29 13:47:47','2018-09-29 13:47:47',NULL,NULL,NULL),(480,152,1,'72.00','100.00','0.00','Alasco Orange Elbow 1/4 X 4','2018-09-29 13:47:47','2018-09-29 13:47:47',NULL,NULL,NULL),(481,153,1,'15.38','30.00','0.00','Alasco Orange Elbow 1/8 X 2','2018-09-29 13:51:01','2018-09-29 13:51:01',NULL,NULL,NULL),(482,153,1,'31.60','50.00','0.00','Alasco Orange Elbow 1/8 X3','2018-09-29 13:51:01','2018-09-29 13:51:01',NULL,NULL,NULL),(483,153,1,'31.60','90.00','0.00','Alasco Orange Elbow 1/8 X4','2018-09-29 13:51:01','2018-09-29 13:51:01',NULL,NULL,NULL),(484,154,1,'28.80','40.00','0.00','Alasco Orange  TEE 2X2','2018-09-29 14:05:08','2018-09-29 14:05:08',NULL,NULL,NULL),(485,154,1,'56.00','75.00','0.00','Alasco Orange  TEE 3X3','2018-09-29 14:05:08','2018-09-29 14:05:08',NULL,NULL,NULL),(486,154,1,'103.50','145.00','0.00','Alasco Orange  TEE 4X4','2018-09-29 14:05:08','2018-09-29 14:05:08',NULL,NULL,NULL),(487,154,1,'87.20','115.00','0.00','Alasco Orange  TEE 4X3','2018-09-29 14:05:08','2018-09-29 14:05:08',NULL,NULL,NULL),(488,154,1,'66.75','115.00','0.00','Alasco Orange  TEE 4X2','2018-09-29 14:05:08','2018-09-29 14:05:08',NULL,NULL,NULL),(489,154,1,'42.80','60.00','0.00','Alasco Orange  TEE 3X2','2018-09-29 14:05:08','2018-09-29 14:05:08',NULL,NULL,NULL),(490,155,1,'30.40','40.00','0.00','Alasco Orange WYE 2X2','2018-09-29 14:16:49','2018-09-29 14:16:49',NULL,NULL,NULL),(491,155,1,'64.40','85.00','0.00','Alasco Orange WYE 3X3','2018-09-29 14:16:49','2018-09-29 14:16:49',NULL,NULL,NULL),(492,155,1,'123.75','165.00','0.00','Alasco Orange WYE 4X4','2018-09-29 14:16:49','2018-09-29 14:16:49',NULL,NULL,NULL),(493,155,1,'97.60','130.00','0.00','Alasco Orange WYE 4X3','2018-09-29 14:16:49','2018-09-29 14:16:49',NULL,NULL,NULL),(494,155,1,'72.75','100.00','0.00','Alasco Orange WYE 4X2','2018-09-29 14:16:49','2018-09-29 14:16:49',NULL,NULL,NULL),(495,155,1,'48.40','65.00','0.00','Alasco Orange WYE 3X2','2018-09-29 14:16:49','2018-09-29 14:16:49',NULL,NULL,NULL),(496,156,1,'12.40','25.00','0.00','Alasco Orange COUPLING 2','2018-09-29 14:22:16','2018-09-29 14:22:16',NULL,NULL,NULL),(497,156,1,'22.40','40.00','0.00','Alasco Orange COUPLING 3','2018-09-29 14:22:16','2018-09-29 14:22:16',NULL,NULL,NULL),(498,156,1,'41.25','60.00','0.00','Alasco Orange COUPLING 4','2018-09-29 14:22:16','2018-09-29 14:22:16',NULL,NULL,NULL),(499,157,1,'31.00','50.00','0.00','Orange  BUSHING REDUCER 3X2','2018-09-29 14:25:42','2018-09-29 14:55:32',NULL,NULL,NULL),(500,158,1,'41.65','65.00','0.00','ABC TILE GROUT WHITE','2018-09-29 14:36:32','2018-09-29 14:36:32',NULL,NULL,NULL),(501,159,1,'50.00','75.00','0.00','Chrome P Trap  1/4','2018-09-29 14:52:00','2018-09-29 14:52:00',NULL,NULL,NULL),(502,159,1,'50.00','75.00','0.00','Chrome P Trap 1 1/2','2018-09-29 14:52:00','2018-09-29 14:52:00',NULL,NULL,NULL),(503,160,1,'36.50','60.00','0.00','NOVTEK cement white','2018-09-29 15:01:04','2018-09-29 15:01:04',NULL,NULL,NULL),(504,160,1,'48.50','70.00','0.00','NOVTEK cement green','2018-09-29 15:01:04','2018-09-29 15:01:04',NULL,NULL,NULL),(505,160,1,'36.50','60.00','0.00','NOVTEK cement red','2018-09-29 15:01:04','2018-09-29 15:01:04',NULL,NULL,NULL),(506,160,1,'48.50','70.00','0.00','NOVTEK cement Blue','2018-09-29 15:01:04','2018-09-29 15:01:04',NULL,NULL,NULL),(507,161,1,'25.00','45.00','0.00','PVC Faucet Eastmen blue','2018-09-29 15:05:48','2018-09-29 15:05:48',NULL,NULL,NULL),(508,161,1,'18.00','45.00','0.00','PVC Faucet Eastmen white','2018-09-29 15:05:48','2018-09-29 15:05:48',NULL,NULL,NULL),(509,161,1,'25.00','45.00','0.00','PVC Faucet Transparent','2018-09-29 15:05:48','2018-09-29 15:05:48',NULL,NULL,NULL),(510,162,1,'908.00','1600.00','0.00','Kitchen Sink S/S 57x43','2018-09-29 15:09:43','2018-09-29 15:09:43',NULL,NULL,NULL),(511,162,1,'1.00','2880.00','0.00','Kitchen Sink S/S 81x43','2018-09-29 15:09:43','2018-09-29 15:09:43',NULL,NULL,NULL),(514,163,1,'210.00','350.00','0.00','304 S/S Faucet','2018-09-29 15:13:05','2018-09-29 15:13:05',NULL,NULL,NULL),(515,163,1,'190.00','350.00','0.00','304 T Faucet','2018-09-29 15:13:05','2018-09-29 15:13:05',NULL,NULL,NULL),(516,163,1,'450.00','720.00','0.00','304 T two  way Faucet','2018-09-29 15:13:05','2018-09-29 15:13:05',NULL,NULL,NULL),(517,164,1,'90.00','150.00','0.00','EASTMAN Chrome Faucet 1/2x2','2018-09-29 15:15:15','2018-09-29 15:15:15',NULL,NULL,NULL),(518,164,1,'100.00','160.00','0.00','EASTMAN Chrome Faucet 1/2x2','2018-09-29 15:15:15','2018-09-29 15:15:15',NULL,NULL,NULL),(519,165,1,'712.00','925.00','0.00','REGINA Lavatory Faucet','2018-09-29 15:16:12','2018-09-29 15:16:12',NULL,NULL,NULL),(520,166,1,'370.00','650.00','0.00','Faucet  Round  304 S/S','2018-09-29 15:27:13','2018-09-29 15:27:13',NULL,NULL,NULL),(521,166,1,'370.00','650.00','0.00','Faucet  Square  304 S/S','2018-09-29 15:27:13','2018-09-29 15:27:13',NULL,NULL,NULL),(522,166,1,'470.00','850.00','0.00','Faucet  Adjustable 304 S/S','2018-09-29 15:27:14','2018-09-29 15:27:14',NULL,NULL,NULL),(523,166,1,'450.00','750.00','0.00','Faucet   Lavatory 304 S/S','2018-09-29 15:27:14','2018-09-29 15:27:14',NULL,NULL,NULL),(524,166,1,'450.00','750.00','0.00','FAUCET Shark  w. Lock','2018-09-29 15:27:14','2018-09-29 15:27:14',NULL,NULL,NULL),(525,166,1,'141.00','200.00','0.00','Great volume PLAIN faucet BIBB','2018-09-29 15:30:29','2018-09-29 15:30:29',NULL,NULL,NULL),(526,166,1,'149.00','210.00','0.00','Great volume brass faucet HB','2018-09-29 15:30:29','2018-09-29 15:30:29',NULL,NULL,NULL),(527,166,1,'100.00','160.00','0.00','Eastman  Faucet','2018-09-29 15:40:34','2018-09-29 15:40:34',NULL,NULL,NULL),(528,166,1,'285.00','350.00','0.00','ROYAL Tern round Faucet','2018-09-29 15:40:34','2018-09-29 15:40:34',NULL,NULL,NULL),(529,167,1,'450.00','750.00','0.00','BIDET','2018-09-29 15:43:15','2018-09-29 15:43:15',NULL,NULL,NULL),(530,167,1,'140.00','200.00','0.00','BIDET PVC','2018-09-29 15:43:15','2018-09-29 15:43:15',NULL,NULL,NULL),(532,168,1,'130.00','200.00','0.00','Shower  HD HOSE','2018-09-29 15:51:39','2018-09-29 15:51:39',NULL,NULL,NULL),(533,168,1,'120.00','200.00','0.00','SHOWER HEAD BIG','2018-09-29 15:51:39','2018-09-29 15:51:39',NULL,NULL,NULL),(534,168,1,'380.00','650.00','0.00','Shower Eastman 2 WAY','2018-09-29 15:51:39','2018-09-29 15:51:39',NULL,NULL,NULL),(535,168,1,'689.85','1150.00','0.00','SHOWER Shark TELEPHONE 2 WAY','2018-09-29 15:51:39','2018-09-29 15:51:39',NULL,NULL,NULL),(536,169,1,'33.00','65.00','0.00','Chicago FLOOR STRAINER 4X4','2018-09-29 15:55:16','2018-09-29 15:55:16',NULL,NULL,NULL),(537,169,1,'130.00','250.00','0.00','Chicago FLOOR STRAINER  6X6','2018-09-29 15:55:16','2018-09-29 15:55:16',NULL,NULL,NULL),(539,170,1,'90.00','200.00','0.00','FLOOR DRAIN Eastman USA 867','2018-09-29 15:59:51','2018-09-29 15:59:51',NULL,NULL,NULL),(540,170,1,'130.00','250.00','0.00','FLOOR DRAIN Eastman USA 868','2018-09-29 15:59:51','2018-09-29 15:59:51',NULL,NULL,NULL),(541,170,1,'90.00','200.00','0.00','FLOOR DRAIN Shark','2018-09-29 15:59:51','2018-09-29 15:59:51',NULL,NULL,NULL),(543,171,1,'351.00','500.00','0.00','AMERICA PANEL BOX 2X2 (2B)','2018-09-29 16:03:25','2018-09-29 16:03:25',NULL,NULL,NULL),(544,171,1,'625.00','875.00','0.00','AMERICA PANEL BOX 5X5 (8B)','2018-09-29 16:03:25','2018-09-29 16:03:25',NULL,NULL,NULL),(545,171,1,'788.50','1100.00','0.00','AMERICA PANEL BOX 6X6 (10B)','2018-09-29 16:03:25','2018-09-29 16:03:25',NULL,NULL,NULL),(546,172,1,'16.80','30.00','0.00','UTILITY BOX','2018-09-29 16:05:56','2018-09-29 16:05:56',NULL,NULL,NULL),(547,173,1,'70.00','100.00','0.00','NEMA ONE','2018-09-29 16:07:07','2018-09-29 16:07:07',NULL,NULL,NULL),(548,174,1,'17.00','30.00','0.00','JUNCTION BOX','2018-09-29 16:08:00','2018-09-29 16:08:00',NULL,NULL,NULL),(550,175,1,'6.80','10.00','0.00','JUNCTION BOX COVER','2018-09-29 16:08:56','2018-09-29 16:08:56',NULL,NULL,NULL),(551,176,1,'54.00','75.00','0.00','SQUARE  BOX','2018-09-29 16:10:28','2018-09-29 16:10:28',NULL,NULL,NULL),(552,177,1,'14.07','20.00','0.00','OMNI RECEPTACLE 2X2','2018-09-29 16:13:50','2018-09-29 16:13:50',NULL,NULL,NULL),(553,177,1,'17.63','30.00','0.00','OMNI RECEPTACLE 3X3','2018-09-29 16:13:50','2018-09-29 16:13:50',NULL,NULL,NULL),(554,177,1,'21.19','40.00','0.00','OMNI RECEPTACLE 4X4','2018-09-29 16:13:50','2018-09-29 16:13:50',NULL,NULL,NULL),(555,178,1,'15.00','21.00','0.00','KM RECEPTACLE 2X2','2018-09-29 16:18:24','2018-09-29 16:18:24',NULL,NULL,NULL),(556,178,1,'24.00','35.00','0.00','KM RECEPTACLE 3X3','2018-09-29 16:18:24','2018-09-29 16:18:24',NULL,NULL,NULL),(557,178,1,'26.25','40.00','0.00','KM RECEPTACLE 4X4','2018-09-29 16:18:24','2018-09-29 16:18:24',NULL,NULL,NULL),(558,179,1,'527.00','640.00','0.00','GE Circuit braker (PI)15 amp','2018-09-29 16:23:10','2018-09-29 16:25:56',NULL,NULL,NULL),(559,180,1,'230.00','290.00','0.00','Koten  Circuit braker (PI)30 A','2018-09-29 16:34:20','2018-09-29 16:34:20',NULL,NULL,NULL),(560,180,1,'230.00','290.00','0.00','Koten  Circuit braker (PI)30 A','2018-09-29 16:34:20','2018-09-29 16:34:20',NULL,NULL,NULL),(561,180,1,'230.00','290.00','0.00','Koten  Circuit braker (PI)60A','2018-09-29 16:34:20','2018-09-29 16:34:20',NULL,NULL,NULL),(562,180,1,'750.00','950.00','0.00','Koten  Circuit braker (PI)100 A','2018-09-29 16:34:20','2018-09-29 16:34:20',NULL,NULL,NULL),(563,180,1,'230.00','290.00','0.00','Koten  Circuit braker (PI)20 A','2018-09-29 16:34:20','2018-09-29 16:34:20',NULL,NULL,NULL),(564,180,1,'230.00','290.00','0.00','Koten  Circuit braker (PI)15 A','2018-09-29 16:34:20','2018-09-29 16:34:20',NULL,NULL,NULL),(565,181,1,'440.00','530.00','0.00','KOTEN SAFETY BREAKER 30A','2018-09-30 08:28:25','2018-09-30 08:28:25',NULL,NULL,NULL),(566,181,1,'440.00','530.00','0.00','KOTEN SAFETY BREAKER 20A','2018-09-30 08:28:25','2018-09-30 08:28:25',NULL,NULL,NULL),(567,182,1,'131.00','280.00','0.00','Amerilock door knob','2018-09-30 08:41:21','2018-09-30 08:41:21',NULL,NULL,NULL),(568,183,1,'321.60','520.00','0.00','TOP GRADE wood','2018-09-30 08:43:25','2018-09-30 08:43:25',NULL,NULL,NULL),(569,184,1,'159.00','450.00','0.00','Yale V padlock 60 m','2018-09-30 08:47:05','2018-09-30 08:47:05',NULL,NULL,NULL),(570,184,1,'117.00','350.00','0.00','Yale V padlock 50 m','2018-09-30 08:47:05','2018-09-30 08:47:05',NULL,NULL,NULL),(571,185,1,'34.00','55.00','0.00','Yale Brass padlock 25 m','2018-09-30 08:52:43','2018-09-30 08:52:43',NULL,NULL,NULL),(572,185,1,'46.75','75.00','0.00','Yale Brass padlock 40 m','2018-09-30 08:52:43','2018-09-30 08:52:43',NULL,NULL,NULL),(573,185,1,'35.70','60.00','0.00','Yale Brass padlock 30 m','2018-09-30 08:52:43','2018-09-30 08:52:43',NULL,NULL,NULL),(574,185,1,'63.54','100.00','0.00','Yale Brass padlock 50 m','2018-09-30 08:52:43','2018-09-30 08:52:43',NULL,NULL,NULL),(575,186,1,'70.00','140.00','0.00','Square Padlock long 60m','2018-09-30 09:00:58','2018-09-30 09:00:58',NULL,NULL,NULL),(576,186,1,'60.00','110.00','0.00','Square Padlock long 50m','2018-09-30 09:00:58','2018-09-30 09:00:58',NULL,NULL,NULL),(577,186,1,'50.00','90.00','0.00','Square Padlock long 40m','2018-09-30 09:00:58','2018-09-30 09:00:58',NULL,NULL,NULL),(578,186,1,'40.00','70.00','0.00','Square Padlock long 30m','2018-09-30 09:00:58','2018-09-30 09:00:58',NULL,NULL,NULL),(579,187,1,'65.00','130.00','0.00','Square Padlock short  50m','2018-09-30 09:05:07','2018-09-30 09:05:07',NULL,NULL,NULL),(580,187,1,'45.00','80.00','0.00','Square Padlock short  40m','2018-09-30 09:05:07','2018-09-30 09:05:07',NULL,NULL,NULL),(581,187,1,'35.00','65.00','0.00','Square Padlock short 30m','2018-09-30 09:05:07','2018-09-30 09:05:07',NULL,NULL,NULL),(582,188,1,'45.00','75.00','0.00','Yale Drawer Lock','2018-09-30 09:13:13','2018-09-30 09:13:13',NULL,NULL,NULL),(583,188,1,'95.00','135.00','0.00','Amerilock Drawer lock','2018-09-30 09:13:13','2018-09-30 09:13:13',NULL,NULL,NULL),(584,188,1,'25.83','40.00','0.00','808 Drawer Lock','2018-09-30 09:13:13','2018-09-30 09:13:13',NULL,NULL,NULL),(585,189,1,'10.50','15.00','0.00','Clear Glass ( basag)','2018-09-30 09:16:51','2018-09-30 09:16:51',NULL,NULL,NULL),(586,190,1,'2.75','5.00','0.00','Chalkstone/SoftSTONE','2018-09-30 09:18:35','2018-09-30 09:18:35',NULL,NULL,NULL),(587,191,1,'4.00','10.00','0.00','Magnetic Catches Small','2018-09-30 09:23:37','2018-09-30 09:23:37',NULL,NULL,NULL),(588,191,1,'8.00','20.00','0.00','Magnetic Catches Big','2018-09-30 09:23:37','2018-09-30 09:23:37',NULL,NULL,NULL),(589,192,1,'21.00','30.00','0.00','DOOR Spring  5','2018-09-30 09:24:57','2018-09-30 09:24:57',NULL,NULL,NULL),(590,193,1,'21.00','30.00','0.00','Carborundum  104 #6','2018-09-30 09:28:36','2018-09-30 09:28:36',NULL,NULL,NULL),(591,193,1,'21.00','30.00','0.00','Carborundum 108 #8','2018-09-30 09:28:36','2018-09-30 09:28:36',NULL,NULL,NULL),(593,194,1,'37.80','70.00','0.00','ELTORO TROWEL #8','2018-09-30 09:31:00','2018-09-30 09:31:00',NULL,NULL,NULL),(594,194,1,'37.80','70.00','0.00','ELTORO TROWEL #9','2018-09-30 09:49:45','2018-09-30 09:49:45',NULL,NULL,NULL),(595,195,1,'10.00','15.00','0.00','SCRAPER 1 1/2','2018-09-30 09:58:22','2018-09-30 09:58:22',NULL,NULL,NULL),(596,195,1,'15.00','20.00','0.00','SCRAPER # 2','2018-09-30 09:58:22','2018-09-30 09:58:22',NULL,NULL,NULL),(597,196,1,'26.70','55.00','0.00','T R Y SQUARE 8 inch','2018-09-30 10:02:17','2018-09-30 10:02:17',NULL,NULL,NULL),(598,196,1,'33.33','70.00','0.00','T R Y SQUARE 12 inch','2018-09-30 10:02:17','2018-09-30 10:02:17',NULL,NULL,NULL),(599,197,4,'160.12','225.00','0.00','BLIND REVITS 1/8 X1/2','2018-09-30 10:19:44','2018-09-30 10:19:44',NULL,NULL,NULL),(600,197,4,'224.00','295.00','0.00','BLIND REVITS 1/8 X3/4','2018-09-30 10:19:44','2018-09-30 10:19:44',NULL,NULL,NULL),(601,197,4,'131.35','185.00','0.00','BLIND REVITS 3/16 X1/2','2018-09-30 10:19:44','2018-09-30 10:19:44',NULL,NULL,NULL),(602,197,4,'187.40','265.00','0.00','BLIND REVITS 5/32 X1/2','2018-09-30 10:19:44','2018-09-30 10:19:44',NULL,NULL,NULL),(603,198,1,'0.35','0.50','0.00','BLIND REVITS pcs 1/8X1/2','2018-09-30 10:24:37','2018-09-30 10:24:37',NULL,NULL,NULL),(604,198,1,'0.50','1.00','0.00','BLIND REVITS pcs 1/8X3/4','2018-09-30 10:24:37','2018-09-30 10:24:37',NULL,NULL,NULL),(605,198,1,'0.50','1.00','0.00','BLIND REVITS pcs 3/16X1/2','2018-09-30 10:24:37','2018-09-30 10:24:37',NULL,NULL,NULL),(606,198,1,'0.50','1.00','0.00','BLIND REVITS pcs 3/32X1/2','2018-09-30 10:24:37','2018-09-30 10:24:37',NULL,NULL,NULL),(607,199,1,'19.00','50.00','0.00','TEKSCREW ADAPTOR','2018-09-30 10:26:18','2018-09-30 10:26:18',NULL,NULL,NULL),(608,200,1,'15.00','45.00','0.00','SCREW BIT','2018-09-30 10:27:55','2018-09-30 10:27:55',NULL,NULL,NULL),(609,201,1,'25.00','50.00','0.00','TOKA GRIDING DISK \'4\"','2018-09-30 10:29:29','2018-09-30 10:29:29',NULL,NULL,NULL),(610,202,1,'12.50','25.00','0.00','SANDING DISK \"','2018-09-30 10:30:29','2018-09-30 10:30:29',NULL,NULL,NULL),(611,203,1,'90.00','135.00','0.00','TYROLIT Cutting DISK 4\'','2018-09-30 10:35:42','2018-09-30 10:35:42',NULL,NULL,NULL),(612,203,1,'31.00','40.00','0.00','OASIS Cutting DISK4\'','2018-09-30 10:35:42','2018-09-30 10:35:42',NULL,NULL,NULL),(613,203,1,'54.00','75.00','0.00','BOSH Cutting  DISK 4\'','2018-09-30 10:35:42','2018-09-30 10:35:42',NULL,NULL,NULL),(614,203,1,'35.00','50.00','0.00','TATOKA Cutting DISK 4\'','2018-09-30 10:35:42','2018-09-30 10:35:42',NULL,NULL,NULL),(615,204,1,'80.00','130.00','0.00','WIRE BRUSH','2018-09-30 10:38:16','2018-09-30 10:38:16',NULL,NULL,NULL),(616,205,1,'75.00','120.00','0.00','PLUMBOB  250  9\'','2018-09-30 13:13:06','2018-09-30 13:13:06',NULL,NULL,NULL),(617,205,1,'80.00','130.00','0.00','PLUMBOB  300  9\'','2018-09-30 13:13:07','2018-09-30 13:13:07',NULL,NULL,NULL),(618,206,1,'180.00','280.00','0.00','TIN SNIP','2018-09-30 13:14:47','2018-09-30 13:14:47',NULL,NULL,NULL),(619,207,1,'95.00','175.00','0.00','WIRE CUTTER LONG','2018-09-30 13:17:43','2018-09-30 13:17:43',NULL,NULL,NULL),(620,207,1,'81.00','150.00','0.00','WIRE CUTTER SHORT','2018-09-30 13:17:43','2018-09-30 13:17:43',NULL,NULL,NULL),(621,208,1,'140.00','250.00','0.00','RIVETER STANLEY','2018-09-30 13:21:39','2018-09-30 13:21:39',NULL,NULL,NULL),(622,208,1,'250.00','400.00','0.00','RIVETER LOBSTER','2018-09-30 13:21:39','2018-09-30 13:21:39',NULL,NULL,NULL),(623,209,1,'205.00','350.00','0.00','BOSCH DIAMOND CUTTING DISK','2018-09-30 13:25:54','2018-09-30 13:26:52',NULL,NULL,NULL),(624,203,1,'205.00','350.00','0.00','BOSCH CUTTING DISK','2018-09-30 13:27:29','2018-09-30 13:27:29',NULL,NULL,NULL),(625,203,1,'70.00','350.00','0.00','MAKITA  CUTTING DISK','2018-09-30 13:27:29','2018-09-30 13:27:29',NULL,NULL,NULL),(626,203,1,'126.92','250.00','0.00','SIEG  CUTTING DISK','2018-09-30 13:27:29','2018-09-30 13:27:29',NULL,NULL,NULL),(627,210,1,'0.00','0.00','0.00','PVC Handle steel brush','2018-09-30 13:29:34','2018-09-30 13:29:34',NULL,NULL,NULL),(628,210,1,'0.00','0.00','0.00','Wood Handle steel brush','2018-09-30 13:29:34','2018-09-30 13:29:34',NULL,NULL,NULL),(629,211,1,'38.00','50.00','0.00','Nicolite  Bar','2018-09-30 13:31:34','2018-09-30 13:31:34',NULL,NULL,NULL),(630,212,1,'27.00','45.00','0.00','Broni  Bar','2018-09-30 13:33:41','2018-09-30 13:33:41',NULL,NULL,NULL),(631,213,1,'38.00','60.00','0.00','Eltoro Finishing Towel','2018-09-30 13:34:48','2018-09-30 13:34:48',NULL,NULL,NULL),(632,214,1,'95.00','135.00','0.00','FLOURESENCE Open Type  10w','2018-09-30 13:38:06','2018-09-30 13:38:06',NULL,NULL,NULL),(633,214,1,'110.00','160.00','0.00','FLOURESENCE  Open Type  20w','2018-09-30 13:38:06','2018-09-30 13:38:06',NULL,NULL,NULL),(634,214,1,'140.00','200.00','0.00','FLOURESENCE  Open Type  40w','2018-09-30 13:40:57','2018-09-30 13:40:57',NULL,NULL,NULL),(635,215,1,'142.50','250.00','0.00','Ecolum  LED 18w','2018-09-30 13:43:06','2018-09-30 13:43:06',NULL,NULL,NULL),(636,216,1,'43.20','65.00','0.00','GE FLOUR.  tube 10w','2018-09-30 13:45:33','2018-09-30 13:45:50',NULL,NULL,NULL),(637,217,1,'43.20','65.00','0.00','GE FLOUR.  tube 10w','2018-09-30 13:46:48','2018-09-30 13:46:48',NULL,NULL,NULL),(638,217,1,'72.00','100.00','0.00','GE FLOUR.  tube 20w','2018-09-30 13:46:48','2018-09-30 13:46:48',NULL,NULL,NULL),(639,217,1,'70.20','110.00','0.00','GE Florescence tube 40w','2018-09-30 13:48:40','2018-09-30 13:49:15',NULL,NULL,NULL),(640,218,1,'70.20','110.00','0.00','GE Fluorescence tube 40w','2018-09-30 13:49:45','2018-09-30 13:49:45',NULL,NULL,NULL),(641,219,1,'49.75','65.00','0.00','DELTA FLOUR.  tube2 0W','2018-09-30 13:51:11','2018-09-30 13:51:11',NULL,NULL,NULL),(642,220,1,'42.71','100.00','0.00','FIREFLY  Fluorescence  tube # 20','2018-09-30 13:54:47','2018-09-30 13:54:47',NULL,NULL,NULL),(643,220,1,'74.81','105.00','0.00','FIREFLY  Fluorescence  tube #40','2018-09-30 13:54:47','2018-09-30 13:54:47',NULL,NULL,NULL),(644,221,1,'74.81','105.00','0.00','FIREFLY  CIRCULAR 22W','2018-09-30 13:57:52','2018-09-30 13:57:52',NULL,NULL,NULL),(645,221,1,'81.94','160.00','0.00','FIREFLY  CIRCULAR 32W','2018-09-30 13:57:52','2018-09-30 13:57:52',NULL,NULL,NULL),(646,222,1,'46.31','65.00','0.00','ECOLUM  LED BULB 3 watts','2018-09-30 14:05:27','2018-09-30 14:05:27',NULL,NULL,NULL),(647,222,1,'53.25','75.00','0.00','ECOLUM  LED BULB 5 watts','2018-09-30 14:05:27','2018-09-30 14:05:27',NULL,NULL,NULL),(648,222,1,'64.16','90.00','0.00','ECOLUM  LED BULB 7 watts','2018-09-30 14:05:27','2018-09-30 14:05:27',NULL,NULL,NULL),(649,222,1,'71.25','100.00','0.00','ECOLUM  LED BULB 9 watts','2018-09-30 14:05:27','2018-09-30 14:05:27',NULL,NULL,NULL),(650,222,1,'85.20','120.00','0.00','ECOLUM  LED BULB 11 watts','2018-09-30 14:05:27','2018-09-30 14:05:27',NULL,NULL,NULL),(651,222,1,'23.00','106.88','0.00','ECOLUM  LED BULB 13 watts','2018-09-30 14:05:27','2018-09-30 14:05:27',NULL,NULL,NULL),(652,223,1,'121.09','170.00','0.00','FIREFLY circular holder 32w','2018-09-30 14:08:52','2018-09-30 14:08:52',NULL,NULL,NULL),(653,223,1,'99.71','140.00','0.00','FIREFLY circular holder 22w','2018-09-30 14:08:52','2018-09-30 14:08:52',NULL,NULL,NULL),(654,224,1,'56.96','80.00','0.00','FIREFLY DL Bulb 7 watts','2018-09-30 14:12:54','2018-09-30 14:12:54',NULL,NULL,NULL),(655,224,1,'85.50','120.00','0.00','FIREFLY DL Bulb 10 watts spiral','2018-09-30 14:12:54','2018-09-30 14:12:54',NULL,NULL,NULL),(656,224,1,'54.00','95.00','0.00','FIREFLY DL Bulb 5 Watts','2018-09-30 14:12:54','2018-09-30 14:12:54',NULL,NULL,NULL),(657,224,1,'64.09','90.00','0.00','FIREFLY DL Bulb 3 Watts','2018-09-30 14:18:01','2018-09-30 14:19:29',NULL,NULL,NULL),(658,224,1,'64.09','90.00','0.00','DL Bulb 3 Watts','2018-09-30 14:20:34','2018-09-30 14:20:34',NULL,NULL,NULL),(659,224,1,'54.00','95.00','0.00','DL Bulb 18 watts','2018-09-30 14:20:34','2018-09-30 14:20:34',NULL,NULL,NULL),(660,224,1,'92.29','130.00','0.00','DL Bulb 26 watts','2018-09-30 14:20:34','2018-09-30 14:20:34',NULL,NULL,NULL),(661,225,1,'35.00','40.00','0.00','Omni Surface box','2018-09-30 14:22:21','2018-09-30 14:22:21',NULL,NULL,NULL),(663,226,1,'500.00','700.00','0.00','Safari Sub meter  sy -168','2018-09-30 14:25:18','2018-09-30 14:25:18',NULL,NULL,NULL),(664,226,1,'650.00','750.00','0.00','Safari Sub meter  no code','2018-09-30 14:26:45','2018-09-30 14:26:45',NULL,NULL,NULL),(665,227,1,'199.75','250.00','0.00','Extension cord 3m','2018-09-30 14:28:09','2018-09-30 14:28:09',NULL,NULL,NULL),(667,228,1,'350.00','375.00','0.00','BOYSEN  Acrytex reducer','2018-09-30 14:40:58','2018-09-30 14:40:58',NULL,NULL,NULL),(668,228,1,'458.00','485.00','0.00','BOYSEN flat latex','2018-09-30 14:40:58','2018-09-30 14:40:58',NULL,NULL,NULL),(669,228,1,'645.00','670.00','0.00','BOYSEN epoxy primer gray','2018-09-30 14:40:58','2018-09-30 14:40:58',NULL,NULL,NULL),(670,228,1,'378.00','410.00','0.00','BOYSEN L. thinner','2018-09-30 14:40:58','2018-09-30 14:40:58',NULL,NULL,NULL),(671,228,1,'402.00','430.00','0.00','BOYSEN Choco brown','2018-09-30 14:40:58','2018-09-30 14:40:58',NULL,NULL,NULL),(672,228,1,'682.00','710.00','0.00','BOYSEN acrytex primer','2018-09-30 14:40:58','2018-09-30 14:40:58',NULL,NULL,NULL),(673,228,1,'402.00','430.00','0.00','BOYSEN qde black','2018-09-30 14:40:58','2018-09-30 14:40:58',NULL,NULL,NULL),(674,228,1,'355.00','390.00','0.00','BOYSEN red oxide','2018-09-30 14:40:59','2018-09-30 14:40:59',NULL,NULL,NULL),(675,229,1,'569.00','600.00','0.00','BOYSEN QDE white','2018-09-30 14:46:09','2018-09-30 14:46:09',NULL,NULL,NULL),(676,230,1,'548.17','630.00','0.00','DAVIS plexi tite','2018-09-30 14:58:41','2018-09-30 14:58:41',NULL,NULL,NULL),(677,230,1,'415.00','440.00','0.00','DAVIS coat saver QOE white','2018-09-30 14:58:41','2018-09-30 14:58:41',NULL,NULL,NULL),(678,230,1,'256.00','320.00','0.00','DAVIS Solo flat Latex','2018-09-30 14:58:41','2018-09-30 14:58:41',NULL,NULL,NULL),(679,230,1,'342.95','400.00','0.00','DAVIS solo gloss Latex','2018-09-30 14:58:41','2018-09-30 14:58:41',NULL,NULL,NULL),(680,230,1,'508.25','560.00','0.00','DAVIS mega cryl semi gl. White','2018-09-30 14:58:41','2018-09-30 14:58:41',NULL,NULL,NULL),(681,231,1,'620.00','670.00','0.00','DAVIS megacryl green peace','2018-09-30 15:17:50','2018-09-30 15:17:50',NULL,NULL,NULL),(682,231,1,'535.50','585.00','0.00','DAVIES SR Matcha','2018-09-30 15:17:50','2018-09-30 15:17:50',NULL,NULL,NULL),(683,231,1,'615.00','665.00','0.00','DAVIES easy tite body filler','2018-09-30 15:17:51','2018-09-30 15:17:51',NULL,NULL,NULL),(684,231,1,'580.00','630.00','0.00','DAVIES Polituef','2018-09-30 15:17:51','2018-09-30 15:17:51',NULL,NULL,NULL),(685,231,1,'472.50','550.00','0.00','DAVIES SR Burge Brown','2018-09-30 15:17:51','2018-09-30 15:17:51',NULL,NULL,NULL),(686,231,1,'495.00','530.00','0.00','DAVIES SR roofshield B green','2018-09-30 15:17:51','2018-09-30 15:17:51',NULL,NULL,NULL),(687,232,1,'430.00','480.00','0.00','DAVIES SR roofshield S red','2018-09-30 15:23:13','2018-09-30 15:23:13',NULL,NULL,NULL),(688,232,1,'430.00','480.00','0.00','shield SR roof cotta teira cloth','2018-09-30 15:23:13','2018-09-30 15:23:13',NULL,NULL,NULL),(689,232,1,'400.00','430.00','0.00','DAVIS Coat saver metal gray','2018-09-30 15:23:13','2018-09-30 15:23:13',NULL,NULL,NULL),(690,233,1,'2270.00','2350.00','0.00','BOYSEN QDE white','2018-09-30 15:25:01','2018-10-05 09:15:27',NULL,NULL,NULL),(691,234,1,'1881.00','1810.00','0.00','DAVIS megacryl Flat latez White','2018-09-30 15:26:39','2018-10-05 09:15:44',NULL,NULL,NULL),(692,235,1,'458.00','485.00','0.00','BOYSEN flat latex','2018-09-30 15:28:58','2018-09-30 15:28:58',NULL,NULL,NULL),(693,236,1,'165.00','165.00','0.00','DAVIES easy tite body filler','2018-09-30 15:34:56','2018-09-30 15:34:56',NULL,NULL,NULL),(694,236,1,'110.00','125.00','0.00','DAVIES red Oxide','2018-09-30 15:34:56','2018-09-30 15:34:56',NULL,NULL,NULL),(695,236,1,'110.00','125.00','0.00','DAVIES Coat saver metal gray','2018-09-30 15:34:56','2018-09-30 15:34:56',NULL,NULL,NULL),(696,237,1,'12.60','25.00','0.00','Masking tape # 1/2','2018-09-30 15:40:10','2018-09-30 15:40:10',NULL,NULL,NULL),(697,237,1,'19.95','35.00','0.00','Masking tape  # 3/4','2018-09-30 15:40:10','2018-09-30 15:40:10',NULL,NULL,NULL),(698,237,1,'26.60','45.00','0.00','Masking tape  # 1','2018-09-30 15:40:10','2018-09-30 15:40:10',NULL,NULL,NULL),(699,237,1,'53.20','80.00','0.00','Masking tape  # 2','2018-09-30 15:40:10','2018-09-30 15:40:10',NULL,NULL,NULL),(700,238,1,'171.00','250.00','0.00','Aluminum Duct Tape','2018-09-30 15:41:31','2018-09-30 15:41:31',NULL,NULL,NULL),(701,239,1,'29.00','50.00','0.00','Packaging Tape Clear','2018-09-30 15:45:23','2018-09-30 15:45:23',NULL,NULL,NULL),(702,239,1,'29.00','50.00','0.00','Packaging Tape Brown','2018-09-30 15:45:23','2018-09-30 15:45:23',NULL,NULL,NULL),(703,240,1,'25.00','40.00','0.00','Electrical Tape Big','2018-09-30 15:50:20','2018-09-30 15:50:20',NULL,NULL,NULL),(704,240,1,'10.00','20.00','0.00','Electrical Tape Small','2018-09-30 15:50:20','2018-09-30 15:50:20',NULL,NULL,NULL),(705,241,1,'39.00','55.00','0.00','Staple Wire 3/4 Box','2018-09-30 15:57:18','2018-09-30 15:57:18',NULL,NULL,NULL),(706,241,3,'0.39','1.00','0.00','Staple Wire 3/4 Pcs','2018-09-30 15:57:18','2018-09-30 15:57:18',NULL,NULL,NULL),(707,241,1,'44.00','65.00','0.00','Staple Wire  1 Box','2018-09-30 15:57:18','2018-09-30 15:57:18',NULL,NULL,NULL),(708,241,3,'0.44','1.00','0.00','Staple Wire  1 Pcs','2018-09-30 15:57:18','2018-09-30 15:57:18',NULL,NULL,NULL),(709,242,1,'50.00','100.00','0.00','Barrel Bolt HD','2018-09-30 15:59:53','2018-09-30 15:59:53',NULL,NULL,NULL),(710,243,1,'90.00','150.00','0.00','Hack Saw','2018-09-30 16:00:54','2018-09-30 16:00:54',NULL,NULL,NULL),(711,244,1,'60.00','85.00','0.00','Hand Saw Frame','2018-09-30 16:01:58','2018-09-30 16:01:58',NULL,NULL,NULL),(713,245,1,'3.00','3.00','0.00','Joven Water Heater','2018-09-30 16:03:51','2018-09-30 16:03:51',NULL,NULL,NULL),(714,246,1,'5.50','12.00','0.00','Hippo Paint  Brush #1/2','2018-09-30 16:08:42','2018-09-30 16:08:42',NULL,NULL,NULL),(715,246,1,'7.50','15.00','0.00','Hippo Paint  Brush #3/4','2018-09-30 16:08:42','2018-09-30 16:08:42',NULL,NULL,NULL),(716,246,1,'3.50','7.00','0.00','Globe P. Brush #3/4','2018-09-30 16:08:42','2018-09-30 16:08:42',NULL,NULL,NULL),(717,247,1,'14.16','40.00','0.00','Putty Knife  # 4','2018-09-30 16:10:52','2018-09-30 16:11:07',NULL,NULL,NULL),(718,247,1,'14.16','40.00','0.00','Knife  # 4','2018-09-30 16:11:26','2018-09-30 16:11:26',NULL,NULL,NULL),(719,247,1,'35.00','50.00','0.00','Knife  # 5','2018-09-30 16:11:26','2018-09-30 16:11:26',NULL,NULL,NULL),(720,248,1,'480.00','680.00','0.00','Toilets Bowl ( White small )','2018-09-30 16:13:50','2018-09-30 16:13:50',NULL,NULL,NULL),(721,248,1,'630.00','980.00','0.00','Toilets Bowl ( White big)','2018-09-30 16:13:50','2018-09-30 16:13:50',NULL,NULL,NULL),(722,248,1,'500.00','700.00','0.00','Toilets Bowl ( Sky blue small )','2018-09-30 16:15:45','2018-09-30 16:15:45',NULL,NULL,NULL),(723,249,1,'7.92','20.00','0.00','Cotton Gloves','2018-09-30 16:20:12','2018-09-30 16:20:12',NULL,NULL,NULL),(724,249,1,'25.00','45.00','0.00','Rubber Gloves ( orange)','2018-09-30 16:20:12','2018-09-30 16:20:12',NULL,NULL,NULL),(725,249,1,'25.00','50.00','0.00','Rubber Gloves (Green)','2018-09-30 16:20:12','2018-09-30 16:20:12',NULL,NULL,NULL),(726,249,1,'60.00','130.00','0.00','Welding Gloves ( short )','2018-09-30 16:20:12','2018-09-30 16:20:12',NULL,NULL,NULL),(727,249,1,'90.00','170.00','0.00','Welding Gloves ( long )','2018-09-30 16:20:12','2018-09-30 16:20:12',NULL,NULL,NULL),(728,250,1,'60.00','130.00','0.00','Sun Flower Meter 5 mtr.','2018-09-30 16:22:22','2018-09-30 16:22:22',NULL,NULL,NULL),(729,250,1,'100.00','170.00','0.00','Sun Flower Meter 75mtr.','2018-09-30 16:22:22','2018-09-30 16:22:22',NULL,NULL,NULL),(730,251,1,'200.00','320.00','0.00','POWER HOUSE Hole SAW SET','2018-09-30 16:23:25','2018-09-30 16:23:40',NULL,NULL,NULL),(731,251,1,'200.00','320.00','0.00','P.H. Hole SAW SET','2018-09-30 16:24:54','2018-09-30 16:24:54',NULL,NULL,NULL),(732,252,1,'150.00','300.00','0.00','EAGLE W PROOF OUTLET','2018-09-30 16:29:14','2018-09-30 16:29:14',NULL,NULL,NULL),(734,253,1,'85.00','100.00','0.00','R. Hammmer','2018-09-30 16:31:13','2018-09-30 16:31:13',NULL,NULL,NULL),(737,254,1,'150.00','240.00','0.00','Gun Tacker','2018-09-30 16:33:30','2018-09-30 16:33:30',NULL,NULL,NULL),(738,255,1,'36.10','60.00','0.00','Concealed HINGES C1','2018-09-30 16:36:56','2018-09-30 16:36:56',NULL,NULL,NULL),(739,255,1,'36.10','60.00','0.00','Concealed HINGES C2','2018-09-30 16:36:56','2018-09-30 16:36:56',NULL,NULL,NULL),(740,255,1,'36.10','60.00','0.00','Concealed HINGES C3','2018-09-30 16:36:56','2018-09-30 16:36:56',NULL,NULL,NULL),(741,256,1,'106.25','170.00','0.00','OMEGA PUTTY # 4','2018-09-30 16:40:00','2018-09-30 16:40:00',NULL,NULL,NULL),(742,256,1,'97.75','160.00','0.00','OMEGA PUTTY # 5','2018-09-30 16:40:00','2018-09-30 16:40:00',NULL,NULL,NULL),(743,257,1,'10.12','40.00','0.00','CYLINDRICAL HINGES# 1','2018-09-30 16:46:02','2018-09-30 16:46:02',NULL,NULL,NULL),(744,257,1,'7.00','30.00','0.00','CYLINDRICAL HINGES# 1/2','2018-09-30 16:46:02','2018-09-30 16:46:02',NULL,NULL,NULL),(745,257,1,'10.12','40.00','0.00','CYLINDRICAL HINGES # 5/8','2018-09-30 16:46:02','2018-09-30 16:46:02',NULL,NULL,NULL),(746,258,1,'130.00','210.00','0.00','DORMER H ( STAINLESS) #3','2018-09-30 16:51:37','2018-09-30 16:51:53',NULL,NULL,NULL),(747,258,1,'130.00','210.00','0.00','DH ( STAINLESS) #3','2018-09-30 16:52:31','2018-09-30 16:52:31',NULL,NULL,NULL),(748,258,1,'140.00','230.00','0.00','D H ( STAINLESS)#3 1/2 X 3 1/2','2018-09-30 16:52:31','2018-09-30 16:52:31',NULL,NULL,NULL),(749,258,1,'150.00','250.00','0.00','D H ( STAINLESS)4MM','2018-09-30 16:52:31','2018-09-30 16:52:31',NULL,NULL,NULL),(750,258,1,'65.00','100.00','0.00','D H ( BRASS)4MM','2018-09-30 16:52:31','2018-09-30 16:52:31',NULL,NULL,NULL),(751,259,1,'320.00','400.00','0.00','AMER. Standatrd Tank Fitting','2018-10-01 08:31:12','2018-10-01 08:31:12',NULL,NULL,NULL),(752,260,1,'95.00','135.00','0.00','TOKINA REGULATOR','2018-10-01 08:36:00','2018-10-01 08:36:00',NULL,NULL,NULL),(753,260,1,'155.00','250.00','0.00','TOKINA M GAS big w.Gause','2018-10-01 08:36:00','2018-10-01 08:36:00',NULL,NULL,NULL),(754,260,1,'95.00','135.00','0.00','TOKINA M gas small','2018-10-01 08:36:00','2018-10-01 08:36:00',NULL,NULL,NULL),(755,260,1,'100.00','150.00','0.00','TOKINA M gas big','2018-10-01 08:36:00','2018-10-01 08:36:00',NULL,NULL,NULL),(756,261,1,'70.00','110.00','0.00','LPG REGULATOR w/ hose','2018-10-01 08:37:54','2018-10-01 08:37:54',NULL,NULL,NULL),(757,262,1,'139.50','200.00','0.00','VALIANT ANGLE VALVE ORANGE','2018-10-01 08:42:32','2018-10-01 08:42:32',NULL,NULL,NULL),(758,262,1,'125.76','190.00','0.00','VALIANT ANGLE VALVE GOLD','2018-10-01 08:42:32','2018-10-01 08:42:32',NULL,NULL,NULL),(759,262,1,'121.50','180.00','0.00','VALIANT ANGLE VALVE Silver','2018-10-01 08:42:32','2018-10-01 08:42:32',NULL,NULL,NULL),(760,262,1,'121.50','180.00','0.00','VALIANT ANGLE VALVE Silver','2018-10-01 08:42:32','2018-10-01 08:42:32',NULL,NULL,NULL),(761,262,1,'130.00','210.00','0.00','S/S/ ANGLE VALVE( 1 WAY)','2018-10-01 08:42:32','2018-10-01 08:42:32',NULL,NULL,NULL),(762,263,1,'182.75','225.00','0.00','Valiant GATE VALVE #1/2','2018-10-01 08:46:57','2018-10-01 08:46:57',NULL,NULL,NULL),(763,263,1,'250.00','350.00','0.00','Valiant GATE VALVE #3/4','2018-10-01 08:46:57','2018-10-01 08:46:57',NULL,NULL,NULL),(764,263,1,'250.00','495.00','0.00','Valiant GATE VALVE #1','2018-10-01 08:46:57','2018-10-01 08:46:57',NULL,NULL,NULL),(765,264,1,'148.75','200.00','0.00','Valiant BALL VALVE','2018-10-01 08:50:45','2018-10-01 08:50:45',NULL,NULL,NULL),(766,264,1,'199.75','280.00','0.00','Valiant BALL VALVE','2018-10-01 08:50:45','2018-10-01 08:50:45',NULL,NULL,NULL),(767,264,1,'323.00','452.00','0.00','Valiant BALL VALVE','2018-10-01 08:50:45','2018-10-01 08:50:45',NULL,NULL,NULL),(768,264,1,'130.00','230.00','0.00','Maxco VALVE  ball w. lock','2018-10-01 08:50:45','2018-10-01 08:50:45',NULL,NULL,NULL),(769,265,1,'247.50','345.00','0.00','WB Foot  VALVE #1/2','2018-10-01 08:54:00','2018-10-01 08:54:00',NULL,NULL,NULL),(770,265,1,'295.20','410.00','0.00','WB Foot  VALVE #3/4','2018-10-01 08:54:00','2018-10-01 08:54:00',NULL,NULL,NULL),(771,265,1,'520.20','720.00','0.00','WB foot VALVE # 1 1/4','2018-10-01 08:54:00','2018-10-01 08:54:00',NULL,NULL,NULL),(772,266,1,'247.50','345.00','0.00','WB check VALVE  #1/2','2018-10-01 08:58:47','2018-10-01 08:58:47',NULL,NULL,NULL),(773,266,1,'295.50','410.00','0.00','WB check VALVE #3/4','2018-10-01 08:58:47','2018-10-01 08:58:47',NULL,NULL,NULL),(774,266,1,'412.20','575.00','0.00','WB check VALVE #1','2018-10-01 08:58:47','2018-10-01 08:58:47',NULL,NULL,NULL),(775,266,1,'520.20','720.00','0.00','WB check VALVE # 1 1/4','2018-10-01 08:58:47','2018-10-01 08:58:47',NULL,NULL,NULL),(776,267,1,'160.00','260.00','0.00','S. VALVE #1/2','2018-10-01 09:00:10','2018-10-01 09:00:10',NULL,NULL,NULL),(777,268,1,'115.00','180.00','0.00','PILLOW BLOCK UCP 205','2018-10-01 09:07:17','2018-10-01 09:07:17',NULL,NULL,NULL),(778,268,1,'185.00','260.00','0.00','PILLOW BLOCK UCP 206','2018-10-01 09:07:17','2018-10-01 09:07:17',NULL,NULL,NULL),(779,268,1,'225.00','320.00','0.00','PILLOW BLOCK UCP 207','2018-10-01 09:07:17','2018-10-01 09:07:17',NULL,NULL,NULL),(780,268,1,'275.00','370.00','0.00','PILLOW BLOCK UCP 208','2018-10-01 09:07:17','2018-10-01 09:07:17',NULL,NULL,NULL),(781,269,1,'11.04','25.00','0.00','M. ACID  350 ml','2018-10-01 09:08:51','2018-10-01 09:08:51',NULL,NULL,NULL),(782,270,10,'24.58','35.00','0.00','PUREE PAINT THINNER 350 cc','2018-10-01 09:17:30','2018-10-01 09:17:30',NULL,NULL,NULL),(783,270,10,'19.50','30.00','0.00','PUREE Laquire THINNER','2018-10-01 09:17:30','2018-10-01 09:17:30',NULL,NULL,NULL),(784,270,10,'20.54','30.00','0.00','PUREE Acrilic THINNER','2018-10-01 09:17:30','2018-10-01 09:17:30',NULL,NULL,NULL),(785,270,10,'26.15','35.00','0.00','PUREE Laquire. FLO','2018-10-01 09:17:30','2018-10-01 09:17:30',NULL,NULL,NULL),(786,270,10,'16.46','30.00','0.00','PUREE D.ALCOHOL','2018-10-01 09:17:30','2018-10-01 09:17:30',NULL,NULL,NULL),(787,270,10,'61.54','85.00','0.00','PUREE D.Remover','2018-10-01 09:17:30','2018-10-01 09:17:30',NULL,NULL,NULL),(788,271,1,'153.51','200.00','0.00','TERMITE X 100ML','2018-10-01 09:21:11','2018-10-01 09:21:11',NULL,NULL,NULL),(789,271,1,'253.19','315.00','0.00','TERMITE X 250ML','2018-10-01 09:21:11','2018-10-01 09:21:11',NULL,NULL,NULL),(790,271,1,'878.75','1050.00','0.00','TERMITE X 1 LTR.','2018-10-01 09:21:11','2018-10-01 09:21:11',NULL,NULL,NULL),(792,272,1,'44.45','60.00','0.00','DO ALL R. 350ML','2018-10-01 09:25:25','2018-10-01 09:25:25',NULL,NULL,NULL),(793,272,1,'70.00','90.00','0.00','BOSTIK R 350ML','2018-10-01 09:25:25','2018-10-01 09:25:25',NULL,NULL,NULL),(794,272,1,'20.00','30.00','0.00','BOSTIK R 45ML','2018-10-01 09:25:25','2018-10-01 09:25:25',NULL,NULL,NULL),(795,273,11,'185.00','240.00','0.00','PUREE  Laquire thiner','2018-10-01 09:31:16','2018-10-01 09:31:16',NULL,NULL,NULL),(796,273,11,'207.00','260.00','0.00','PUREE  D THINNER','2018-10-01 09:31:16','2018-10-01 09:31:16',NULL,NULL,NULL),(797,273,11,'162.00','210.00','0.00','PUREE  D ALCOHOL','2018-10-01 09:31:16','2018-10-01 09:31:16',NULL,NULL,NULL),(798,273,11,'55.00','105.00','0.00','PUREE  CON. NEUTRALIZER','2018-10-01 09:31:16','2018-10-01 09:31:16',NULL,NULL,NULL),(799,274,11,'0.00','0.00','0.00','Muriatic  ACID GAL.','2018-10-01 09:34:48','2018-10-01 09:34:48',NULL,NULL,NULL),(800,274,12,'0.00','0.00','0.00','Muriatic  ACID LTR.','2018-10-01 09:34:48','2018-10-01 09:34:48',NULL,NULL,NULL),(801,275,11,'212.50','270.00','0.00','P.THINNER','2018-10-01 09:36:29','2018-10-01 09:36:29',NULL,NULL,NULL),(802,276,1,'0.00','0.00','0.00','SOLIGNUM BROWN GAL.','2018-10-01 10:00:23','2018-10-01 10:00:23',NULL,NULL,NULL),(803,276,1,'0.00','0.00','0.00','SOLIGNUM Clear GAL.','2018-10-01 10:00:23','2018-10-01 10:00:23',NULL,NULL,NULL),(804,276,12,'458.15','570.00','0.00','SOLIGNUM BROWN LTR.','2018-10-01 10:28:33','2018-10-01 10:28:33',NULL,NULL,NULL),(805,276,12,'483.65','665.00','0.00','SOLIGNUM Clear LTR.','2018-10-01 10:28:33','2018-10-01 10:28:33',NULL,NULL,NULL),(806,277,1,'54.40','85.00','0.00','Dormer drill bit  1/8','2018-10-01 10:33:53','2018-10-01 10:33:53',NULL,NULL,NULL),(807,277,1,'59.50','95.00','0.00','Dormer drill bit  5/32','2018-10-01 10:33:53','2018-10-01 10:33:53',NULL,NULL,NULL),(808,277,1,'69.70','95.00','0.00','Dormer drill bit  3/16','2018-10-01 10:33:53','2018-10-01 10:33:53',NULL,NULL,NULL),(809,277,1,'221.00','310.00','0.00','Dormer drill bit  3/8','2018-10-01 10:33:53','2018-10-01 10:33:53',NULL,NULL,NULL),(810,277,1,'396.00','550.00','0.00','Dormer drill bit 1/2','2018-10-01 10:33:53','2018-10-01 10:33:53',NULL,NULL,NULL),(811,278,1,'96.00','155.00','0.00','EONS S/S DRILL BIT 1/4','2018-10-01 10:36:52','2018-10-01 10:36:52',NULL,NULL,NULL),(812,279,1,'56.70','80.00','0.00','IRWIN 3MM','2018-10-01 10:46:46','2018-10-01 10:46:46',NULL,NULL,NULL),(813,279,1,'57.60','85.00','0.00','IRWIN 4MM','2018-10-01 10:46:46','2018-10-01 10:46:46',NULL,NULL,NULL),(814,279,1,'67.50','95.00','0.00','IRWIN 5MM','2018-10-01 10:46:46','2018-10-01 10:46:46',NULL,NULL,NULL),(815,279,1,'68.40','110.00','0.00','IRWIN 5.5MM','2018-10-01 10:46:46','2018-10-01 10:46:46',NULL,NULL,NULL),(816,279,1,'76.50','110.00','0.00','IRWIN 6.5MM','2018-10-01 10:46:46','2018-10-01 10:46:46',NULL,NULL,NULL),(817,279,1,'142.20','160.00','0.00','IRWIN 9.5MM','2018-10-01 10:46:46','2018-10-01 10:46:46',NULL,NULL,NULL),(818,279,1,'179.10','295.00','0.00','IRWIN 11MM','2018-10-01 10:46:46','2018-10-01 10:46:46',NULL,NULL,NULL),(819,280,1,'0.65','1.00','0.00','TEKSCREW   s TM #1/2','2018-10-01 11:01:36','2018-10-01 11:01:36',NULL,NULL,NULL),(820,280,1,'0.63','1.50','0.00','TEKSCREW   s TM #1 1/2','2018-10-01 11:01:36','2018-10-01 11:01:36',NULL,NULL,NULL),(821,280,1,'0.72','1.75','0.00','TEKSCREW   s TM #2','2018-10-01 11:01:36','2018-10-01 11:01:36',NULL,NULL,NULL),(822,280,1,'0.80','2.00','0.00','TEKSCREW   s TM # 2 1/2','2018-10-01 11:01:36','2018-10-01 11:01:36',NULL,NULL,NULL),(823,280,1,'0.80','2.00','0.00','TEKSCREW   s TM # 2 1/2 Giant','2018-10-01 11:01:36','2018-10-01 11:01:36',NULL,NULL,NULL),(824,280,1,'0.72','1.50','0.00','TEKSCREW  s ( W) # 2','2018-10-01 11:01:36','2018-10-01 11:01:36',NULL,NULL,NULL),(825,281,1,'9.00','20.00','0.00','TANSI CLIP #50','2018-10-01 11:35:49','2018-10-01 11:35:49',NULL,NULL,NULL),(826,281,1,'5.50','15.00','0.00','TANSI CLIP #40','2018-10-01 11:35:49','2018-10-01 11:35:49',NULL,NULL,NULL),(827,281,1,'11.50','25.00','0.00','TANSI CLIP #70','2018-10-01 11:35:49','2018-10-01 11:35:49',NULL,NULL,NULL),(828,281,1,'19.25','35.00','0.00','TANSI CLIP #100','2018-10-01 11:35:49','2018-10-01 11:35:49',NULL,NULL,NULL),(829,281,1,'79.00','110.00','0.00','TANSI CLIP #300','2018-10-01 11:35:49','2018-10-01 11:35:49',NULL,NULL,NULL),(830,281,1,'13.25','30.00','0.00','TANSI CLIP #80','2018-10-01 11:35:49','2018-10-01 11:35:49',NULL,NULL,NULL),(831,282,1,'7.00','14.00','0.00','Omega Sand Paper # 120 CC','2018-10-01 11:51:44','2018-10-01 11:51:44',NULL,NULL,NULL),(832,282,1,'7.00','14.00','0.00','Omega Sand Paper # 150 CC','2018-10-01 11:51:44','2018-10-01 11:51:44',NULL,NULL,NULL),(833,282,1,'7.00','14.00','0.00','Omega Sand Paper # 240 CC','2018-10-01 11:51:44','2018-10-01 11:51:44',NULL,NULL,NULL),(834,282,1,'7.00','14.00','0.00','Omega Sand Paper # 600 CC','2018-10-01 11:51:44','2018-10-01 11:51:44',NULL,NULL,NULL),(835,282,1,'7.00','14.00','0.00','Omega Sand Paper # 800 CC','2018-10-01 11:51:44','2018-10-01 11:51:44',NULL,NULL,NULL),(836,282,1,'7.00','14.00','0.00','Omega Sand Paper # 1000 CC','2018-10-01 11:51:44','2018-10-01 11:51:44',NULL,NULL,NULL),(837,283,4,'62.00','100.00','0.00','Golden Bridge welding rod 2.5','2018-10-01 12:49:52','2018-10-01 12:49:52',NULL,NULL,NULL),(838,283,4,'60.00','100.00','0.00','Golden Bridge welding rod 3.2','2018-10-01 12:49:52','2018-10-01 12:49:52',NULL,NULL,NULL),(839,284,4,'120.00','150.00','0.00','Nihon weld Rod Special','2018-10-01 12:54:49','2018-10-01 12:54:49',NULL,NULL,NULL),(840,284,4,'120.00','150.00','0.00','Nihon weld Rod Special','2018-10-01 12:54:49','2018-10-01 12:54:49',NULL,NULL,NULL),(841,284,4,'125.00','150.00','0.00','Nihon weld 7018','2018-10-01 12:54:49','2018-10-01 12:54:49',NULL,NULL,NULL),(842,284,4,'100.00','150.00','0.00','WIP weld 7018','2018-10-01 12:54:49','2018-10-01 12:54:49',NULL,NULL,NULL),(843,285,4,'4.58','10.00','0.00','S/S WELDING rod 2.0','2018-10-01 12:58:59','2018-10-01 12:58:59',NULL,NULL,NULL),(844,285,4,'7.88','12.00','0.00','S/S WELDING rod 2.5','2018-10-01 12:58:59','2018-10-01 12:58:59',NULL,NULL,NULL),(845,285,4,'13.16','21.00','0.00','S/S WELDING rod 3.2','2018-10-01 12:58:59','2018-10-01 12:58:59',NULL,NULL,NULL),(846,286,1,'60.00','85.00','0.00','Drawer Guide 16','2018-10-01 13:01:13','2018-10-01 13:01:13',NULL,NULL,NULL),(847,286,1,'73.00','105.00','0.00','Drawer Guide 18','2018-10-01 13:01:13','2018-10-01 13:01:13',NULL,NULL,NULL),(848,287,1,'4.90','15.00','0.00','DYNA BOLT # 1/4','2018-10-01 13:08:18','2018-10-01 13:08:18',NULL,NULL,NULL),(849,287,1,'7.80','30.00','0.00','DYNA BOLT # 5/16','2018-10-01 13:08:18','2018-10-01 13:08:18',NULL,NULL,NULL),(850,287,1,'10.80','35.00','0.00','DYNA BOLT # 3/8','2018-10-01 13:08:18','2018-10-01 13:08:18',NULL,NULL,NULL),(851,287,1,'26.00','45.00','0.00','DYNA BOLT # 1/2','2018-10-01 13:08:18','2018-10-01 13:08:18',NULL,NULL,NULL),(852,288,1,'16.20','30.00','0.00','GI NIPPLE 1/4X2','2018-10-01 13:18:25','2018-10-01 13:18:25',NULL,NULL,NULL),(853,288,1,'12.60','35.00','0.00','GI NIPPLE 1/4X3','2018-10-01 13:18:25','2018-10-01 13:18:25',NULL,NULL,NULL),(854,288,1,'9.15','40.00','0.00','GI NIPPLE 3/8X2','2018-10-01 13:18:25','2018-10-01 13:18:25',NULL,NULL,NULL),(855,288,1,'11.45','45.00','0.00','GI NIPPLE 3/8X3','2018-10-01 13:18:25','2018-10-01 13:18:25',NULL,NULL,NULL),(856,289,1,'1.84','7.00','0.00','BRASS CUP HOOK #2','2018-10-01 13:31:45','2018-10-01 13:31:45',NULL,NULL,NULL),(857,289,1,'1.49','6.00','0.00','BRASS CUP HOOK #1 1/2','2018-10-01 13:31:45','2018-10-01 13:31:45',NULL,NULL,NULL),(858,289,1,'0.93','4.00','0.00','BRASS CUP HOOK #1 1/4','2018-10-01 13:31:45','2018-10-01 13:31:45',NULL,NULL,NULL),(859,289,1,'0.54','2.50','0.00','BRASS CUP HOOK #1','2018-10-01 13:31:45','2018-10-01 13:31:45',NULL,NULL,NULL),(860,289,1,'0.45','1.50','0.00','BRASS CUP HOOK #7/8','2018-10-01 13:31:46','2018-10-01 13:31:46',NULL,NULL,NULL),(861,289,1,'0.45','1.00','0.00','BRASS CUP HOOK #3/4','2018-10-01 13:31:46','2018-10-01 13:31:46',NULL,NULL,NULL),(862,289,1,'0.31','1.00','0.00','BRASS CUP HOOK #1/1','2018-10-01 13:31:46','2018-10-01 13:31:46',NULL,NULL,NULL),(863,289,1,'0.26','0.50','0.00','BRASS CUP HOOK #1/2','2018-10-01 13:31:46','2018-10-01 13:31:46',NULL,NULL,NULL),(864,289,1,'4.50','10.00','0.00','BRASS CUP HOOK#2','2018-10-01 13:41:31','2018-10-01 13:41:31',NULL,NULL,NULL),(865,289,1,'2.65','9.00','0.00','BRASS CUP HOOK# 1 1/2','2018-10-01 13:41:31','2018-10-01 13:41:31',NULL,NULL,NULL),(866,289,1,'2.40','8.00','0.00','BRASS CUP HOOK#1 1/4','2018-10-01 13:41:31','2018-10-01 13:41:31',NULL,NULL,NULL),(867,289,1,'1.70','6.00','0.00','BRASS CUP HOOK#1','2018-10-01 13:41:31','2018-10-01 13:41:31',NULL,NULL,NULL),(868,289,1,'1.50','4.00','0.00','BRASS CUP HOOK#7/8','2018-10-01 13:41:31','2018-10-01 13:41:31',NULL,NULL,NULL),(869,289,1,'1.10','2.00','0.00','BRASS CUP HOOK#5/8','2018-10-01 13:41:31','2018-10-01 13:41:31',NULL,NULL,NULL),(870,289,1,'1.65','3.00','0.00','BRASS CUP HOOK#3/4','2018-10-01 13:41:31','2018-10-01 13:41:31',NULL,NULL,NULL),(871,290,1,'5.20','10.00','0.00','CURTAIN END CAPS#1/2','2018-10-01 13:43:53','2018-10-01 13:43:53',NULL,NULL,NULL),(872,290,1,'6.40','12.00','0.00','CURTAIN END CAPS #3/4','2018-10-01 13:43:53','2018-10-01 13:43:53',NULL,NULL,NULL),(873,291,1,'45.00','75.00','0.00','MAKITA CARBON BRUSH BIG','2018-10-01 13:45:32','2018-10-01 13:45:32',NULL,NULL,NULL),(874,291,1,'45.00','75.00','0.00','MAKITA CARBON BRUSH SMALL','2018-10-01 13:45:32','2018-10-01 13:45:32',NULL,NULL,NULL),(875,292,1,'22.50','45.00','0.00','Chrome BARREL BOLT # 3','2018-10-01 13:49:27','2018-10-01 13:49:27',NULL,NULL,NULL),(876,292,1,'22.50','45.00','0.00','Chrome BARREL BOLT # 4','2018-10-01 13:49:27','2018-10-01 13:49:27',NULL,NULL,NULL),(877,292,1,'13.75','28.00','0.00','Chrome BARREL BOLT # 2 1/2','2018-10-01 13:49:27','2018-10-01 13:49:27',NULL,NULL,NULL),(878,292,1,'12.08','25.00','0.00','Chrome BARREL BOLT# 2','2018-10-01 13:49:27','2018-10-01 13:49:27',NULL,NULL,NULL),(879,292,1,'11.00','22.00','0.00','Chrome BARREL BOLT# 1 1/2','2018-10-01 13:49:27','2018-10-01 13:49:27',NULL,NULL,NULL),(880,293,1,'2.91','8.00','0.00','NARROW BOLT #1','2018-10-01 13:54:10','2018-10-01 13:54:10',NULL,NULL,NULL),(881,293,1,'4.75','15.00','0.00','NARROW BOLT #2','2018-10-01 13:54:10','2018-10-01 13:54:10',NULL,NULL,NULL),(882,293,1,'8.00','20.00','0.00','NARROW BOLT #3','2018-10-01 13:54:10','2018-10-01 13:54:10',NULL,NULL,NULL),(883,293,1,'15.80','25.00','0.00','NARROW BOLT #4','2018-10-01 13:54:10','2018-10-01 13:54:10',NULL,NULL,NULL),(884,293,1,'2.30','10.00','0.00','Narrow Bolt  505 A2','2018-10-01 13:54:10','2018-10-01 13:54:10',NULL,NULL,NULL),(885,294,1,'15.00','30.00','0.00','ORD. CURTAIN HOLDER # 1/2','2018-10-01 13:56:53','2018-10-01 13:57:03',NULL,NULL,NULL),(886,294,1,'15.00','30.00','0.00','ORD. Cur HOLDER # 1/2','2018-10-01 13:57:32','2018-10-01 13:57:32',NULL,NULL,NULL),(887,295,13,'11.60','30.00','0.00','SHELF BRACKET 5X6','2018-10-01 14:04:43','2018-10-01 14:04:43',NULL,NULL,NULL),(888,295,13,'17.92','35.00','0.00','SHELF BRACKET 6X8','2018-10-01 14:04:43','2018-10-01 14:04:43',NULL,NULL,NULL),(889,295,13,'23.34','45.00','0.00','SHELF BRACKET 8X10','2018-10-01 14:04:43','2018-10-01 14:04:43',NULL,NULL,NULL),(890,295,13,'31.67','55.00','0.00','SHELF BRACKET 8X10','2018-10-01 14:04:43','2018-10-01 14:04:43',NULL,NULL,NULL),(891,295,13,'50.00','65.00','0.00','SHELF BRACKET 12X14','2018-10-01 14:04:43','2018-10-01 14:04:43',NULL,NULL,NULL),(893,296,1,'14.40','20.00','0.00','ROUND FLANGES#1/2','2018-10-01 14:08:07','2018-10-01 14:08:07',NULL,NULL,NULL),(894,296,1,'36.00','60.00','0.00','ROUND FLANGES# 3/4','2018-10-01 14:08:07','2018-10-01 14:08:07',NULL,NULL,NULL),(895,296,1,'36.00','70.00','0.00','ROUND FLANGES #1','2018-10-01 14:08:07','2018-10-01 14:08:07',NULL,NULL,NULL),(896,297,1,'25.00','45.00','0.00','Cabinet  handle GOLD','2018-10-01 14:08:45','2018-10-01 14:08:45',NULL,NULL,NULL),(897,298,1,'8.00','50.00','0.00','END POST #1/2','2018-10-01 14:11:07','2018-10-01 14:11:07',NULL,NULL,NULL),(898,298,1,'10.00','90.00','0.00','END POST # 3/4','2018-10-01 14:11:07','2018-10-01 14:11:07',NULL,NULL,NULL),(899,298,1,'10.00','90.00','0.00','END POST #1','2018-10-01 14:11:07','2018-10-01 14:11:07',NULL,NULL,NULL),(901,299,1,'38.40','60.00','0.00','CENTER POST#1/2','2018-10-01 14:17:55','2018-10-01 14:17:55',NULL,NULL,NULL),(902,299,1,'36.00','60.00','0.00','CENTER POST# 3/4','2018-10-01 14:17:55','2018-10-01 14:17:55',NULL,NULL,NULL),(903,299,1,'43.20','70.00','0.00','CENTER POST#1','2018-10-01 14:17:55','2018-10-01 14:17:55',NULL,NULL,NULL),(904,300,1,'44.00','80.00','0.00','AdJustable  CURTAIN HOLDER','2018-10-01 14:22:16','2018-10-01 14:22:16',NULL,NULL,NULL),(905,300,1,'44.00','100.00','0.00','AdJustable  CURTAIN HOLDER','2018-10-01 14:22:16','2018-10-01 14:22:16',NULL,NULL,NULL),(906,300,1,'70.00','120.00','0.00','AdJustable  CURTAIN HOLDER','2018-10-01 14:22:16','2018-10-01 14:22:16',NULL,NULL,NULL),(907,301,1,'21.00','30.00','0.00','ORION antique Pull Handle#2003','2018-10-01 14:30:55','2018-10-01 14:30:55',NULL,NULL,NULL),(908,301,1,'18.00','25.00','0.00','ORION antique Pull Handle#2003 13','2018-10-01 14:30:55','2018-10-01 14:30:55',NULL,NULL,NULL),(909,301,1,'21.00','25.00','0.00','ORION antique Pull Handle#2004','2018-10-01 14:30:55','2018-10-01 14:30:55',NULL,NULL,NULL),(910,301,1,'16.00','30.00','0.00','ORION antique Pull Handle#2004 13','2018-10-01 14:30:55','2018-10-01 14:30:55',NULL,NULL,NULL),(911,302,1,'20.00','45.00','0.00','Antique  door pull','2018-10-01 14:34:52','2018-10-01 14:34:52',NULL,NULL,NULL),(912,302,1,'7.80','20.00','0.00','ORION chrome door pull # 4','2018-10-01 14:34:52','2018-10-01 14:34:52',NULL,NULL,NULL),(913,302,1,'11.66','25.00','0.00','ORION chrome door pull #5','2018-10-01 14:34:52','2018-10-01 14:34:52',NULL,NULL,NULL),(915,303,1,'26.00','50.00','0.00','Stainless cabinet handle # 4','2018-10-01 14:37:43','2018-10-01 14:37:43',NULL,NULL,NULL),(916,303,1,'36.00','80.00','0.00','Stainless cabinet handle # 6','2018-10-01 14:37:43','2018-10-01 14:37:43',NULL,NULL,NULL),(917,303,1,'40.00','120.00','0.00','Stainless cabinet handle# 8','2018-10-01 14:37:43','2018-10-01 14:37:43',NULL,NULL,NULL),(918,304,1,'3.83','10.00','0.00','China Safety Hasp# 1 1/2','2018-10-01 14:41:49','2018-10-01 14:41:49',NULL,NULL,NULL),(919,304,1,'4.53','15.00','0.00','China Safety Hasp# 1','2018-10-01 14:41:49','2018-10-01 14:41:49',NULL,NULL,NULL),(920,304,1,'7.65','15.00','0.00','China Safety Hasp# 3','2018-10-01 14:41:49','2018-10-01 14:41:49',NULL,NULL,NULL),(921,304,1,'9.92','20.00','0.00','China Safety Hasp# 4','2018-10-01 14:41:49','2018-10-01 14:41:49',NULL,NULL,NULL),(922,305,1,'30.00','50.00','0.00','Srew driver flat','2018-10-01 14:42:56','2018-10-01 14:42:56',NULL,NULL,NULL),(923,306,1,'36.00','55.00','0.00','Morse hacksaw blade','2018-10-01 14:43:46','2018-10-01 14:43:46',NULL,NULL,NULL),(924,307,1,'30.00','50.00','0.00','SandFlex HS Blade','2018-10-01 14:45:52','2018-10-01 14:45:52',NULL,NULL,NULL),(925,308,1,'160.00','250.00','0.00','Ohayo Door Closer','2018-10-01 14:46:39','2018-10-01 14:46:39',NULL,NULL,NULL),(926,309,1,'1710.00','1950.00','0.00','Ladder  9 steps','2018-10-01 14:48:18','2018-10-05 09:08:39',NULL,NULL,NULL),(927,309,1,'1900.00','2200.00','0.00','Ladder  10 steps','2018-10-01 14:48:18','2018-10-05 09:09:11',NULL,NULL,NULL),(928,310,1,'73.50','105.00','0.00','EAGLE TUMBLER SWICTH','2018-10-01 14:49:42','2018-10-01 14:49:42',NULL,NULL,NULL),(929,310,1,'27.30','65.00','0.00','KM TUMBLER SWICTH','2018-10-01 14:49:42','2018-10-01 14:49:42',NULL,NULL,NULL),(930,311,1,'14.00','25.00','0.00','REF Bulb E/4','2018-10-01 14:51:44','2018-10-01 14:51:44',NULL,NULL,NULL),(931,311,1,'11.50','22.00','0.00','REF Bulb E/12','2018-10-01 14:51:44','2018-10-01 14:51:44',NULL,NULL,NULL),(932,312,1,'21.60','30.00','0.00','ENTRANCE CAP #1/2','2018-10-01 14:55:24','2018-10-01 14:55:24',NULL,NULL,NULL),(933,312,1,'28.40','40.00','0.00','ENTRANCE CAP #3/4','2018-10-01 14:55:24','2018-10-01 14:55:24',NULL,NULL,NULL),(934,312,1,'36.00','50.00','0.00','ENTRANCE CAP #1','2018-10-01 14:55:24','2018-10-01 14:55:24',NULL,NULL,NULL),(935,313,1,'103.00','145.00','0.00','EAGLE PCCT','2018-10-01 14:56:14','2018-10-01 14:56:14',NULL,NULL,NULL),(936,314,1,'17.50','30.00','0.00','SPOOL INSULATOR ( BIG)','2018-10-01 14:57:02','2018-10-01 14:57:02',NULL,NULL,NULL),(937,315,1,'23.00','30.00','0.00','BALL INSULATOR ( BIG)','2018-10-01 14:58:29','2018-10-01 14:58:29',NULL,NULL,NULL),(938,315,1,'9.00','15.00','0.00','BALL INSULATOR (SMALL)','2018-10-01 14:58:29','2018-10-01 14:58:29',NULL,NULL,NULL),(940,316,1,'7.50','15.00','0.00','SCREW INSULATOR BIG','2018-10-01 15:00:22','2018-10-01 15:00:22',NULL,NULL,NULL),(941,317,1,'0.61','7.00','0.00','HINGES NB  505 B1','2018-10-01 15:20:53','2018-10-01 15:20:53',NULL,NULL,NULL),(942,317,1,'2.34','15.00','0.00','HINGES NB  505 B2','2018-10-01 15:20:53','2018-10-01 15:20:53',NULL,NULL,NULL),(943,317,1,'8.00','20.00','0.00','HINGES NB  505 B3','2018-10-01 15:20:53','2018-10-01 15:20:53',NULL,NULL,NULL),(944,317,1,'15.80','25.00','0.00','HINGES NB  505 B4','2018-10-01 15:20:53','2018-10-01 15:20:53',NULL,NULL,NULL),(945,317,1,'1.50','3.00','0.00','HINGES NB  505 A1','2018-10-01 15:20:53','2018-10-01 15:20:53',NULL,NULL,NULL),(946,317,1,'2.30','10.00','0.00','HINGES NB  505 A2','2018-10-01 15:20:53','2018-10-01 15:20:53',NULL,NULL,NULL),(947,317,1,'2.83','12.00','0.00','HINGES NB  505 A1/2','2018-10-01 15:20:53','2018-10-01 15:20:53',NULL,NULL,NULL),(948,317,1,'4.50','16.00','0.00','HINGES NB  505 A3','2018-10-01 15:20:53','2018-10-01 15:20:53',NULL,NULL,NULL),(949,317,1,'8.75','20.00','0.00','HINGES NB  505 A4','2018-10-01 15:20:53','2018-10-01 15:20:53',NULL,NULL,NULL),(950,317,1,'8.75','20.00','0.00','HINGES NB  838B2','2018-10-01 15:20:53','2018-10-01 15:20:53',NULL,NULL,NULL),(951,317,1,'5.41','5.00','0.00','HINGES NB  838A1','2018-10-01 15:20:53','2018-10-01 15:20:53',NULL,NULL,NULL),(952,317,1,'6.50','5.00','0.00','HINGES NB  838A2','2018-10-01 15:20:53','2018-10-01 15:20:53',NULL,NULL,NULL),(953,317,1,'6.50','20.00','0.00','HINGES NB  838A3','2018-10-01 15:20:53','2018-10-01 15:20:53',NULL,NULL,NULL),(954,317,1,'13.50','30.00','0.00','HINGES NB  838A4','2018-10-01 15:20:53','2018-10-01 15:20:53',NULL,NULL,NULL),(955,318,1,'0.66','1.50','0.00','NAIL CABLE CLIP AR 2.6','2018-10-01 15:24:11','2018-10-01 15:24:38',NULL,NULL,NULL),(956,318,1,'0.66','1.50','0.00','N CABLE CLIP AR 2.6','2018-10-01 15:25:06','2018-10-01 15:25:06',NULL,NULL,NULL),(957,318,1,'0.66','1.25','0.00','N CABLE CLIP AR 2.0','2018-10-01 15:25:06','2018-10-01 15:25:06',NULL,NULL,NULL),(958,318,1,'1.50','2.00','0.00','N CABLE CLIP AR 2N','2018-10-01 15:25:06','2018-10-01 15:25:06',NULL,NULL,NULL),(959,319,1,'250.00','350.00','0.00','EVER SAFETY SWITCH','2018-10-01 15:26:20','2018-10-01 15:26:20',NULL,NULL,NULL),(960,320,1,'120.00','170.00','0.00','SEC RACK SINGLE','2018-10-01 15:28:10','2018-10-01 15:28:10',NULL,NULL,NULL),(961,320,1,'168.00','235.00','0.00','SEC RACK DOUBLE','2018-10-01 15:28:10','2018-10-01 15:28:10',NULL,NULL,NULL),(962,321,1,'115.00','200.00','0.00','WELDING MASK','2018-10-01 15:29:03','2018-10-01 15:29:03',NULL,NULL,NULL),(963,322,1,'4.50','10.00','0.00','GI CLAM# 1/2','2018-10-01 15:32:44','2018-10-01 15:32:44',NULL,NULL,NULL),(964,322,1,'5.10','15.00','0.00','GI CLAM # 3/4','2018-10-01 15:32:44','2018-10-01 15:32:44',NULL,NULL,NULL),(965,322,1,'10.12','35.00','0.00','GI CLAM 2\'','2018-10-01 15:32:44','2018-10-01 15:32:44',NULL,NULL,NULL),(966,323,1,'15.00','35.00','0.00','SAPATILYA JETMATIC','2018-10-01 15:34:56','2018-10-01 15:34:56',NULL,NULL,NULL),(967,323,1,'9.00','15.00','0.00','SAPATILYA PITCHER','2018-10-01 15:34:56','2018-10-01 15:34:56',NULL,NULL,NULL),(969,324,1,'23.33','50.00','0.00','RUBBER force CuP w. handle','2018-10-01 15:36:52','2018-10-01 15:36:52',NULL,NULL,NULL),(971,325,1,'0.83','2.50','0.00','OPPO BLUE CLAMP # 1/2','2018-10-01 15:42:14','2018-10-01 15:42:14',NULL,NULL,NULL),(972,326,1,'84.00','130.00','0.00','CHROME PIPE # 1/2','2018-10-02 08:47:50','2018-10-02 08:47:50',NULL,NULL,NULL),(973,326,1,'126.00','190.00','0.00','CHROME PIPE # 3/4','2018-10-02 08:47:50','2018-10-02 08:47:50',NULL,NULL,NULL),(974,327,1,'0.65','3.00','0.00','LAG SCREW # 1/4X1/2','2018-10-02 09:31:25','2018-10-02 09:31:25',NULL,NULL,NULL),(975,327,1,'0.75','4.00','0.00','LAG SCREW # 1/4X2','2018-10-02 09:31:25','2018-10-02 09:31:25',NULL,NULL,NULL),(976,327,1,'1.21','5.00','0.00','LAG SCREW # 5/16 X1/2','2018-10-02 09:31:25','2018-10-02 09:31:25',NULL,NULL,NULL),(977,327,1,'1.50','6.00','0.00','LAG SCREW # 5/16 X 2','2018-10-02 09:31:25','2018-10-02 09:31:25',NULL,NULL,NULL),(978,327,1,'1.80','8.00','0.00','LAG SCREW # 5/16 X 2','2018-10-02 09:31:25','2018-10-02 09:31:25',NULL,NULL,NULL),(979,327,1,'2.90','12.00','0.00','LAG SCREW #3/8 X 2','2018-10-02 09:31:25','2018-10-02 09:31:25',NULL,NULL,NULL),(980,327,1,'3.65','14.00','0.00','LAG SCREW  # 1/2 X 11/2','2018-10-02 09:31:25','2018-10-02 09:31:25',NULL,NULL,NULL),(981,327,1,'4.13','16.00','0.00','LAG SCREW # 5/16 X 2','2018-10-02 09:31:25','2018-10-02 09:31:25',NULL,NULL,NULL),(982,328,1,'7.00','15.00','0.00','EXPANSION SHIELD 1/4 (SHORT)','2018-10-02 09:39:48','2018-10-02 09:39:48',NULL,NULL,NULL),(983,328,1,'6.00','12.00','0.00','EXPANSION SHIELD 1/4( LONG)','2018-10-02 09:39:48','2018-10-02 09:39:48',NULL,NULL,NULL),(984,328,1,'8.40','17.00','0.00','EXPANSION SHIELD 5/16 (SHORT)','2018-10-02 09:39:48','2018-10-02 09:39:48',NULL,NULL,NULL),(985,328,1,'7.20','15.00','0.00','EXPANSION SHIELD 5/16( LONG)','2018-10-02 09:39:48','2018-10-02 09:39:48',NULL,NULL,NULL),(986,328,1,'14.40','24.00','0.00','EXPANSION SHIELD 3/8 (SHORT)','2018-10-02 09:39:48','2018-10-02 09:39:48',NULL,NULL,NULL),(987,328,1,'9.60','20.00','0.00','EXPANSION SHIELD 3/8( LONG)','2018-10-02 09:39:48','2018-10-02 09:39:48',NULL,NULL,NULL),(988,328,1,'19.20','30.00','0.00','EXPANSION SHIELD 1/2(SHORT)','2018-10-02 09:39:48','2018-10-02 09:39:48',NULL,NULL,NULL),(989,328,1,'14.40','23.00','0.00','EXPANSION SHIELD 1/2( LONG)','2018-10-02 09:39:48','2018-10-02 09:39:48',NULL,NULL,NULL),(990,329,1,'0.24','1.00','0.00','GYPSUM SCREW WOOD# 1','2018-10-02 09:43:51','2018-10-02 09:43:51',NULL,NULL,NULL),(991,329,1,'0.32','1.50','0.00','GYPSUM SCREW WOOD# 1 1/2','2018-10-02 09:43:51','2018-10-02 09:43:51',NULL,NULL,NULL),(992,329,1,'0.38','2.00','0.00','GYPSUM SCREW WOOD# 2','2018-10-02 09:43:51','2018-10-02 09:43:51',NULL,NULL,NULL),(993,329,1,'0.29','1.00','0.00','GYPSUM SCREW METAL # 1','2018-10-02 09:48:00','2018-10-02 09:48:00',NULL,NULL,NULL),(994,329,1,'0.42','1.50','0.00','GYPSUM SCREW METAL # 1 1/2','2018-10-02 09:48:00','2018-10-02 09:48:00',NULL,NULL,NULL),(995,329,1,'0.42','1.50','0.00','GYPSUM SCREW METAL # 2','2018-10-02 09:48:00','2018-10-02 09:48:00',NULL,NULL,NULL),(996,329,1,'0.45','1.50','0.00','GYPSUM SCREW METAL # 2 1/2','2018-10-02 09:48:00','2018-10-02 09:48:00',NULL,NULL,NULL),(997,330,1,'0.15','1.00','0.00','WOOD  SCREW 1 (M)','2018-10-02 09:49:36','2018-10-02 09:49:36',NULL,NULL,NULL),(998,330,1,'0.15','1.00','0.00','WOOD  SCREW 1 1/2 (M)','2018-10-02 09:49:36','2018-10-02 09:49:36',NULL,NULL,NULL),(999,331,1,'0.80','1.00','0.00','METAL   SCREW # 4X1','2018-10-02 10:00:10','2018-10-02 10:00:10',NULL,NULL,NULL),(1000,331,1,'0.36','1.00','0.00','METAL   SCREW # 5X1','2018-10-02 10:00:10','2018-10-02 10:00:10',NULL,NULL,NULL),(1001,331,1,'0.19','1.00','0.00','METAL   SCREW # 6X1','2018-10-02 10:00:10','2018-10-02 10:00:10',NULL,NULL,NULL),(1002,331,1,'0.24','1.00','0.00','METAL   SCREW # 7X1','2018-10-02 10:00:10','2018-10-02 10:00:10',NULL,NULL,NULL),(1003,331,1,'0.28','1.50','0.00','METAL   SCREW # 8X1','2018-10-02 10:00:10','2018-10-02 10:00:10',NULL,NULL,NULL),(1004,331,1,'0.38','1.50','0.00','METAL   SCREW # 8X1/21','2018-10-02 10:00:10','2018-10-02 10:00:10',NULL,NULL,NULL),(1005,331,1,'0.51','2.00','0.00','METAL   SCREW # 10X 1 1/2','2018-10-02 10:00:10','2018-10-02 10:00:10',NULL,NULL,NULL),(1006,331,1,'0.65','2.00','0.00','METAL   SCREW # 10 X 1','2018-10-02 10:00:10','2018-10-02 10:00:10',NULL,NULL,NULL),(1007,331,1,'0.38','1.50','0.00','METAL   SCREW # 10 X 2','2018-10-02 10:00:10','2018-10-02 10:00:10',NULL,NULL,NULL),(1008,332,1,'10.80','20.00','0.00','TOX # 4','2018-10-02 10:04:23','2018-10-02 10:04:23',NULL,NULL,NULL),(1009,332,1,'10.80','20.00','0.00','TOX # 5','2018-10-02 10:04:23','2018-10-02 10:04:23',NULL,NULL,NULL),(1010,332,1,'21.00','45.00','0.00','TOX # 8','2018-10-02 10:04:23','2018-10-02 10:04:23',NULL,NULL,NULL),(1011,333,1,'14.07','30.00','0.00','OMNI PLUG 5 AMPS','2018-10-02 10:12:44','2018-10-02 10:12:44',NULL,NULL,NULL),(1012,333,1,'17.00','35.00','0.00','OMNI PLUG 10AMPS','2018-10-02 10:12:44','2018-10-02 10:12:44',NULL,NULL,NULL),(1013,333,1,'14.81','35.00','0.00','OMNI TRANSPARENT PLUG','2018-10-02 10:12:44','2018-10-02 10:12:44',NULL,NULL,NULL),(1014,333,1,'33.57','60.00','0.00','OMNI UNIVERSAL ADAPTOR','2018-10-02 10:12:44','2018-10-02 10:12:44',NULL,NULL,NULL),(1015,333,1,'24.76','45.00','0.00','OMNI WALL SWICTH','2018-10-02 10:12:44','2018-10-02 10:12:44',NULL,NULL,NULL),(1016,333,1,'28.00','40.00','0.00','OMNI SWITCH  ( wes 212 )','2018-10-02 10:12:44','2018-10-02 10:12:44',NULL,NULL,NULL),(1017,333,1,'28.00','40.00','0.00','OMNI 3 gang plate ( WEP 103)','2018-10-02 10:12:44','2018-10-02 10:12:44',NULL,NULL,NULL),(1018,334,1,'33.85','55.00','0.00','EAGLE HD PLUG','2018-10-02 10:20:21','2018-10-02 10:20:21',NULL,NULL,NULL),(1019,334,1,'46.65','65.00','0.00','EAGLE FUSE 60AMP','2018-10-02 10:20:21','2018-10-02 10:20:21',NULL,NULL,NULL),(1020,334,1,'21.00','30.00','0.00','EAGLE FUSE 15AMPS','2018-10-02 10:20:21','2018-10-02 10:20:21',NULL,NULL,NULL),(1021,334,1,'75.00','90.00','0.00','EAGLE TRI TAP OUTLET','2018-10-02 10:20:21','2018-10-02 10:20:21',NULL,NULL,NULL),(1022,334,1,'63.00','90.00','0.00','EAGLE DUPLEX tap OUTLET','2018-10-02 10:20:21','2018-10-02 10:20:21',NULL,NULL,NULL),(1023,334,1,'25.70','36.00','0.00','EAGLE 1758','2018-10-02 10:20:21','2018-10-02 10:20:21',NULL,NULL,NULL),(1024,335,1,'110.00','145.00','0.00','DELTA female plug','2018-10-02 10:24:20','2018-10-02 10:24:20',NULL,NULL,NULL),(1025,335,1,'15.75','30.00','0.00','DELTA regular plug','2018-10-02 10:24:21','2018-10-02 10:24:21',NULL,NULL,NULL),(1026,335,1,'34.75','65.00','0.00','DELTA plug adaptor','2018-10-02 10:24:21','2018-10-02 10:24:21',NULL,NULL,NULL),(1027,335,1,'34.75','65.00','0.00','DELTA blank plate','2018-10-02 10:24:21','2018-10-02 10:24:21',NULL,NULL,NULL),(1028,335,1,'4.00','15.00','0.00','DELTA stater','2018-10-02 10:24:21','2018-10-02 10:24:21',NULL,NULL,NULL),(1029,336,1,'12.00','18.00','0.00','KM 2022 female plug','2018-10-02 10:25:45','2018-10-02 10:25:45',NULL,NULL,NULL),(1030,337,1,'45.39','65.00','0.00','PANASONIC WNG OUTLET','2018-10-02 10:36:52','2018-10-02 10:36:52',NULL,NULL,NULL),(1031,337,1,'45.39','65.00','0.00','PANASONIC WNG SWITCH','2018-10-02 10:36:52','2018-10-02 10:36:52',NULL,NULL,NULL),(1032,337,1,'48.00','70.00','0.00','PANASONIC WEG OUTLET','2018-10-02 10:36:52','2018-10-02 10:36:52',NULL,NULL,NULL),(1033,337,1,'37.95','55.00','0.00','PANASONIC WNF 620310 -8','2018-10-02 10:36:52','2018-10-02 10:36:52',NULL,NULL,NULL),(1034,337,1,'37.95','55.00','0.00','PANASONIC WNF 6202W-8','2018-10-02 10:36:52','2018-10-02 10:36:52',NULL,NULL,NULL),(1035,337,1,'37.95','55.00','0.00','PANASONIC WNF 6221-8','2018-10-02 10:36:52','2018-10-02 10:36:52',NULL,NULL,NULL),(1036,338,1,'15.75','30.00','0.00','RCP3','2018-10-02 10:50:06','2018-10-02 10:50:06',NULL,NULL,NULL),(1037,338,1,'15.75','30.00','0.00','RCP1','2018-10-02 10:50:06','2018-10-02 10:50:06',NULL,NULL,NULL),(1038,338,1,'16.39','30.00','0.00','RCP2','2018-10-02 10:50:06','2018-10-02 10:50:06',NULL,NULL,NULL),(1039,338,1,'24.25','35.00','0.00','RCP4','2018-10-02 10:50:06','2018-10-02 10:50:06',NULL,NULL,NULL),(1040,338,1,'16.39','30.00','0.00','RWP1','2018-10-02 10:50:06','2018-10-02 10:50:06',NULL,NULL,NULL),(1041,338,1,'16.39','30.00','0.00','RWP2','2018-10-02 10:50:06','2018-10-02 10:50:06',NULL,NULL,NULL),(1042,338,1,'16.39','30.00','0.00','RWP3','2018-10-02 10:50:06','2018-10-02 10:50:06',NULL,NULL,NULL),(1043,338,1,'45.50','65.00','0.00','WDIII ( SET)','2018-10-02 10:50:06','2018-10-02 10:50:06',NULL,NULL,NULL),(1044,338,1,'24.94','50.00','0.00','RCSI','2018-10-02 10:50:06','2018-10-02 10:50:06',NULL,NULL,NULL),(1045,339,1,'105.00','150.00','0.00','ROYU 3 GANG SWITCH LED','2018-10-02 10:57:40','2018-10-02 10:57:40',NULL,NULL,NULL),(1046,339,1,'94.50','135.00','0.00','ROYU 3 GANG SWITCH','2018-10-02 10:57:40','2018-10-02 10:57:40',NULL,NULL,NULL),(1047,339,1,'45.50','65.00','0.00','ROYU 1 GANG SWITCH','2018-10-02 10:57:40','2018-10-02 10:57:40',NULL,NULL,NULL),(1048,339,1,'45.50','65.00','0.00','ROYU WIDE SERIES SWITCH','2018-10-02 10:57:40','2018-10-02 10:57:40',NULL,NULL,NULL),(1049,340,1,'77.00','110.00','0.00','ROYU 2 GANG OUTLET','2018-10-02 11:00:07','2018-10-02 11:00:07',NULL,NULL,NULL),(1050,340,1,'45.50','65.00','0.00','ROYU 1 GANG OUTLET','2018-10-02 11:00:07','2018-10-02 11:00:07',NULL,NULL,NULL),(1051,341,1,'748.00','1100.00','0.00','ROYU EXHAUST  FAN (CEIL) # 10','2018-10-02 11:06:23','2018-10-02 11:06:23',NULL,NULL,NULL),(1052,341,1,'1175.00','1650.00','0.00','ROYU EXHAUST  FAN (CEIL) # 14','2018-10-02 11:06:23','2018-10-05 09:06:20',NULL,NULL,NULL),(1053,341,1,'1066.00','1500.00','0.00','ROYU EXHAUST  FAN(CEIL) # 12','2018-10-02 11:06:23','2018-10-05 09:06:37',NULL,NULL,NULL),(1054,341,1,'926.00','1350.00','0.00','ROYU EXHAUST  FAN Wall mount','2018-10-02 11:06:23','2018-10-02 11:06:23',NULL,NULL,NULL),(1055,342,1,'135.54','220.00','0.00','Extension ( 5 METER)','2018-10-02 11:08:50','2018-10-02 11:08:50',NULL,NULL,NULL),(1056,343,1,'120.00','180.00','0.00','Meco Hose coupling  5/8','2018-10-02 11:11:59','2018-10-02 11:11:59',NULL,NULL,NULL),(1057,344,1,'60.00','95.00','0.00','Plumpshop Strainer','2018-10-02 11:13:35','2018-10-02 11:13:35',NULL,NULL,NULL),(1058,344,1,'14.00','40.00','0.00','PVC Strainer','2018-10-02 11:13:35','2018-10-02 11:13:35',NULL,NULL,NULL),(1059,345,1,'6.00','15.00','0.00','Stainless Hose clamp HD 1/2','2018-10-02 11:15:44','2018-10-02 11:15:44',NULL,NULL,NULL),(1060,345,1,'7.00','20.00','0.00','Stainless Hose clamp HD 5/8','2018-10-02 11:15:44','2018-10-02 11:15:44',NULL,NULL,NULL),(1061,345,1,'8.00','25.00','0.00','Stainless Hose clamp HD 1','2018-10-02 11:22:26','2018-10-02 11:22:26',NULL,NULL,NULL),(1062,346,1,'4.95','10.00','0.00','Hose clamp   1/2','2018-10-02 13:01:16','2018-10-02 13:01:16',NULL,NULL,NULL),(1063,346,1,'5.63','15.00','0.00','Hose clamp   1','2018-10-02 13:01:16','2018-10-02 13:01:16',NULL,NULL,NULL),(1064,346,1,'5.85','20.00','0.00','Hose clamp   1 1/4','2018-10-02 13:01:16','2018-10-02 13:01:16',NULL,NULL,NULL),(1065,346,1,'6.00','25.00','0.00','Hose clamp   1 1/2','2018-10-02 13:01:16','2018-10-02 13:01:16',NULL,NULL,NULL),(1066,346,1,'6.60','30.00','0.00','Hose clamp  2','2018-10-02 13:01:16','2018-10-02 13:01:16',NULL,NULL,NULL),(1067,347,1,'2.56','10.00','0.00','ARTIST BRUSH Yellow','2018-10-02 15:42:19','2018-10-02 15:42:19',NULL,NULL,NULL),(1068,347,1,'2.56','10.00','0.00','ARTIST BRUSH Orange','2018-10-02 15:42:19','2018-10-02 15:42:19',NULL,NULL,NULL),(1069,347,1,'2.56','10.00','0.00','ARTIST BRUSH Violet','2018-10-02 15:42:19','2018-10-02 15:42:19',NULL,NULL,NULL),(1070,347,1,'2.56','10.00','0.00','ARTIST BRUSH Red','2018-10-02 15:42:19','2018-10-02 15:42:19',NULL,NULL,NULL),(1071,347,1,'2.56','10.00','0.00','ARTIST BRUSH Blue','2018-10-02 15:42:19','2018-10-02 15:42:19',NULL,NULL,NULL),(1072,347,1,'2.56','10.00','0.00','ARTIST BRUSH Green','2018-10-02 15:42:19','2018-10-02 15:42:19',NULL,NULL,NULL),(1073,348,1,'330.00','400.00','0.00','Water Meter','2018-10-02 15:44:37','2018-10-02 15:44:37',NULL,NULL,NULL),(1074,349,1,'5.00','20.00','0.00','TEPLON 1/2','2018-10-02 16:06:14','2018-10-02 16:06:14',NULL,NULL,NULL),(1075,349,1,'8.00','40.00','0.00','TEPLON 1','2018-10-02 16:06:14','2018-10-02 16:06:14',NULL,NULL,NULL),(1076,350,1,'22.40','60.00','0.00','ECODEX PVC BALL VALVE # 1/2','2018-10-02 16:12:39','2018-10-05 08:48:25',NULL,NULL,NULL),(1077,350,1,'30.10','80.00','0.00','ECODEX PVC BALL VALVE # 3/4','2018-10-02 16:12:39','2018-10-05 09:04:08',NULL,NULL,NULL),(1078,350,1,'30.10','60.00','0.00','ECODEX PVC BALL VALVE  # 1','2018-10-02 16:12:39','2018-10-05 09:04:36',NULL,NULL,NULL),(1079,350,1,'46.20','0.00','0.00','VOSH TECH PVC  VALVE  # 3/4','2018-10-02 16:12:39','2018-10-02 16:12:39',NULL,NULL,NULL),(1080,351,8,'15.00','30.00','0.00','CABLE TIE white/black	100mm/pack','2018-10-02 16:27:55','2018-10-02 16:27:55',NULL,NULL,NULL),(1081,351,1,'0.13','0.50','0.00','CABLE TIE white/black	100mm/pcs','2018-10-02 16:27:55','2018-10-02 16:27:55',NULL,NULL,NULL),(1082,351,1,'44.00','88.00','0.00','CABLE TIE white/black	150mm/pack','2018-10-02 16:27:55','2018-10-02 16:27:55',NULL,NULL,NULL),(1083,351,1,'0.44','1.00','0.00','CABLE TIE white/black	150mm/pc','2018-10-02 16:27:55','2018-10-02 16:27:55',NULL,NULL,NULL),(1084,351,8,'69.00','138.00','0.00','CABLE TIE white/black	200mm/pack','2018-10-02 16:27:55','2018-10-02 16:27:55',NULL,NULL,NULL),(1085,351,1,'0.69','1.50','0.00','CABLE TIE white/black	200mm/ pcs','2018-10-02 16:27:55','2018-10-02 16:27:55',NULL,NULL,NULL),(1086,351,8,'92.50','185.00','0.00','CABLE TIE white/black	250mm/pack','2018-10-02 16:27:55','2018-10-02 16:27:55',NULL,NULL,NULL),(1087,351,1,'0.92','2.00','0.00','CABLE TIE white/black	250mm/pcs','2018-10-02 16:27:55','2018-10-02 16:27:55',NULL,NULL,NULL),(1088,351,8,'185.00','260.00','0.00','CABLE TIE white/black	300mm/pack','2018-10-02 16:27:55','2018-10-02 16:27:55',NULL,NULL,NULL),(1089,351,1,'1.85','3.50','0.00','CABLE TIE white/black	300mm/pcs','2018-10-02 16:27:55','2018-10-02 16:27:55',NULL,NULL,NULL),(1090,352,1,'38.00','100.00','0.00','Shoe Tack # 1/2','2018-10-02 16:30:32','2018-10-02 16:30:32',NULL,NULL,NULL),(1091,352,1,'38.00','100.00','0.00','Shoe Tack # 3/4','2018-10-02 16:30:32','2018-10-02 16:30:32',NULL,NULL,NULL),(1092,352,1,'38.00','100.00','0.00','Shoe Tack # 7/8','2018-10-02 16:30:32','2018-10-02 16:30:32',NULL,NULL,NULL),(1093,352,1,'38.00','100.00','0.00','Shoe Tack # 5/8','2018-10-02 16:30:32','2018-10-02 16:30:32',NULL,NULL,NULL),(1094,353,1,'140.00','160.00','0.00','BOySEN plasolux gloging putty','2018-10-03 10:49:56','2018-10-03 10:49:56',NULL,NULL,NULL),(1095,353,1,'152.00','170.00','0.00','BOySEN QDE white B 600','2018-10-03 10:49:56','2018-10-03 10:49:56',NULL,NULL,NULL),(1096,353,1,'110.00','125.00','0.00','BOySEN QDE brown B 680','2018-10-03 10:49:56','2018-10-03 10:49:56',NULL,NULL,NULL),(1097,353,1,'138.00','155.00','0.00','BOySEN QDE int\'l red B 671','2018-10-03 10:49:56','2018-10-03 10:49:56',NULL,NULL,NULL),(1098,353,1,'146.00','160.00','0.00','BOySEN gloss latex white B 710','2018-10-03 10:49:56','2018-10-03 10:49:56',NULL,NULL,NULL),(1099,353,1,'110.00','125.00','0.00','BOySEN latex raw stenna','2018-10-03 10:49:56','2018-10-03 10:49:56',NULL,NULL,NULL),(1100,353,1,'96.00','115.00','0.00','BOySEN latex thalo green','2018-10-03 10:49:56','2018-10-03 10:49:56',NULL,NULL,NULL),(1101,353,1,'135.00','110.00','0.00','BOySEN  delft blue','2018-10-03 10:49:56','2018-10-03 10:49:56',NULL,NULL,NULL),(1102,353,1,'100.00','150.00','0.00','BOySEN latex thalo blue','2018-10-03 10:49:56','2018-10-03 10:49:56',NULL,NULL,NULL),(1103,353,1,'100.00','115.00','0.00','BOySEN latex toluidint red','2018-10-03 10:53:42','2018-10-03 10:53:42',NULL,NULL,NULL),(1104,353,1,'71.00','85.00','0.00','BOySEN masonry putty','2018-10-03 10:53:42','2018-10-03 10:53:42',NULL,NULL,NULL),(1105,353,1,'140.00','155.00','0.00','BOySEN QDE bright red','2018-10-03 10:53:42','2018-10-03 10:53:42',NULL,NULL,NULL),(1106,353,1,'139.00','155.00','0.00','BOySEN lacquer sandin sealer','2018-10-03 10:53:42','2018-10-03 10:53:42',NULL,NULL,NULL),(1107,353,1,'125.00','140.00','0.00','BOySEN flate latex white','2018-10-03 10:53:42','2018-10-03 10:53:42',NULL,NULL,NULL),(1108,354,1,'91.20','102.00','0.00','WELCOAT  TTC HANZA YELLOW','2018-10-03 11:10:52','2018-10-03 11:10:52',NULL,NULL,NULL),(1109,354,1,'55.50','65.00','0.00','WELCOAT  TTC BURNT UMBER','2018-10-03 11:10:52','2018-10-03 11:10:52',NULL,NULL,NULL),(1110,354,1,'63.75','75.00','0.00','WELCOAT  TTC RAW SIENNA','2018-10-03 11:10:52','2018-10-03 11:10:52',NULL,NULL,NULL),(1111,354,1,'81.73','92.00','0.00','WELCOAT  TTC THALO BLUE','2018-10-03 11:10:52','2018-10-03 11:10:52',NULL,NULL,NULL),(1112,354,1,'81.73','92.00','0.00','WELCOAT  TTC THALO GREEN','2018-10-03 11:10:52','2018-10-03 11:10:52',NULL,NULL,NULL),(1113,354,1,'34.20','44.00','0.00','WELCOAT  AC THALO BLUE','2018-10-03 11:10:52','2018-10-03 11:10:52',NULL,NULL,NULL),(1114,354,1,'41.80','52.00','0.00','WELCOAT  TTC HANZA YELLOW','2018-10-03 11:10:52','2018-10-03 11:10:52',NULL,NULL,NULL),(1115,354,1,'34.20','44.00','0.00','WELCOAT  TTC THAW GREEN','2018-10-03 11:10:52','2018-10-03 11:10:52',NULL,NULL,NULL),(1116,354,1,'33.25','43.00','0.00','WELCOAT  TTC Ven Red','2018-10-03 11:10:52','2018-10-03 11:10:52',NULL,NULL,NULL),(1117,355,1,'19.40','30.00','0.00','WELCOAT  AC THALO GREEN','2018-10-03 13:25:48','2018-10-03 13:25:48',NULL,NULL,NULL),(1118,355,1,'19.47','30.00','0.00','WELCOAT  AC THALO BLUE','2018-10-03 13:25:48','2018-10-03 13:25:48',NULL,NULL,NULL),(1119,355,1,'25.27','34.00','0.00','WELCOAT  AC HANZA YELLOW','2018-10-03 13:25:48','2018-10-03 13:25:48',NULL,NULL,NULL),(1120,355,1,'19.00','29.00','0.00','WELCOAT  AC RAW SIENNA','2018-10-03 13:25:48','2018-10-03 13:25:48',NULL,NULL,NULL),(1121,355,1,'16.62','27.00','0.00','WELCOAT  AC BLACK','2018-10-03 13:25:48','2018-10-03 13:25:48',NULL,NULL,NULL),(1122,356,1,'47.50','58.00','0.00','WELCOAT QDE  WHITE','2018-10-03 13:37:33','2018-10-03 13:37:33',NULL,NULL,NULL),(1123,356,1,'38.95','49.00','0.00','WELCOAT QDE  BLACK','2018-10-03 13:37:33','2018-10-03 13:37:33',NULL,NULL,NULL),(1124,356,1,'38.50','49.00','0.00','WELCOAT QDE  BROWN','2018-10-03 13:37:33','2018-10-03 13:37:33',NULL,NULL,NULL),(1125,356,1,'42.75','53.00','0.00','WELCOAT QDE  CRYSTAL blue','2018-10-03 13:37:33','2018-10-03 13:37:33',NULL,NULL,NULL),(1126,356,1,'54.15','65.00','0.00','WELCOAT QDE  LEMON YELLOW','2018-10-03 13:37:33','2018-10-03 13:37:33',NULL,NULL,NULL),(1127,356,1,'42.75','53.00','0.00','WELCOAT QDE CRYSTAL GREEN','2018-10-03 13:37:33','2018-10-03 13:37:33',NULL,NULL,NULL),(1128,357,1,'195.70','211.00','0.00','WELCOAT QDE cal orange','2018-10-03 13:44:58','2018-10-03 13:44:58',NULL,NULL,NULL),(1129,357,1,'159.60','175.00','0.00','WELCOAT QDE  lemon yellow','2018-10-03 13:44:58','2018-10-03 13:44:58',NULL,NULL,NULL),(1130,357,1,'134.90','160.00','0.00','WELCOAT QDE  intl red','2018-10-03 13:44:58','2018-10-03 13:44:58',NULL,NULL,NULL),(1131,357,1,'129.20','145.00','0.00','WELCOAT QDE cristal green','2018-10-03 13:44:58','2018-10-03 13:44:58',NULL,NULL,NULL),(1132,357,1,'129.20','145.00','0.00','WELCOAT QDE cristal blue','2018-10-03 13:44:58','2018-10-03 13:44:58',NULL,NULL,NULL),(1133,358,1,'40.00','55.00','0.00','DAVIES ACRY COLOR H YELLOW','2018-10-03 13:47:20','2018-10-03 13:47:20',NULL,NULL,NULL),(1134,358,1,'112.00','125.00','0.00','FULA TITE LACQUERE TYPE','2018-10-03 13:47:20','2018-10-03 13:47:20',NULL,NULL,NULL),(1136,359,1,'20.00','25.00','0.00','LUTOS ENAMEL BLACK 	# 1/8','2018-10-03 13:52:15','2018-10-03 13:52:15',NULL,NULL,NULL),(1137,359,1,'40.00','45.00','0.00','LUTOS ENAMEL BLUE	# 1/8','2018-10-03 13:52:15','2018-10-03 13:52:15',NULL,NULL,NULL),(1138,360,1,'73.00','95.00','0.00','BOSNY SPRAY PAINT GREEN','2018-10-03 13:57:23','2018-10-03 13:57:23',NULL,NULL,NULL),(1139,360,1,'73.00','95.00','0.00','BOSNY SPRAY PAINT ORANGE','2018-10-03 13:57:24','2018-10-03 13:57:24',NULL,NULL,NULL),(1140,360,1,'73.00','95.00','0.00','BOSNY SPRAY PAINT YELLOW','2018-10-03 13:57:24','2018-10-03 13:57:24',NULL,NULL,NULL),(1141,360,1,'83.00','120.00','0.00','BOSNY SPRAY PAINT SILVER','2018-10-03 13:57:24','2018-10-03 14:06:33',NULL,NULL,NULL),(1142,360,1,'73.00','95.00','0.00','BOSNY SPRAY PAINT BLUE','2018-10-03 13:57:24','2018-10-03 13:57:24',NULL,NULL,NULL),(1143,360,1,'73.00','95.00','0.00','BOSNY SPRAY PAINT WHITE','2018-10-03 13:57:24','2018-10-03 13:57:24',NULL,NULL,NULL),(1144,360,1,'83.00','120.00','0.00','BOSNY SPRAY PAINT GOLD','2018-10-03 14:03:55','2018-10-03 14:03:55',NULL,NULL,NULL),(1145,360,1,'83.00','120.00','0.00','BOSNY SPRAY PAINT METALIC','2018-10-03 14:03:55','2018-10-03 14:03:55',NULL,NULL,NULL),(1146,360,1,'160.00','205.00','0.00','BOSNY SPRAY PAINT HIGH TEMP','2018-10-03 14:03:55','2018-10-03 14:03:55',NULL,NULL,NULL),(1147,360,1,'73.00','95.00','0.00','BOSNY SPRAY PAINT FLAT BLACK','2018-10-03 14:03:55','2018-10-03 14:03:55',NULL,NULL,NULL),(1148,360,1,'115.00','160.00','0.00','BOSNY SPRAY PAINT CHROME','2018-10-03 14:03:55','2018-10-03 14:03:55',NULL,NULL,NULL),(1149,360,1,'73.00','95.00','0.00','BOSNY SPRAY PAINT CLEAR','2018-10-03 14:06:33','2018-10-03 14:06:33',NULL,NULL,NULL),(1150,361,7,'10.00','20.00','0.00','BISON GARDEN HOSE # 1/2','2018-10-03 14:08:46','2018-10-03 14:08:46',NULL,NULL,NULL),(1151,361,7,'25.95','40.00','0.00','BISON GARDEN HOSE # 3/2','2018-10-03 14:08:46','2018-10-03 14:08:46',NULL,NULL,NULL),(1152,362,7,'11.90','25.00','0.00','RAINBOW TECHNO  HOSE 	# 1/2','2018-10-03 14:11:05','2018-10-03 14:11:05',NULL,NULL,NULL),(1153,362,7,'13.80','30.00','0.00','RAINBOW TECHNO  HOSE 	# 5/8','2018-10-03 14:11:05','2018-10-03 14:11:05',NULL,NULL,NULL),(1154,363,1,'15.44','25.00','0.00','FALCON HOSE # 1/2','2018-10-03 14:19:51','2018-10-03 14:19:51',NULL,NULL,NULL),(1155,363,1,'17.50','30.00','0.00','FALCON HOSE # 5/8','2018-10-03 14:19:51','2018-10-03 14:19:51',NULL,NULL,NULL),(1156,364,7,'79.00','130.00','0.00','REGINA FLEXIBLE HOSE # 1/2X 1/2 X16','2018-10-03 14:32:42','2018-10-03 14:32:42',NULL,NULL,NULL),(1157,364,7,'92.00','150.00','0.00','REGINA FLEXIBLE HOSE # 1/2X 1/2 X18','2018-10-03 14:32:42','2018-10-03 14:32:42',NULL,NULL,NULL),(1158,364,7,'92.00','110.00','0.00','REGINA FLEXIBLE HOSE # 1/2X 3/8 X12','2018-10-03 14:32:42','2018-10-03 14:32:42',NULL,NULL,NULL),(1159,364,7,'80.00','130.00','0.00','REGINA FLEXIBLE HOSE # 1/2X 3/8 X16','2018-10-03 14:32:42','2018-10-03 14:32:42',NULL,NULL,NULL),(1160,364,7,'88.00','150.00','0.00','REGINA FLEXIBLE HOSE # 1/2X 3/8 X18','2018-10-03 14:32:42','2018-10-03 14:32:42',NULL,NULL,NULL),(1161,365,1,'2.95','8.00','0.00','PLASTIC  HOSE MTR.	# 1/4','2018-10-03 14:43:27','2018-10-03 14:43:27',NULL,NULL,NULL),(1162,365,1,'3.60','8.00','0.00','PLASTIC  HOSE MTR.	# 5/16','2018-10-03 14:43:27','2018-10-03 14:43:27',NULL,NULL,NULL),(1163,365,1,'4.70','10.00','0.00','PLASTIC  HOSE MTR.	# 3/8','2018-10-03 14:43:27','2018-10-03 14:43:27',NULL,NULL,NULL),(1164,366,7,'94.44','150.00','0.00','Aluminum Screen  3 Feet','2018-10-03 14:45:23','2018-10-03 14:45:23',NULL,NULL,NULL),(1165,366,7,'122.22','190.00','0.00','Aluminum Screen  4 Feet','2018-10-03 14:45:23','2018-10-03 14:45:23',NULL,NULL,NULL),(1166,367,1,'60.86','90.00','0.00','Hardware Cloth','2018-10-03 14:46:29','2018-10-03 14:46:29',NULL,NULL,NULL),(1167,368,7,'64.60','120.00','0.00','Home Master Welded Wire 1x4','2018-10-03 14:48:11','2018-10-03 14:48:11',NULL,NULL,NULL),(1168,368,7,'47.50','80.00','0.00','Voschtech Welded Wire 1/2x4','2018-10-03 14:48:11','2018-10-03 14:48:11',NULL,NULL,NULL),(1169,368,7,'21.50','47.50','0.00','Golden Dragon Welded Wire 1x4','2018-10-03 14:52:33','2018-10-03 14:52:33',NULL,NULL,NULL),(1170,368,7,'47.50','80.00','0.00','China Welded Wire 1x4','2018-10-03 14:52:33','2018-10-03 14:52:33',NULL,NULL,NULL),(1171,369,1,'70.00','120.00','0.00','Flexible P Trap 1 1/4','2018-10-03 15:27:52','2018-10-03 15:27:52',NULL,NULL,NULL),(1172,369,1,'70.00','120.00','0.00','Flexible P Trap 1 1/2','2018-10-03 15:27:52','2018-10-03 15:27:52',NULL,NULL,NULL),(1173,370,1,'48.00','65.00','0.00','Plastic  twine','2018-10-03 15:30:52','2018-10-03 15:30:52',NULL,NULL,NULL),(1174,371,1,'3888.00','5500.00','0.00','Royal Tern Water Closet','2018-10-03 15:33:10','2018-10-05 08:41:27',NULL,NULL,NULL),(1175,372,1,'41.97','60.00','0.00','Shark Bidet Holder','2018-10-03 15:34:11','2018-10-03 15:34:11',NULL,NULL,NULL),(1176,373,1,'70.00','75.00','0.00','Sanwa Ball Flapper','2018-10-03 15:35:03','2018-10-03 15:35:03',NULL,NULL,NULL),(1179,374,1,'30.00','40.00','0.00','PVC Hose Coupling 1/2','2018-10-03 15:37:42','2018-10-03 15:37:42',NULL,NULL,NULL),(1180,375,1,'40.00','50.00','0.00','PVC Hose Coupling 5/8','2018-10-03 15:40:19','2018-10-03 15:40:19',NULL,NULL,NULL),(1181,376,1,'14.00','40.00','0.00','PVC Black Hose Coupling Univ','2018-10-03 15:41:31','2018-10-03 15:41:31',NULL,NULL,NULL),(1182,377,7,'14.50','25.00','0.00','SERVICE DROP WIRE # 6','2018-10-03 15:43:50','2018-10-03 15:43:50',NULL,NULL,NULL),(1183,378,1,'38.55','55.00','0.00','UNITED FLAT CORD # 16','2018-10-03 15:47:34','2018-10-03 15:47:34',NULL,NULL,NULL),(1184,378,1,'19.06','30.00','0.00','ROYU FLAT CORD # 16','2018-10-03 15:47:34','2018-10-03 15:47:34',NULL,NULL,NULL),(1185,378,1,'14.00','20.00','0.00','OMEGA FLAT CORD # 18','2018-10-03 15:47:34','2018-10-03 15:47:34',NULL,NULL,NULL),(1186,379,1,'5.00','10.00','0.00','Co Axial cable wire RG-6','2018-10-03 15:51:35','2018-10-03 15:51:35',NULL,NULL,NULL),(1187,379,1,'13.18','25.00','0.00','Omega Speaker Wire 16/2','2018-10-03 15:51:35','2018-10-03 15:51:35',NULL,NULL,NULL),(1188,380,1,'45.70','65.00','0.00','Royal cord # 14/2','2018-10-03 16:10:31','2018-10-03 16:10:31',NULL,NULL,NULL),(1189,381,7,'12.60','20.00','0.00','ROYU THHN 14/7 Stranded GREEN','2018-10-03 16:15:05','2018-10-03 16:15:05',NULL,NULL,NULL),(1190,381,7,'12.60','20.00','0.00','ROYU THHN 14/7 Starnded BLACK','2018-10-03 16:15:05','2018-10-03 16:15:05',NULL,NULL,NULL),(1191,381,7,'12.60','20.00','0.00','ROYU THHN 14/7 Stranded Red','2018-10-03 16:15:05','2018-10-03 16:15:05',NULL,NULL,NULL),(1192,381,7,'12.60','20.00','0.00','ROYU THHN 14/7 Stranded White','2018-10-03 16:15:05','2018-10-03 16:15:05',NULL,NULL,NULL),(1193,381,7,'12.60','20.00','0.00','ROYU THHN 14/7 Stranded YELLOW','2018-10-03 16:15:05','2018-10-03 16:15:05',NULL,NULL,NULL),(1194,381,7,'12.60','20.00','0.00','ROYU THHN 14/7 Stranded Blue','2018-10-03 16:15:05','2018-10-03 16:15:05',NULL,NULL,NULL),(1195,381,7,'18.29','30.00','0.00','ROYU THHN 14/7 Flat Cord black','2018-10-03 16:15:05','2018-10-03 16:15:05',NULL,NULL,NULL),(1196,382,14,'3871.00','3350.00','0.00','ROYU THHN 12/7 box','2018-10-03 16:18:03','2018-10-05 08:37:31',NULL,NULL,NULL),(1197,382,7,'19.14','28.00','0.00','ROYU THHN 12/7 BLUE','2018-10-03 16:18:03','2018-10-03 16:18:03',NULL,NULL,NULL),(1198,382,7,'19.14','28.00','0.00','ROYU THHN 12/7 BLACK','2018-10-03 16:18:03','2018-10-03 16:18:03',NULL,NULL,NULL),(1199,383,14,'4.00','5050.00','0.00','ROYU THHN 10/7 Box','2018-10-03 16:21:02','2018-10-03 16:21:02',NULL,NULL,NULL),(1200,383,3,'29.29','38.00','0.00','ROYU THHN 10/7 BLUE','2018-10-03 16:21:02','2018-10-03 16:21:02',NULL,NULL,NULL),(1201,383,3,'29.29','38.00','0.00','ROYU THHN 10/7  WHITE','2018-10-03 16:21:02','2018-10-03 16:21:02',NULL,NULL,NULL),(1202,383,3,'4.00','5050.00','0.00','ROYU THHN 10/7  box','2018-10-03 16:23:48','2018-10-03 16:23:48',NULL,NULL,NULL),(1203,383,7,'29.29','38.00','0.00','ROYU THHN 10/7 150M BLUE','2018-10-03 16:23:48','2018-10-03 16:23:48',NULL,NULL,NULL),(1204,383,7,'29.29','38.00','0.00','ROYU THHN 10/7 150M WHITE','2018-10-03 16:23:48','2018-10-03 16:23:48',NULL,NULL,NULL),(1205,384,7,'20.00','30.00','0.00','WINFLEX FLAT CORD # 16/2','2018-10-03 16:25:10','2018-10-03 16:25:10',NULL,NULL,NULL),(1207,385,7,'14.85','25.00','0.00','PHELP DODGE  THHN 12/7 BLACK','2018-10-03 16:27:34','2018-10-03 16:27:34',NULL,NULL,NULL),(1208,385,7,'21.78','30.00','0.00','PHELP DODGE  THHN 12/7 WHITE','2018-10-03 16:27:34','2018-10-03 16:27:34',NULL,NULL,NULL),(1210,386,7,'13.25','20.00','0.00','PHELP DODGE  THHN 14/7 BLACK','2018-10-03 16:29:10','2018-10-03 16:29:10',NULL,NULL,NULL),(1211,386,7,'13.25','20.00','0.00','PHELP DODGE  THHN 14/7 RED','2018-10-03 16:29:10','2018-10-03 16:29:10',NULL,NULL,NULL),(1212,387,7,'13.25','20.00','0.00','PHELP DODGE  THHN 14','2018-10-04 08:49:08','2018-10-04 08:49:08',NULL,NULL,NULL),(1213,388,1,'41.37','55.00','0.00','ALLIED DUPLEX WIRE # 12','2018-10-04 08:50:42','2018-10-04 08:50:42',NULL,NULL,NULL),(1214,388,1,'57.29','75.00','0.00','ALLIED DUPLEX WIRE # 10','2018-10-04 08:50:42','2018-10-04 08:50:42',NULL,NULL,NULL),(1215,389,1,'8.55','15.00','0.00','POWER FLEX  TW BLACK # 14','2018-10-04 08:57:19','2018-10-04 08:57:19',NULL,NULL,NULL),(1216,389,1,'12.54','20.00','0.00','POWER FLEX  TW BLACK # 12','2018-10-04 08:57:19','2018-10-04 08:57:19',NULL,NULL,NULL),(1217,389,1,'30.02','40.00','0.00','POWER FLEX  TW BLACK # 8','2018-10-04 08:57:19','2018-10-04 08:57:19',NULL,NULL,NULL),(1218,390,7,'31.60','45.00','0.00','POWER FLEX THHN # 8 Black','2018-10-04 08:59:32','2018-10-04 08:59:32',NULL,NULL,NULL),(1219,390,7,'31.60','45.00','0.00','POWER FLEX THHN # 8 Red','2018-10-04 08:59:32','2018-10-04 08:59:32',NULL,NULL,NULL),(1220,390,7,'31.60','45.00','0.00','POWER FLEX THHN # 8 White','2018-10-04 08:59:32','2018-10-04 08:59:32',NULL,NULL,NULL),(1221,391,7,'13.20','20.00','0.00','POWER FLEX THHN # 12 Blue','2018-10-04 09:02:14','2018-10-04 09:02:14',NULL,NULL,NULL),(1222,391,7,'13.20','20.00','0.00','POWER FLEX THHN # 12 White','2018-10-04 09:02:14','2018-10-04 09:02:14',NULL,NULL,NULL),(1223,391,7,'13.20','20.00','0.00','POWER FLEX THHN # 12 Black','2018-10-04 09:02:14','2018-10-04 09:02:14',NULL,NULL,NULL),(1224,392,1,'94.00','102.00','0.00','DEFORMED BAR 8 MM','2018-10-04 09:28:13','2018-10-04 09:28:13',NULL,NULL,NULL),(1225,392,1,'95.00','102.00','0.00','DEFORMED BAR 9 MM','2018-10-04 09:28:13','2018-10-04 09:28:13',NULL,NULL,NULL),(1226,392,1,'141.00','150.00','0.00','DEFORMED BAR 10 MM','2018-10-04 09:28:13','2018-10-04 09:28:13',NULL,NULL,NULL),(1227,392,1,'206.00','220.00','0.00','DEFORMED BAR 12 MM','2018-10-04 09:28:13','2018-10-04 09:28:13',NULL,NULL,NULL),(1228,392,1,'367.00','400.00','0.00','DEFORMED BAR  16 MM','2018-10-04 09:28:13','2018-10-04 09:28:13',NULL,NULL,NULL),(1229,392,1,'569.00','595.00','0.00','DEFORMED BAR  20 MM','2018-10-04 09:28:13','2018-10-04 09:28:13',NULL,NULL,NULL),(1231,393,1,'132.00','147.00','0.00','ROUND BAR / PLAIN BAR 10MM','2018-10-04 09:29:36','2018-10-04 09:29:36',NULL,NULL,NULL),(1232,393,1,'168.00','188.00','0.00','ROUND BAR / PLAIN BAR 12 MM','2018-10-04 09:29:36','2018-10-04 09:29:36',NULL,NULL,NULL),(1233,394,1,'452.00','540.00','0.00','GI TUBULAR # 1X2 (1.5)','2018-10-04 09:33:12','2018-10-04 09:33:12',NULL,NULL,NULL),(1234,394,1,'268.50','340.00','0.00','GI TUBULAR # 1X1 (1.5)','2018-10-04 09:33:12','2018-10-04 09:33:12',NULL,NULL,NULL),(1235,394,1,'572.00','680.00','0.00','GI TUBULAR # 2X2 (1.5)','2018-10-04 09:33:12','2018-10-04 09:33:12',NULL,NULL,NULL),(1236,394,1,'581.00','830.00','0.00','GI TUBULAR # 2X3 (1.5)','2018-10-04 09:33:12','2018-10-04 09:33:12',NULL,NULL,NULL),(1237,394,1,'810.00','930.00','0.00','GI TUBULAR # 2X4 (1.5)','2018-10-04 09:33:12','2018-10-04 09:33:12',NULL,NULL,NULL),(1238,392,1,'90.20','98.00','0.00','Deformed Bar 8MM x 6','2018-10-04 09:34:12','2018-10-04 09:34:12',NULL,NULL,NULL),(1239,395,1,'561.00','645.00','0.00','BI TUBULAR  1 X2','2018-10-04 09:42:58','2018-10-04 09:45:10',NULL,NULL,NULL),(1240,395,1,'268.50','340.00','0.00','BI TUBULAR  1X1','2018-10-04 09:42:58','2018-10-05 08:28:46',NULL,NULL,NULL),(1241,395,1,'572.00','680.00','0.00','BI TUBULAR 2X2','2018-10-04 09:42:58','2018-10-04 09:42:58',NULL,NULL,NULL),(1242,395,1,'810.00','930.00','0.00','BI TUBULAR 2X4','2018-10-04 09:42:58','2018-10-04 09:42:58',NULL,NULL,NULL),(1243,396,1,'512.00','615.00','0.00','GI C PURLINS 1.05 X 2 X 3','2018-10-04 09:51:38','2018-10-04 09:51:38',NULL,NULL,NULL),(1244,396,1,'373.00','450.00','0.00','GI C PURLINS .8 X 2 X 3','2018-10-04 09:51:38','2018-10-04 09:51:38',NULL,NULL,NULL),(1245,396,1,'711.00','850.00','0.00','GI C PURLINS .9X 2 X 6','2018-10-04 09:51:38','2018-10-04 09:51:38',NULL,NULL,NULL),(1246,396,1,'471.00','570.00','0.00','GI C PURLINS 2X6','2018-10-04 09:51:38','2018-10-04 09:51:38',NULL,NULL,NULL),(1247,396,1,'377.00','455.00','0.00','GI C PURLINS  2X4','2018-10-04 09:51:39','2018-10-04 09:51:39',NULL,NULL,NULL),(1248,397,1,'176.50','215.00','0.00','Square  BAR 12 MM WHITE','2018-10-04 09:53:38','2018-10-04 09:53:38',NULL,NULL,NULL),(1249,397,1,'105.00','126.00','0.00','Square  BAR 10 MM GREEN','2018-10-04 09:53:38','2018-10-04 09:53:38',NULL,NULL,NULL),(1250,398,1,'713.00','820.00','0.00','ANGLE BAR  1/4 X2( 3.5) GREEN','2018-10-04 10:01:52','2018-10-04 10:01:52',NULL,NULL,NULL),(1251,398,1,'361.00','420.00','0.00','ANGLE BAR  1/4 X1( 3.5) GREEN','2018-10-04 10:01:52','2018-10-04 10:01:52',NULL,NULL,NULL),(1252,398,1,'298.00','345.00','0.00','ANGLE BAR  1/4 X1 ( 3.0) YELLOW','2018-10-04 10:01:52','2018-10-04 10:01:52',NULL,NULL,NULL),(1253,398,1,'501.00','580.00','0.00','ANGLE BAR 1/4 X1 1/2 ( 3.5) GREEN','2018-10-04 10:01:52','2018-10-04 10:01:52',NULL,NULL,NULL),(1254,398,1,'559.00','645.00','0.00','ANGLE BAR 1/4X1 1/2 ( 4.0) ORANGE','2018-10-04 10:01:52','2018-10-04 10:01:52',NULL,NULL,NULL),(1255,398,1,'1.00','1507.00','0.00','ANGLE BAR 1/4X3 ( 3.5) GREEN','2018-10-04 10:01:52','2018-10-04 10:01:52',NULL,NULL,NULL),(1256,398,1,'0.00','0.00','0.00','ANGLE BAR 1/4X1 1/4','2018-10-04 10:01:52','2018-10-04 10:02:34',NULL,NULL,NULL),(1257,398,1,'271.00','320.00','0.00','ANGLE BAR  3/16 X1 ( 2.5) RED','2018-10-04 10:03:57','2018-10-04 10:03:57',NULL,NULL,NULL),(1258,398,1,'227.00','275.00','0.00','ANGLE BAR  1/8 X1  ( 2.0) BLUE','2018-10-04 10:04:46','2018-10-04 10:04:46',NULL,NULL,NULL),(1259,398,1,'344.00','400.00','0.00','ANGLE BAR  1/8 X1 1/2 ( 2.0)BLUE','2018-10-04 10:05:39','2018-10-04 10:05:39',NULL,NULL,NULL),(1260,398,1,'395.00','540.00','0.00','ANGLE BAR  1 1/2x 3x 16 ( 2.5) RED','2018-10-04 10:07:04','2018-10-04 10:07:04',NULL,NULL,NULL),(1261,398,1,'445.00','540.00','0.00','ANGLE BAR 1 1/2 x 3 x 16 ( 3.0) YELLOW','2018-10-04 10:07:04','2018-10-04 10:07:04',NULL,NULL,NULL),(1262,399,1,'113.00','140.00','0.00','FLAT  BAR 3/16X1','2018-10-04 10:11:14','2018-10-04 10:11:38',NULL,NULL,NULL),(1263,399,1,'113.00','140.00','0.00','Flat bar 3/16X1','2018-10-04 10:15:49','2018-10-04 10:15:49',NULL,NULL,NULL),(1264,399,1,'267.00','325.00','0.00','FLAT  BAR 3/16X2','2018-10-04 10:15:49','2018-10-04 10:15:49',NULL,NULL,NULL),(1265,399,1,'213.00','260.00','0.00','FLAT  BAR 3/16X11/2','2018-10-04 10:15:49','2018-10-04 10:15:49',NULL,NULL,NULL),(1266,399,1,'90.00','120.00','0.00','FLAT  BAR 3/16X3/4','2018-10-04 10:15:49','2018-10-04 10:15:49',NULL,NULL,NULL),(1267,399,1,'145.00','175.00','0.00','FLAT  BAR 1/4 X 1','2018-10-04 10:20:12','2018-10-04 10:20:12',NULL,NULL,NULL),(1268,399,1,'221.00','265.00','0.00','FLAT  BAR 1/4 X 1 1/4','2018-10-04 10:20:12','2018-10-04 10:20:12',NULL,NULL,NULL),(1269,399,1,'122.00','150.00','0.00','FLAT  BAR 1/4 X 3/4','2018-10-04 10:20:12','2018-10-04 10:20:12',NULL,NULL,NULL),(1270,399,1,'90.00','120.00','0.00','FLAT  BAR 1/4X1/2','2018-10-04 10:20:12','2018-10-04 10:20:12',NULL,NULL,NULL),(1271,399,1,'346.00','420.00','0.00','FLAT  BAR 1/4 X 2','2018-10-04 10:20:12','2018-10-04 10:20:12',NULL,NULL,NULL),(1272,400,1,'210.00','260.00','0.00','PALUPO RIDE WELL MAKAPAL','2018-10-04 10:22:44','2018-10-04 10:22:44',NULL,NULL,NULL),(1273,400,1,'79.00','120.00','0.00','PALUPO  RIDE WELL ORDINARY','2018-10-04 10:22:44','2018-10-04 10:22:44',NULL,NULL,NULL),(1274,399,1,'70.00','85.00','0.00','FLAT  BAR 1/8 X 3/4','2018-10-04 10:25:35','2018-10-04 10:25:35',NULL,NULL,NULL),(1275,401,1,'79.00','120.00','0.00','GUTTER ORDINARY','2018-10-04 10:27:45','2018-10-04 10:27:45',NULL,NULL,NULL),(1276,402,1,'425.00','510.00','0.00','STEEL MATTING 	2 x 2 x 4 X 8','2018-10-04 10:29:17','2018-10-04 10:29:17',NULL,NULL,NULL),(1277,402,1,'1.00','1500.00','0.00','STEEL MATTING 	6X20','2018-10-04 10:29:17','2018-10-04 10:29:17',NULL,NULL,NULL),(1278,403,1,'2.00','3060.00','0.00','BI MS PLATE 2MM','2018-10-04 10:30:08','2018-10-04 10:30:08',NULL,NULL,NULL),(1279,404,1,'31.50','45.00','0.00','WALL ANGLE','2018-10-04 10:31:04','2018-10-04 10:31:04',NULL,NULL,NULL),(1280,405,1,'104.50','130.00','0.00','Metal FURRING  ( GOOD )','2018-10-04 10:36:22','2018-10-04 10:36:22',NULL,NULL,NULL),(1281,405,1,'104.50','130.00','0.00','Metal FURRING  DEFFECT','2018-10-04 10:36:23','2018-10-04 10:36:23',NULL,NULL,NULL),(1282,406,1,'175.00','225.00','0.00','CONDUIT PIPE RSC PIPE # 3/4','2018-10-04 11:04:13','2018-10-04 11:04:13',NULL,NULL,NULL),(1283,406,1,'295.00','375.00','0.00','CONDUIT PIPE RSC PIPE # 1','2018-10-04 11:04:13','2018-10-04 11:04:13',NULL,NULL,NULL),(1284,407,1,'232.00','272.00','0.00','SUPER LUME ( EXCEL) 	8 FEET','2018-10-04 11:07:56','2018-10-04 11:07:56',NULL,NULL,NULL),(1285,407,1,'261.00','306.00','0.00','SUPER LUME ( EXCEL) 	9 FEET','2018-10-04 11:07:56','2018-10-04 11:07:56',NULL,NULL,NULL),(1286,407,1,'203.00','238.00','0.00','SUPER LUME ( EXCEL) 	7 FEET','2018-10-04 11:07:56','2018-10-04 11:07:56',NULL,NULL,NULL),(1287,407,1,'348.00','410.00','0.00','SUPER LUME ( EXCEL) 	12 FEET','2018-10-04 11:07:56','2018-10-04 11:07:56',NULL,NULL,NULL),(1288,408,1,'272.00','360.00','0.00','SUPER LUME EXTREME  9 FEET','2018-10-04 11:16:33','2018-10-04 11:16:33',NULL,NULL,NULL),(1289,408,1,'390.00','460.00','0.00','SUPER LUME EXTREME  7 FEET','2018-10-04 11:16:33','2018-10-04 11:16:33',NULL,NULL,NULL),(1290,408,1,'468.00','552.00','0.00','SUPER LUME EXTREME 	12 FEET','2018-10-04 11:16:33','2018-10-04 11:16:33',NULL,NULL,NULL),(1291,409,1,'32.20','60.00','0.00','EL TORO CEMENT TROWEL # 12','2018-10-04 11:19:20','2018-10-04 11:19:20',NULL,NULL,NULL),(1292,410,1,'71.08','100.00','0.00','OMNI WE-40 AIRCON OUTLET W/ PLATE','2018-10-04 11:20:45','2018-10-04 11:20:45',NULL,NULL,NULL),(1293,411,1,'17.64','35.00','0.00','OMNI E27 -602 W PROOF RUBBER SOCKET','2018-10-04 11:22:16','2018-10-04 11:22:16',NULL,NULL,NULL),(1294,412,1,'6.00','20.00','0.00','WELDING LENS dark','2018-10-04 11:24:38','2018-10-04 11:24:38',NULL,NULL,NULL),(1295,412,1,'6.00','15.00','0.00','WELDING LENS clear','2018-10-04 11:24:38','2018-10-04 11:24:38',NULL,NULL,NULL),(1296,413,1,'7.50','15.00','0.00','BEAGLE SAND PAPER 	# 100','2018-10-04 11:27:10','2018-10-04 11:27:10',NULL,NULL,NULL),(1297,414,1,'18.75','40.00','0.00','DIAMOND BARREL BOLT CP 4','2018-10-04 11:29:42','2018-10-04 11:29:42',NULL,NULL,NULL),(1298,415,1,'77.00','110.00','0.00','SELCO LIQUID SOSA 1 LTR.','2018-10-04 11:30:49','2018-10-04 11:30:49',NULL,NULL,NULL),(1299,141,1,'103.05','130.00','0.00','PIONEER ELASTO SEAL 250 GRMS','2018-10-04 11:36:05','2018-10-04 11:36:05',NULL,NULL,NULL),(1300,416,1,'175.00','250.00','0.00','ITALY SQUARE PRESSURE SWITCH','2018-10-04 11:37:29','2018-10-04 11:37:29',NULL,NULL,NULL),(1301,417,1,'0.00','0.00','0.00','ARMAK ELECTRIC TAPE Black','2018-10-04 11:38:49','2018-10-04 11:39:28',NULL,NULL,NULL),(1302,418,1,'14.00','30.00','0.00','PATCHING COMPOUND','2018-10-04 11:41:02','2018-10-04 11:41:02',NULL,NULL,NULL),(1303,419,1,'157.00','195.00','0.00','Puree DENATURED ALCOHOL 4 LTR','2018-10-04 11:44:03','2018-10-04 11:44:03',NULL,NULL,NULL),(1304,420,1,'140.00','170.00','0.00','CORNESA 1/2X10','2018-10-04 11:48:46','2018-10-04 11:48:46',NULL,NULL,NULL),(1305,420,1,'168.00','200.00','0.00','CORNESA 1/2X12','2018-10-04 11:48:46','2018-10-04 11:48:46',NULL,NULL,NULL),(1306,420,1,'209.00','250.00','0.00','CORNESA 1/3X10','2018-10-04 11:48:46','2018-10-04 11:48:46',NULL,NULL,NULL),(1307,421,1,'82.00','100.00','0.00','CARRYING CHANNEL # 7','2018-10-04 11:49:37','2018-10-04 11:49:37',NULL,NULL,NULL),(1308,422,1,'195.00','280.00','0.00','Bio Orange pipe S600 3\"','2018-10-04 11:51:31','2018-10-04 11:51:31',NULL,NULL,NULL),(1309,422,1,'104.00','160.00','0.00','Bio Orange pipe S600 2\"','2018-10-04 11:51:31','2018-10-04 11:51:31',NULL,NULL,NULL),(1310,423,7,'5.44','10.00','0.00','EURO FLEX HOSE 1/2','2018-10-04 11:54:36','2018-10-04 11:54:36',NULL,NULL,NULL),(1311,423,9,'272.00','400.00','0.00','EUROFLEX HOSE 1/2','2018-10-04 11:54:36','2018-10-04 11:54:36',NULL,NULL,NULL),(1312,392,1,'143.00','152.00','0.00','Deformed bar 10 mm x 6 m','2018-10-04 11:58:11','2018-10-04 11:58:11',NULL,NULL,NULL),(1313,405,1,'100.00','130.00','0.00','METAL FURRING #5','2018-10-04 12:26:09','2018-10-04 12:26:09',NULL,NULL,NULL),(1314,59,1,'540.00','650.00','0.00','ORDINARY PLYWOOD Well wood 1/2X4 X8','2018-10-04 12:36:29','2018-10-04 12:36:29',NULL,NULL,NULL),(1315,59,1,'950.00','1100.00','0.00','ORDINARY PLYWOOD Well wood 3/4X4X8','2018-10-04 12:37:50','2018-10-04 12:37:50',NULL,NULL,NULL),(1316,424,1,'940.00','1100.00','0.00','PLY Board 3/4X4X8 Well wood','2018-10-04 12:39:35','2018-10-04 12:39:35',NULL,NULL,NULL),(1317,425,1,'58.80','75.00','0.00','LISTON 1/2 X1X12','2018-10-04 12:41:17','2018-10-04 12:41:17',NULL,NULL,NULL),(1318,425,1,'79.80','100.00','0.00','LISTON 1/2 X2X12','2018-10-04 12:41:17','2018-10-04 12:41:17',NULL,NULL,NULL),(1319,203,1,'44.00','75.00','0.00','Bosh cutting disk \"4\"','2018-10-04 12:43:31','2018-10-04 12:43:31',NULL,NULL,NULL),(1320,426,1,'194.40','315.00','0.00','Bosh Cut off W 14\' 2 fly','2018-10-04 12:45:04','2018-10-04 12:45:04',NULL,NULL,NULL),(1321,427,1,'330.00','400.00','0.00','Marine fly wood 1/4 x 4 x 8 well wood','2018-10-04 12:46:56','2018-10-04 12:46:56',NULL,NULL,NULL),(1322,427,1,'410.00','495.00','0.00','Marine fly wood 1/4 x4 x 8 nebraska','2018-10-04 12:46:56','2018-10-04 12:46:56',NULL,NULL,NULL),(1323,428,1,'270.00','350.00','0.00','Ordinary ply wood 1/4x 4x 8 Select','2018-10-04 12:48:23','2018-10-04 12:48:23',NULL,NULL,NULL),(1324,429,1,'538.00','645.00','0.00','GI Square tube  2x2 (1.50mm)','2018-10-04 12:50:45','2018-10-04 12:50:45',NULL,NULL,NULL),(1325,429,1,'704.00','850.00','0.00','GI Square tube 2x4 (1.50mm)','2018-10-04 12:50:45','2018-10-04 12:50:45',NULL,NULL,NULL),(1326,429,1,'693.00','830.00','0.00','GI Square tube 2x3 (1.50mm)','2018-10-04 12:50:45','2018-10-04 12:50:45',NULL,NULL,NULL),(1327,430,1,'200.00','260.00','0.00','Superlume plain plus 26x3x8','2018-10-04 12:52:07','2018-10-04 12:52:07',NULL,NULL,NULL),(1328,431,1,'359.00','410.00','0.00','GI Pipe 3/4x20\' S 20','2018-10-04 12:54:57','2018-10-04 12:54:57',NULL,NULL,NULL),(1329,431,1,'1.00','1760.00','0.00','GI Pipe 20x20\' S 40','2018-10-04 12:54:57','2018-10-04 12:54:57',NULL,NULL,NULL),(1330,432,12,'255.00','280.00','0.00','Boysen No. 7311 Masonry putty 4L','2018-10-04 13:17:05','2018-10-04 13:17:05',NULL,NULL,NULL),(1331,432,12,'71.00','86.00','0.00','Boysen No. 7311 Masonry putty 1L','2018-10-04 13:17:05','2018-10-04 13:17:05',NULL,NULL,NULL),(1332,433,1,'130.00','145.00','0.00','Boysen QDE silver gray   630 QDE 1 L','2018-10-04 13:20:59','2018-10-04 13:20:59',NULL,NULL,NULL),(1333,433,1,'134.00','150.00','0.00','Boysen QDE delft Gray   647 QDE 1 L','2018-10-04 13:20:59','2018-10-04 13:20:59',NULL,NULL,NULL),(1334,433,1,'110.00','125.00','0.00','Boysen QDE black   690 QDE 1 L','2018-10-04 13:20:59','2018-10-04 13:20:59',NULL,NULL,NULL),(1335,433,1,'99.00','115.00','0.00','Boysen Red Oxide Primer 310  1 L','2018-10-04 13:20:59','2018-10-04 13:20:59',NULL,NULL,NULL),(1336,431,1,'496.00','620.00','0.00','GI Pipe 1 1x4\' S. 40','2018-10-04 13:23:09','2018-10-04 13:23:09',NULL,NULL,NULL),(1337,434,1,'4.20','10.00','0.00','Nylon Rope 7MM','2018-10-04 13:27:44','2018-10-04 13:27:44',NULL,NULL,NULL),(1338,435,1,'115.00','185.00','0.00','Meco Hose coupling','2018-10-04 13:34:04','2018-10-04 13:34:04',NULL,NULL,NULL),(1339,436,1,'170.00','225.00','0.00','Alasko Electrical  Pipe','2018-10-04 13:37:37','2018-10-04 13:37:37',NULL,NULL,NULL),(1340,437,12,'168.00','200.00','0.00','Polituff Body Filler Liter','2018-10-04 13:39:44','2018-10-04 13:39:44',NULL,NULL,NULL),(1341,438,12,'71.10','100.00','0.00','Bosny  Acrylic Sealant Black','2018-10-04 13:44:02','2018-10-04 13:44:02',NULL,NULL,NULL),(1342,439,1,'129.00','165.00','0.00','WD40  3 oz.','2018-10-04 13:46:02','2018-10-04 13:46:07',NULL,NULL,NULL),(1343,440,1,'54.40','90.00','0.00','Eons drill bit 5/32','2018-10-04 13:50:38','2018-10-04 13:50:38',NULL,NULL,NULL),(1344,441,1,'330.00','400.00','0.00','Koten Circuit Breaker 40A (PI)','2018-10-04 13:56:04','2018-10-04 13:56:04',NULL,NULL,NULL),(1345,441,1,'907.50','1150.00','0.00','Koten Circuit Breaker 100A (PI)','2018-10-04 13:56:04','2018-10-04 13:56:04',NULL,NULL,NULL),(1346,442,1,'40.45','55.00','0.00','PowerFlex THHN wire 8/7','2018-10-04 13:57:21','2018-10-04 13:57:21',NULL,NULL,NULL),(1347,443,1,'266.00','425.00','0.00','Amerilock D101 AB Single','2018-10-04 14:00:46','2018-10-04 14:00:46',NULL,NULL,NULL),(1348,443,1,'266.00','425.00','0.00','Amerilock D101 SS Single','2018-10-04 14:00:47','2018-10-04 14:00:47',NULL,NULL,NULL),(1350,332,1,'15.00','25.00','0.00','Tox # 6','2018-10-04 14:03:19','2018-10-04 14:03:19',NULL,NULL,NULL),(1351,332,1,'23.70','45.00','0.00','Tox # 10','2018-10-04 14:04:37','2018-10-04 14:04:37',NULL,NULL,NULL),(1352,444,1,'525.00','750.00','0.00','Stainless bidet','2018-10-04 14:07:54','2018-10-04 14:07:54',NULL,NULL,NULL),(1353,344,1,'66.50','95.00','0.00','Chicago Strainer  4x4','2018-10-04 14:08:59','2018-10-04 14:08:59',NULL,NULL,NULL),(1354,210,1,'35.00','70.00','0.00','Steel Brush Yellow','2018-10-04 14:09:50','2018-10-04 14:09:50',NULL,NULL,NULL),(1355,445,1,'25.00','50.00','0.00','Buffing Disk Red','2018-10-04 14:11:52','2018-10-04 14:11:52',NULL,NULL,NULL),(1356,445,1,'25.00','50.00','0.00','Buffing Disk Gray','2018-10-04 14:11:52','2018-10-04 14:11:52',NULL,NULL,NULL),(1357,445,1,'25.00','50.00','0.00','Buffing Disc White','2018-10-04 14:11:52','2018-10-04 14:11:52',NULL,NULL,NULL),(1358,446,1,'25.00','50.00','0.00','Flap Disk 100','2018-10-04 14:14:13','2018-10-04 14:14:13',NULL,NULL,NULL),(1359,446,1,'25.00','50.00','0.00','Flap Disk 120','2018-10-04 14:14:13','2018-10-04 14:14:13',NULL,NULL,NULL),(1360,281,1,'15.50','35.00','0.00','Tansi \'90\"','2018-10-04 14:15:42','2018-10-04 14:15:42',NULL,NULL,NULL),(1361,203,1,'240.00','350.00','0.00','Bosun Cutting Disk Diamond wheel','2018-10-04 14:18:16','2018-10-04 14:18:16',NULL,NULL,NULL),(1362,447,1,'54.00','95.00','0.00','Firefly LED Bulb 5 Watts','2018-10-04 14:21:19','2018-10-04 14:21:19',NULL,NULL,NULL),(1363,447,1,'65.00','110.00','0.00','Firefly LED Bulb 7 Watts','2018-10-04 14:21:19','2018-10-04 14:21:19',NULL,NULL,NULL),(1364,447,1,'160.00','270.00','0.00','Firefly LED Bulb 15 Watts','2018-10-04 14:21:19','2018-10-04 14:21:19',NULL,NULL,NULL),(1365,448,1,'23.70','35.00','0.00','Royu Outlet','2018-10-04 14:23:02','2018-10-04 14:23:02',NULL,NULL,NULL),(1366,447,1,'290.00','290.00','0.00','Ecolum LED Bulb 19 watts daylight','2018-10-04 14:23:57','2018-10-04 14:23:57',NULL,NULL,NULL),(1367,449,1,'28.40','40.00','0.00','Royal Cord 16x12','2018-10-04 14:24:50','2018-10-04 14:24:50',NULL,NULL,NULL),(1368,450,1,'60.00','78.00','0.00','Bostik no more Nails Sachet 100 g.','2018-10-04 14:26:09','2018-10-04 14:26:09',NULL,NULL,NULL),(1369,451,12,'340.00','425.00','0.00','Valspar Varnish  ltr.','2018-10-04 14:28:30','2018-10-04 14:28:30',NULL,NULL,NULL),(1370,452,1,'195.00','250.00','0.00','Plastic sheet white Kaingin','2018-10-04 14:29:35','2018-10-04 14:29:35',NULL,NULL,NULL),(1371,453,12,'108.00','108.00','0.00','Boysen OWS -AOKS B2708','2018-10-04 14:30:43','2018-10-04 14:30:43',NULL,NULL,NULL),(1372,454,1,'48.06','65.00','0.00','Amazon screen 1/8x3','2018-10-04 14:32:45','2018-10-04 14:32:45',NULL,NULL,NULL),(1373,454,1,'72.47','100.00','0.00','Amazon screen 1/8x4','2018-10-04 14:32:45','2018-10-04 14:32:45',NULL,NULL,NULL),(1374,454,1,'50.63','70.00','0.00','Amazon screen 1/4x3','2018-10-04 14:32:45','2018-10-04 14:32:45',NULL,NULL,NULL),(1375,454,1,'72.47','95.00','0.00','Amazon screen	1/4x4','2018-10-04 14:37:08','2018-10-04 14:37:08',NULL,NULL,NULL),(1376,454,1,'72.47','95.00','0.00','Amazon screen	3/8x3','2018-10-04 14:37:08','2018-10-04 14:37:08',NULL,NULL,NULL),(1377,454,1,'71.28','125.00','0.00','Amazon screen	3/8x4','2018-10-04 14:37:08','2018-10-04 14:37:08',NULL,NULL,NULL),(1378,454,1,'77.35','100.00','0.00','Amazon screen	1/2x3','2018-10-04 14:37:08','2018-10-04 14:37:08',NULL,NULL,NULL),(1379,454,1,'102.66','135.00','0.00','Amazon screen	1/2x4','2018-10-04 14:39:27','2018-10-04 14:39:27',NULL,NULL,NULL),(1380,454,1,'77.35','100.00','0.00','Amazon screen	1x3','2018-10-04 14:39:27','2018-10-04 14:39:27',NULL,NULL,NULL),(1381,454,1,'105.11','140.00','0.00','Amazon screen	1x4','2018-10-04 14:39:27','2018-10-04 14:39:27',NULL,NULL,NULL),(1382,348,1,'1300.00','1700.00','0.00','GV Water Meter','2018-10-04 14:40:31','2018-10-04 21:00:57',NULL,NULL,NULL),(1383,455,1,'75.00','120.00','0.00','Piano Hinges with out screw','2018-10-04 14:41:22','2018-10-04 14:41:22',NULL,NULL,NULL),(1384,456,1,'90.00','150.00','0.00','Aluminum Level Bar 12','2018-10-04 14:44:19','2018-10-04 14:44:19',NULL,NULL,NULL),(1386,457,1,'1550.00','2200.00','0.00','Kart Wheel','2018-10-04 14:45:05','2018-10-04 21:00:24',NULL,NULL,NULL),(1387,458,12,'139.00','155.00','0.00','Boysen Flat Enamel # 800 	ltr.','2018-10-04 14:47:02','2018-10-04 14:47:02',NULL,NULL,NULL),(1388,459,12,'134.00','150.00','0.00','Boysen QDE delft blue # 647','2018-10-04 14:49:13','2018-10-04 14:49:13',NULL,NULL,NULL),(1389,460,1,'32.00','40.00','0.00','Plastic hose coupling yellow','2018-10-04 14:50:17','2018-10-04 14:50:17',NULL,NULL,NULL),(1390,431,1,'300.00','345.00','0.00','Gi pipe  1/2 S20','2018-10-04 14:52:46','2018-10-04 14:52:49',NULL,NULL,NULL),(1391,461,1,'205.00','330.00','0.00','Saddle Clamps 2x3/4','2018-10-04 14:54:46','2018-10-04 14:54:46',NULL,NULL,NULL),(1392,57,1,'220.00','265.00','0.00','Alasco Electrical Pipe  1 1/2','2018-10-08 08:42:06','2018-10-08 08:42:06',NULL,NULL,NULL);

/*Table structure for table `item_variations_history` */

DROP TABLE IF EXISTS `item_variations_history`;

CREATE TABLE `item_variations_history` (
  `id` int(10) unsigned NOT NULL AUTO_INCREMENT,
  `item_variation_id` int(10) unsigned NOT NULL,
  `base_unit_id` int(10) unsigned NOT NULL,
  `base_price` decimal(8,2) NOT NULL DEFAULT '0.00',
  `selling_price` decimal(8,2) NOT NULL DEFAULT '0.00',
  `price_margin` decimal(8,2) NOT NULL DEFAULT '0.00',
  `created_at` timestamp NULL DEFAULT NULL,
  `updated_at` timestamp NULL DEFAULT NULL,
  PRIMARY KEY (`id`),
  KEY `item_variations_history_item_variation_id_foreign` (`item_variation_id`),
  KEY `item_variations_history_base_unit_id_foreign` (`base_unit_id`),
  CONSTRAINT `item_variations_history_base_unit_id_foreign` FOREIGN KEY (`base_unit_id`) REFERENCES `units` (`id`),
  CONSTRAINT `item_variations_history_item_variation_id_foreign` FOREIGN KEY (`item_variation_id`) REFERENCES `item_variations` (`id`)
) ENGINE=InnoDB AUTO_INCREMENT=65 DEFAULT CHARSET=utf8mb4 COLLATE=utf8mb4_unicode_ci;

/*Data for the table `item_variations_history` */

insert  into `item_variations_history`(`id`,`item_variation_id`,`base_unit_id`,`base_price`,`selling_price`,`price_margin`,`created_at`,`updated_at`) values (11,63,1,'760.00','1285.00','0.00','2018-09-27 11:59:11','2018-09-27 11:59:11'),(12,78,1,'420.00','505.00','0.00','2018-09-27 12:48:46','2018-09-27 12:48:46'),(13,173,1,'70.00','135.00','0.00','2018-09-27 16:13:09','2018-09-27 16:13:09'),(14,172,1,'44.55','75.00','0.00','2018-09-27 16:13:46','2018-09-27 16:13:46'),(15,171,1,'44.55','75.00','0.00','2018-09-27 16:14:19','2018-09-27 16:14:19'),(16,170,1,'29.02','50.00','0.00','2018-09-27 16:15:30','2018-09-27 16:15:30'),(17,169,1,'20.25','35.00','0.00','2018-09-27 16:16:03','2018-09-27 16:16:03'),(18,168,1,'14.85','25.00','0.00','2018-09-27 16:16:34','2018-09-27 16:16:34'),(19,171,1,'58.05','100.00','0.00','2018-09-27 16:18:06','2018-09-27 16:18:06'),(20,58,2,'50.00','100.00','0.00','2018-10-02 15:57:26','2018-10-02 15:57:26'),(21,1239,1,'561.00','645.00','0.00','2018-10-04 09:45:10','2018-10-04 09:45:10'),(22,1386,1,'1.00','2.00','0.00','2018-10-04 16:13:15','2018-10-04 16:13:15'),(23,1386,1,'1.00','2.00','0.00','2018-10-04 16:14:05','2018-10-04 16:14:05'),(24,1386,1,'1.00','2.00','0.00','2018-10-04 16:15:11','2018-10-04 16:15:11'),(25,1386,1,'1550.00','2200.00','0.00','2018-10-04 20:59:37','2018-10-04 20:59:37'),(26,1386,1,'1.00','2200.00','0.00','2018-10-04 21:00:08','2018-10-04 21:00:08'),(27,1386,1,'1550.00','2200.00','0.00','2018-10-04 21:00:24','2018-10-04 21:00:24'),(28,1382,1,'1300.00','1700.00','0.00','2018-10-04 21:00:57','2018-10-04 21:00:57'),(29,1240,1,'268.50','340.00','0.00','2018-10-05 08:28:46','2018-10-05 08:28:46'),(30,1196,14,'3871.00','3350.00','0.00','2018-10-05 08:37:31','2018-10-05 08:37:31'),(31,1174,1,'3888.00','5500.00','0.00','2018-10-05 08:41:27','2018-10-05 08:41:27'),(32,1076,1,'22.40','60.00','0.00','2018-10-05 08:48:25','2018-10-05 08:48:25'),(33,1077,1,'30.10','80.00','0.00','2018-10-05 09:04:08','2018-10-05 09:04:08'),(34,1078,1,'30.10','60.00','0.00','2018-10-05 09:04:36','2018-10-05 09:04:36'),(35,1052,1,'1175.00','1650.00','0.00','2018-10-05 09:06:20','2018-10-05 09:06:20'),(36,1053,1,'1066.00','1500.00','0.00','2018-10-05 09:06:37','2018-10-05 09:06:37'),(37,926,1,'1710.00','1950.00','0.00','2018-10-05 09:08:39','2018-10-05 09:08:39'),(38,927,1,'1900.00','2200.00','0.00','2018-10-05 09:09:11','2018-10-05 09:09:11'),(39,690,1,'2270.00','2350.00','0.00','2018-10-05 09:15:27','2018-10-05 09:15:27'),(40,691,1,'1881.00','1810.00','0.00','2018-10-05 09:15:44','2018-10-05 09:15:44'),(41,438,1,'1095.00','1300.00','0.00','2018-10-05 09:43:11','2018-10-05 09:43:11'),(42,439,1,'1091.00','1300.00','0.00','2018-10-05 09:43:42','2018-10-05 09:43:42'),(43,427,1,'1450.00','2000.00','0.00','2018-10-05 09:45:56','2018-10-05 09:45:56'),(44,428,1,'1010.00','1350.00','0.00','2018-10-05 09:48:02','2018-10-05 09:48:02'),(45,419,7,'1300.00','1600.00','0.00','2018-10-05 09:50:24','2018-10-05 09:50:24'),(46,420,7,'1250.00','1550.00','0.00','2018-10-05 09:51:05','2018-10-05 09:51:05'),(47,342,1,'13.44','25.00','0.00','2018-10-05 09:54:37','2018-10-05 09:54:37'),(48,343,1,'16.10','30.00','0.00','2018-10-05 09:55:10','2018-10-05 09:55:10'),(49,344,1,'19.60','35.00','0.00','2018-10-05 09:56:07','2018-10-05 09:56:07'),(50,345,1,'27.30','50.00','0.00','2018-10-05 09:56:33','2018-10-05 09:56:33'),(51,346,1,'33.32','60.00','0.00','2018-10-05 09:57:06','2018-10-05 09:57:06'),(52,347,1,'41.50','70.00','0.00','2018-10-05 09:59:08','2018-10-05 09:59:08'),(53,348,1,'46.20','80.00','0.00','2018-10-05 09:59:36','2018-10-05 09:59:36'),(54,349,1,'58.72','100.00','0.00','2018-10-05 10:01:20','2018-10-05 10:01:20'),(55,350,1,'62.16','105.00','0.00','2018-10-05 10:01:46','2018-10-05 10:01:46'),(56,351,1,'73.08','125.00','0.00','2018-10-05 10:02:12','2018-10-05 10:02:12'),(57,123,2,'54.40','80.00','0.00','2018-10-05 10:06:14','2018-10-05 10:06:14'),(58,124,4,'52.00','80.00','0.00','2018-10-05 10:06:57','2018-10-05 10:06:57'),(59,125,4,'49.60','80.00','0.00','2018-10-05 10:07:55','2018-10-05 10:07:55'),(60,126,4,'42.80','80.00','0.00','2018-10-05 10:08:21','2018-10-05 10:08:21'),(61,127,4,'47.20','75.00','0.00','2018-10-05 10:08:50','2018-10-05 10:08:50'),(62,128,4,'46.00','75.00','0.00','2018-10-05 10:09:19','2018-10-05 10:09:19'),(63,114,7,'7.95','12.00','0.00','2018-10-05 10:12:00','2018-10-05 10:12:00'),(64,109,1,'85.00','130.00','0.00','2018-10-08 09:22:03','2018-10-08 09:22:03');

/*Table structure for table `items` */

DROP TABLE IF EXISTS `items`;

CREATE TABLE `items` (
  `id` int(10) unsigned NOT NULL AUTO_INCREMENT,
  `name` varchar(255) COLLATE utf8mb4_unicode_ci NOT NULL,
  `created_at` timestamp NULL DEFAULT NULL,
  `updated_at` timestamp NULL DEFAULT NULL,
  PRIMARY KEY (`id`)
) ENGINE=InnoDB AUTO_INCREMENT=462 DEFAULT CHARSET=utf8mb4 COLLATE=utf8mb4_unicode_ci;

/*Data for the table `items` */

insert  into `items`(`id`,`name`,`created_at`,`updated_at`) values (49,'GOOD Lumber','2018-09-27 09:46:57','2018-09-27 09:46:57'),(50,'sample','2018-09-27 10:25:26','2018-09-27 10:25:26'),(51,'PE PIPE','2018-09-27 12:09:02','2018-09-27 12:09:02'),(52,'Bio pipe Orange S 600','2018-09-27 12:37:24','2018-09-27 12:37:24'),(53,'Alasco  Orange Pipe','2018-09-27 12:46:37','2018-09-27 12:46:37'),(54,'Alasco  Orange  Pipe','2018-09-27 12:54:58','2018-09-27 12:54:58'),(55,'Black Pipe','2018-09-27 13:05:17','2018-09-27 13:05:17'),(56,'Plumbing','2018-09-27 13:14:00','2018-09-27 13:14:00'),(57,'Alasco Electrical PIPE','2018-09-27 13:22:20','2018-09-27 13:22:20'),(58,'Molding','2018-09-27 13:32:14','2018-09-27 13:32:14'),(59,'Ordinary Plywood','2018-09-27 13:44:56','2018-09-27 13:44:56'),(60,'Marine Plywood','2018-09-27 13:48:01','2018-09-27 13:48:01'),(61,'Phenolic Board','2018-09-27 13:55:14','2018-09-27 13:55:14'),(62,'Gypsum Board','2018-09-27 13:59:30','2018-09-27 13:59:30'),(63,'Palupo / Ridge Roll','2018-09-27 14:02:31','2018-09-27 14:02:31'),(64,'Gutter','2018-09-27 14:06:08','2018-09-27 14:06:08'),(65,'Flexible Hose','2018-09-27 14:13:38','2018-09-27 14:13:38'),(66,'GI Wire','2018-09-27 14:16:24','2018-09-27 14:16:24'),(67,'Concrete Nail','2018-09-27 14:23:59','2018-09-27 14:23:59'),(68,'CWN Common Nail','2018-09-27 14:30:10','2018-09-27 14:30:10'),(69,'Finishing Nail','2018-09-27 14:34:02','2018-09-27 14:34:02'),(70,'Twisted Nail','2018-09-27 14:40:43','2018-09-27 14:40:43'),(71,'Paint Brush','2018-09-27 14:52:45','2018-09-27 14:52:45'),(72,'Roller','2018-09-27 15:03:28','2018-09-27 15:03:28'),(73,'Filler','2018-09-27 15:08:41','2018-09-27 15:08:41'),(74,'Paint Tray','2018-09-27 15:11:00','2018-09-27 15:11:00'),(75,'GI Bushing Reducer','2018-09-27 15:47:39','2018-09-27 15:47:39'),(76,'GI Socket Reducer','2018-09-27 16:02:20','2018-09-27 16:02:20'),(77,'GI End Cap','2018-09-27 16:09:59','2018-09-27 16:09:59'),(78,'Gi Straight Elbow','2018-09-27 16:24:14','2018-09-27 16:24:14'),(79,'GI Elbow Reducer','2018-09-27 16:33:37','2018-09-27 16:33:37'),(80,'GI Tee Reducer','2018-09-27 16:36:55','2018-09-27 16:36:55'),(81,'France Coupling','2018-09-27 16:43:05','2018-09-27 16:43:05'),(82,'GI Plug','2018-09-28 09:17:45','2018-09-28 09:17:45'),(83,'GI  Coupling','2018-09-28 09:24:54','2018-09-28 09:24:54'),(84,'Gi U Patente','2018-09-28 10:03:18','2018-09-28 10:03:18'),(85,'Gi  Tee','2018-09-28 10:41:20','2018-09-28 10:41:20'),(86,'Gi Elbow','2018-09-28 10:59:54','2018-09-28 10:59:54'),(87,'BLUE elbow','2018-09-28 11:08:13','2018-09-28 11:08:13'),(88,'BLUE TEE','2018-09-28 11:16:46','2018-09-28 11:16:46'),(89,'Blue  Adaptor','2018-09-28 11:47:15','2018-09-28 11:47:15'),(90,'BLUE  U PATENTE','2018-09-28 12:35:35','2018-09-28 12:35:35'),(91,'Blue Bushing','2018-09-28 12:39:40','2018-09-28 12:39:40'),(92,'Blue End Cap','2018-09-28 12:45:05','2018-09-28 12:45:05'),(93,'Blue Coupling','2018-09-28 13:45:09','2018-09-28 13:45:09'),(94,'Blue Coupling Reducer','2018-09-28 13:52:40','2018-09-28 13:52:40'),(95,'Blue TEE  Reducer','2018-09-28 14:34:43','2018-09-28 14:34:43'),(96,'Crown Orange Elbow','2018-09-28 14:38:29','2018-09-28 14:38:29'),(97,'Long Elbow','2018-09-28 14:48:03','2018-09-28 14:48:03'),(98,'ECODEX Male Adaptor','2018-09-28 14:55:02','2018-09-28 14:55:02'),(99,'Polyflex Connector','2018-09-28 15:02:03','2018-09-28 15:02:03'),(100,'Poly Orange Clam','2018-09-28 15:06:32','2018-09-28 15:06:32'),(101,'Orange Male Adaptor','2018-09-28 15:08:44','2018-09-28 15:08:44'),(102,'GI Nipple ASTM 1/2','2018-09-28 15:22:05','2018-09-28 15:22:05'),(103,'GI Nipple 3/4','2018-09-28 15:31:11','2018-09-28 15:31:11'),(104,'GI Nipple  ASTM40 3/4','2018-09-28 16:18:52','2018-09-28 16:18:52'),(105,'GI Nipple Astm 40  # 1','2018-09-28 16:25:52','2018-09-28 16:25:52'),(106,'GI Nipple Astm 40  1','2018-09-28 16:38:46','2018-09-28 16:38:46'),(107,'GI Nipple ASTM 40 # 2','2018-09-28 16:51:06','2018-09-28 16:51:06'),(108,'GI Nipple  S40  # 1/2','2018-09-29 08:48:40','2018-09-29 08:48:40'),(109,'GI Nipple  S40 # 3/4','2018-09-29 08:57:02','2018-09-29 08:57:02'),(110,'GI Nipple  S40 #1','2018-09-29 09:04:24','2018-09-29 09:04:24'),(111,'GI Nipple  S40 #1 1/4','2018-09-29 09:11:39','2018-09-29 09:11:39'),(112,'GI Nipple  S40 # 2','2018-09-29 09:20:03','2018-09-29 09:20:03'),(113,'Alasco Orange Clean Out','2018-09-29 09:23:34','2018-09-29 09:23:34'),(114,'PVC GRAY ELBOW FITTING','2018-09-29 09:28:43','2018-09-29 09:28:43'),(115,'PVC GRAY TEE','2018-09-29 09:36:25','2018-09-29 09:36:25'),(116,'PVC GRAY WFE  FITTING','2018-09-29 09:47:03','2018-09-29 09:47:03'),(117,'PVC GRAY Bushing reducer FITTING','2018-09-29 09:49:59','2018-09-29 09:49:59'),(118,'PVC GRAY coupling','2018-09-29 09:53:57','2018-09-29 09:53:57'),(119,'GI FITTING Socket Reducer','2018-09-29 10:16:11','2018-09-29 10:16:11'),(120,'White Sand (Maris)','2018-09-29 10:20:11','2018-09-29 10:20:11'),(121,'Gravels','2018-09-29 10:22:36','2018-09-29 10:22:36'),(122,'Cements','2018-09-29 10:29:04','2018-09-29 10:29:04'),(123,'Hollow Block','2018-09-29 10:33:00','2018-09-29 10:33:00'),(124,'Fitting','2018-09-29 10:35:10','2018-09-29 10:35:10'),(125,'CYCLONE WIRE ( GOOD)','2018-09-29 10:45:02','2018-09-29 10:45:02'),(126,'CYCLONE WIRE (Kalawang)','2018-09-29 10:52:04','2018-09-29 10:52:04'),(127,'Barbed Wire','2018-09-29 10:55:37','2018-09-29 10:55:37'),(128,'Combat Wire','2018-09-29 10:57:17','2018-09-29 10:57:17'),(129,'Combo Shovel','2018-09-29 11:00:36','2018-09-29 11:00:36'),(130,'Falcon Shovel','2018-09-29 11:02:48','2018-09-29 11:02:48'),(131,'Cart Wheel Barrow','2018-09-29 11:04:24','2018-09-29 11:04:24'),(132,'8 Hole Wire','2018-09-29 11:17:40','2018-09-29 11:17:40'),(133,'KD S4S Lumber','2018-09-29 11:31:53','2018-09-29 11:31:53'),(134,'Cornesa Wood','2018-09-29 11:34:19','2018-09-29 11:34:19'),(135,'GI Sheet','2018-09-29 12:31:19','2018-09-29 12:31:19'),(136,'VULCASEAL','2018-09-29 12:37:27','2018-09-29 12:37:27'),(137,'Bosny','2018-09-29 12:39:56','2018-09-29 12:39:56'),(138,'STIKWEL','2018-09-29 12:49:44','2018-09-29 12:49:44'),(139,'S - BLUE','2018-09-29 12:50:55','2018-09-29 12:50:55'),(140,'NELTEX','2018-09-29 12:55:15','2018-09-29 12:55:15'),(141,'ELASTO Seal','2018-09-29 12:58:47','2018-09-29 12:58:47'),(142,'Epoxy Steel','2018-09-29 13:04:59','2018-09-29 13:04:59'),(143,'Pioneer Epoxy All Purpose','2018-09-29 13:10:33','2018-09-29 13:10:33'),(144,'Mighty Bond','2018-09-29 13:12:34','2018-09-29 13:12:34'),(145,'Bulldog','2018-09-29 13:13:38','2018-09-29 13:13:38'),(146,'AIl Metal Polish','2018-09-29 13:17:12','2018-09-29 13:17:12'),(147,'Singer Oil','2018-09-29 13:18:10','2018-09-29 13:18:10'),(148,'WD 40','2018-09-29 13:20:20','2018-09-29 13:20:20'),(149,'Water Stop','2018-09-29 13:21:28','2018-09-29 13:21:28'),(150,'Alasco Orange  Clean Out Fitting','2018-09-29 13:27:11','2018-09-29 13:27:11'),(151,'P Trap','2018-09-29 13:32:59','2018-09-29 13:32:59'),(152,'Alasco Orange Elbow 1/4','2018-09-29 13:47:47','2018-09-29 13:47:47'),(153,'Alasco Orange Elbow','2018-09-29 13:51:01','2018-09-29 13:51:01'),(154,'Alasco Orange  TEE','2018-09-29 14:05:08','2018-09-29 14:05:08'),(155,'Alasco Orange WYE','2018-09-29 14:16:49','2018-09-29 14:16:49'),(156,'Alasco Orange COUPLING','2018-09-29 14:22:16','2018-09-29 14:22:16'),(157,'Orange  BUSHING REDUCER','2018-09-29 14:25:42','2018-09-29 14:25:42'),(158,'ABC TILE GROUT','2018-09-29 14:36:32','2018-09-29 14:36:32'),(159,'Chrome P Trap','2018-09-29 14:52:00','2018-09-29 14:52:00'),(160,'NOVTEK','2018-09-29 15:01:04','2018-09-29 15:01:04'),(161,'PVC Faucet','2018-09-29 15:05:48','2018-09-29 15:05:48'),(162,'Kitchen Sink S/S','2018-09-29 15:09:43','2018-09-29 15:09:43'),(163,'Stainless Faucets 304','2018-09-29 15:12:24','2018-09-29 15:12:24'),(164,'EASTMAN Chrome Faucet','2018-09-29 15:15:15','2018-09-29 15:15:15'),(165,'REGINA Lavatory Faucet','2018-09-29 15:16:12','2018-09-29 15:16:12'),(166,'Faucet','2018-09-29 15:27:13','2018-09-29 15:27:13'),(167,'BIDET','2018-09-29 15:43:15','2018-09-29 15:43:15'),(168,'Shower','2018-09-29 15:51:20','2018-09-29 15:51:20'),(169,'FLOOR STRAINER','2018-09-29 15:55:16','2018-09-29 15:55:16'),(170,'FLOOR DRAIN','2018-09-29 15:59:41','2018-09-29 15:59:41'),(171,'PANEL BOX','2018-09-29 16:03:15','2018-09-29 16:03:15'),(172,'UTILITY BOX','2018-09-29 16:05:56','2018-09-29 16:05:56'),(173,'NEMA ONE','2018-09-29 16:07:07','2018-09-29 16:07:07'),(174,'JUNCTION BOX','2018-09-29 16:08:00','2018-09-29 16:08:00'),(175,'JUNCTION BOX COVER','2018-09-29 16:08:49','2018-09-29 16:08:49'),(176,'SQUARE  BOX','2018-09-29 16:10:28','2018-09-29 16:10:28'),(177,'OMNI RECEPTACLE','2018-09-29 16:13:50','2018-09-29 16:13:50'),(178,'KM RECEPTACLE','2018-09-29 16:18:24','2018-09-29 16:18:24'),(179,'GE Circuit braker (PI)','2018-09-29 16:23:10','2018-09-29 16:23:10'),(180,'KOTEN PLUG IN','2018-09-29 16:34:20','2018-09-29 16:34:20'),(181,'KOTEN SAFETY BREAKER','2018-09-30 08:28:25','2018-09-30 08:28:25'),(182,'DOOR KNOB LOCK','2018-09-30 08:41:21','2018-09-30 08:41:21'),(183,'TOP GRADE','2018-09-30 08:43:25','2018-09-30 08:43:25'),(184,'YALE Padlock','2018-09-30 08:47:05','2018-09-30 08:47:05'),(185,'Yale Brass padlock','2018-09-30 08:52:43','2018-09-30 08:52:43'),(186,'Square Padlock','2018-09-30 09:00:58','2018-09-30 09:00:58'),(187,'Square Padlock short','2018-09-30 09:05:07','2018-09-30 09:05:07'),(188,'Drawer Lock','2018-09-30 09:13:13','2018-09-30 09:13:13'),(189,'Clear Glass ( basag)','2018-09-30 09:16:50','2018-09-30 09:16:50'),(190,'Chalkstone','2018-09-30 09:18:35','2018-09-30 09:18:35'),(191,'Magnetic Catches','2018-09-30 09:23:37','2018-09-30 09:23:37'),(192,'DOOR Spring','2018-09-30 09:24:57','2018-09-30 09:24:57'),(193,'Carborundum','2018-09-30 09:28:36','2018-09-30 09:28:36'),(194,'ELTORO TROWEL','2018-09-30 09:30:45','2018-09-30 09:30:45'),(195,'SCRAPER','2018-09-30 09:58:22','2018-09-30 09:58:22'),(196,'T R Y SQUARE','2018-09-30 10:02:17','2018-09-30 10:02:17'),(197,'BLIND REVITS KILO','2018-09-30 10:19:44','2018-09-30 10:19:44'),(198,'BLIND REVITS pcs','2018-09-30 10:24:37','2018-09-30 10:24:37'),(199,'TEKSCREW ADAPTOR','2018-09-30 10:26:18','2018-09-30 10:26:18'),(200,'SCREW BIT','2018-09-30 10:27:55','2018-09-30 10:27:55'),(201,'GRIDING DISK','2018-09-30 10:29:29','2018-09-30 10:29:29'),(202,'SANDING DISK \"','2018-09-30 10:30:29','2018-09-30 10:30:29'),(203,'Cutting DISK','2018-09-30 10:35:42','2018-09-30 10:35:42'),(204,'WIRE BRUSH','2018-09-30 10:38:16','2018-09-30 10:38:16'),(205,'PLUMBOB','2018-09-30 13:13:06','2018-09-30 13:13:06'),(206,'TIN SNIP','2018-09-30 13:14:46','2018-09-30 13:14:46'),(207,'WIRE CUTTER','2018-09-30 13:17:43','2018-09-30 13:17:43'),(208,'RIVETER','2018-09-30 13:21:39','2018-09-30 13:21:39'),(209,'DIAMOND CUTTING DISK','2018-09-30 13:25:54','2018-09-30 13:25:54'),(210,'Steel Brush','2018-09-30 13:29:34','2018-09-30 13:29:34'),(211,'Nikolite  Bar','2018-09-30 13:31:34','2018-09-30 13:31:34'),(212,'Broni  Bar','2018-09-30 13:33:41','2018-09-30 13:33:41'),(213,'Eltoro Finishing Towel','2018-09-30 13:34:48','2018-09-30 13:34:48'),(214,'FLOURESENCE','2018-09-30 13:38:06','2018-09-30 13:38:06'),(215,'Ecolum  LED','2018-09-30 13:43:06','2018-09-30 13:43:06'),(216,'GE FLOUR.  tube','2018-09-30 13:45:33','2018-09-30 13:45:33'),(217,'GE Florescence tube','2018-09-30 13:46:48','2018-09-30 13:46:48'),(218,'GE Fluorescence tube','2018-09-30 13:49:45','2018-09-30 13:49:45'),(219,'DELTA FLOUR.  tube','2018-09-30 13:51:11','2018-09-30 13:51:11'),(220,'FIREFLY  Fluorescence tube','2018-09-30 13:54:47','2018-09-30 13:54:47'),(221,'FIREFLY  CIRCULAR','2018-09-30 13:57:52','2018-09-30 13:57:52'),(222,'ECOLUM  LED BULB','2018-09-30 14:05:27','2018-09-30 14:05:27'),(223,'FIREFLY circular holder','2018-09-30 14:08:52','2018-09-30 14:08:52'),(224,'FIREFLY DL Bulb','2018-09-30 14:12:54','2018-09-30 14:12:54'),(225,'Omni Surface box','2018-09-30 14:22:20','2018-09-30 14:22:20'),(226,'Safari Sub meter','2018-09-30 14:24:56','2018-09-30 14:24:56'),(227,'Extension cord','2018-09-30 14:28:09','2018-09-30 14:28:09'),(228,'BOYSEN Gallon','2018-09-30 14:40:21','2018-09-30 14:40:21'),(229,'BOYSEN  Gallon','2018-09-30 14:46:09','2018-09-30 14:46:09'),(230,'DAVIS PAINTS Gallon','2018-09-30 14:58:41','2018-09-30 14:58:41'),(231,'DAVIES Paints Gallon','2018-09-30 15:17:50','2018-09-30 15:17:50'),(232,'DAVIES PAINT GALLON','2018-09-30 15:23:13','2018-09-30 15:23:13'),(233,'BOYSEN TIN','2018-09-30 15:25:01','2018-09-30 15:25:01'),(234,'DAVIS TIN','2018-09-30 15:26:39','2018-09-30 15:26:39'),(235,'BOYSEN Liter','2018-09-30 15:28:58','2018-09-30 15:28:58'),(236,'DAVIES liter','2018-09-30 15:34:56','2018-09-30 15:34:56'),(237,'Masking tape','2018-09-30 15:40:10','2018-09-30 15:40:10'),(238,'Aluminum Duct Tape','2018-09-30 15:41:31','2018-09-30 15:41:31'),(239,'Packaging Tape','2018-09-30 15:45:23','2018-09-30 15:45:23'),(240,'Electrical Tape','2018-09-30 15:50:20','2018-09-30 15:50:20'),(241,'Staple Wire','2018-09-30 15:57:18','2018-09-30 15:57:18'),(242,'Barrel Bolt','2018-09-30 15:59:53','2018-09-30 15:59:53'),(243,'Hack Saw','2018-09-30 16:00:54','2018-09-30 16:00:54'),(244,'Hand Saw Frame','2018-09-30 16:01:58','2018-09-30 16:01:58'),(245,'Joven Water Heater','2018-09-30 16:03:44','2018-09-30 16:03:44'),(246,'Brush','2018-09-30 16:08:42','2018-09-30 16:08:42'),(247,'Putty Knife','2018-09-30 16:10:52','2018-09-30 16:10:52'),(248,'Toilets Bowl','2018-09-30 16:13:50','2018-09-30 16:13:50'),(249,'Gloves','2018-09-30 16:20:12','2018-09-30 16:20:12'),(250,'Sun Flower Meter','2018-09-30 16:22:22','2018-09-30 16:22:22'),(251,'POWER HOUSE Hole SAW SET','2018-09-30 16:23:25','2018-09-30 16:23:25'),(252,'EAGLE WEATHER PROOF OUTLET','2018-09-30 16:29:14','2018-09-30 16:29:14'),(253,'Rubber Hammer','2018-09-30 16:31:06','2018-09-30 16:31:06'),(254,'GUN TACKER','2018-09-30 16:33:07','2018-09-30 16:33:07'),(255,'Concealed HINGES','2018-09-30 16:36:56','2018-09-30 16:36:56'),(256,'OMEGA PUTTY KNIFE','2018-09-30 16:40:00','2018-09-30 16:40:00'),(257,'CYLINDRICAL HINGES','2018-09-30 16:46:02','2018-09-30 16:46:02'),(258,'DORMER HINGES','2018-09-30 16:51:37','2018-09-30 16:51:37'),(259,'Tank Fitting','2018-10-01 08:31:12','2018-10-01 08:31:12'),(260,'TOKINA','2018-10-01 08:36:00','2018-10-01 08:36:00'),(261,'LPG REGULATOR','2018-10-01 08:37:54','2018-10-01 08:37:54'),(262,'ANGLE VALVE','2018-10-01 08:42:32','2018-10-01 08:42:32'),(263,'GATE VALVE','2018-10-01 08:46:57','2018-10-01 08:46:57'),(264,'BALL VALVE','2018-10-01 08:50:45','2018-10-01 08:50:45'),(265,'Foot  VALVE','2018-10-01 08:54:00','2018-10-01 08:54:00'),(266,'Check VALVE','2018-10-01 08:58:47','2018-10-01 08:58:47'),(267,'SHOWER VALVE','2018-10-01 09:00:10','2018-10-01 09:00:10'),(268,'PILLOW BLOCK','2018-10-01 09:07:17','2018-10-01 09:07:17'),(269,'MURIATIC ACID','2018-10-01 09:08:51','2018-10-01 09:08:51'),(270,'PUREE','2018-10-01 09:17:30','2018-10-01 09:17:30'),(271,'TERMITE X','2018-10-01 09:21:11','2018-10-01 09:21:11'),(272,'RUGBY','2018-10-01 09:24:32','2018-10-01 09:24:32'),(273,'PUREE  galoon','2018-10-01 09:31:16','2018-10-01 09:31:16'),(274,'Muriatic  ACID','2018-10-01 09:34:48','2018-10-01 09:34:48'),(275,'STALLION P. THINNER','2018-10-01 09:36:29','2018-10-01 09:36:29'),(276,'SOLIGNUM','2018-10-01 10:00:23','2018-10-01 10:00:23'),(277,'DRILL BIT','2018-10-01 10:33:53','2018-10-01 10:33:53'),(278,'EONS S/S DRILL BIT','2018-10-01 10:36:52','2018-10-01 10:36:52'),(279,'IRWIN','2018-10-01 10:46:46','2018-10-01 10:46:46'),(280,'TEKSCREW','2018-10-01 11:01:36','2018-10-01 11:01:36'),(281,'TANSI','2018-10-01 11:35:49','2018-10-01 11:35:49'),(282,'Sand Paper','2018-10-01 11:51:44','2018-10-01 11:51:44'),(283,'Welding rod','2018-10-01 12:49:52','2018-10-01 12:49:52'),(284,'Welding  Rod','2018-10-01 12:54:49','2018-10-01 12:54:49'),(285,'Stainless  WELDING','2018-10-01 12:58:59','2018-10-01 12:58:59'),(286,'Drawer Guide','2018-10-01 13:01:13','2018-10-01 13:01:13'),(287,'DYNA BOLT','2018-10-01 13:08:18','2018-10-01 13:08:18'),(288,'GI NIPPLE','2018-10-01 13:18:25','2018-10-01 13:18:25'),(289,'BRASS CUP HOOK','2018-10-01 13:31:45','2018-10-01 13:31:45'),(290,'CURTAIN END CAPS','2018-10-01 13:43:53','2018-10-01 13:43:53'),(291,'MAKITA CARBON BRUSH','2018-10-01 13:45:32','2018-10-01 13:45:32'),(292,'Chrome BARREL BOLT','2018-10-01 13:49:27','2018-10-01 13:49:27'),(293,'NARROW BOLT','2018-10-01 13:54:10','2018-10-01 13:54:10'),(294,'CURTAIN','2018-10-01 13:56:53','2018-10-01 13:56:53'),(295,'SHELF BRACKET','2018-10-01 14:04:43','2018-10-01 14:04:43'),(296,'ROUND FLANGES','2018-10-01 14:07:23','2018-10-01 14:07:23'),(297,'Cabinet  handle GOLD','2018-10-01 14:08:45','2018-10-01 14:08:45'),(298,'END POST','2018-10-01 14:11:07','2018-10-01 14:11:07'),(299,'CENTER POST','2018-10-01 14:17:44','2018-10-01 14:17:44'),(300,'CURTAIN HOLDER','2018-10-01 14:22:16','2018-10-01 14:22:16'),(301,'Pull Handle','2018-10-01 14:30:55','2018-10-01 14:30:55'),(302,'Door pull','2018-10-01 14:34:52','2018-10-01 14:34:52'),(303,'Stainless cabinet handle','2018-10-01 14:37:33','2018-10-01 14:37:33'),(304,'China Safety Hasp','2018-10-01 14:41:49','2018-10-01 14:41:49'),(305,'Srew driver flat','2018-10-01 14:42:56','2018-10-01 14:42:56'),(306,'Morse hacksaw blade','2018-10-01 14:43:46','2018-10-01 14:43:46'),(307,'SandFlex HS Blade','2018-10-01 14:45:52','2018-10-01 14:45:52'),(308,'Ohayo Door Closer','2018-10-01 14:46:39','2018-10-01 14:46:39'),(309,'Ladder','2018-10-01 14:48:18','2018-10-01 14:48:18'),(310,'TUMBLER SWICTH','2018-10-01 14:49:42','2018-10-01 14:49:42'),(311,'REF BULB','2018-10-01 14:51:44','2018-10-01 14:51:44'),(312,'ENTRANCE CAP','2018-10-01 14:55:24','2018-10-01 14:55:24'),(313,'EAGLE PCCT','2018-10-01 14:56:14','2018-10-01 14:56:14'),(314,'SPOOL INSULATOR','2018-10-01 14:57:02','2018-10-01 14:57:02'),(315,'BALL INSULATOR','2018-10-01 14:58:29','2018-10-01 14:58:29'),(316,'SCREW INSULATOR','2018-10-01 15:00:14','2018-10-01 15:00:14'),(317,'HINGES','2018-10-01 15:20:53','2018-10-01 15:20:53'),(318,'NAIL CABLE CLIP','2018-10-01 15:24:11','2018-10-01 15:24:11'),(319,'SAFETY SWITCH','2018-10-01 15:26:20','2018-10-01 15:26:20'),(320,'SEC RACK','2018-10-01 15:28:10','2018-10-01 15:28:10'),(321,'WELDING MASK','2018-10-01 15:29:03','2018-10-01 15:29:03'),(322,'GI CLAM','2018-10-01 15:32:44','2018-10-01 15:32:44'),(323,'SAPATILYA','2018-10-01 15:34:56','2018-10-01 15:34:56'),(324,'RUBBER force CuP w. handle','2018-10-01 15:36:47','2018-10-01 15:36:47'),(325,'BLUE CLAMP','2018-10-01 15:42:06','2018-10-01 15:42:06'),(326,'CHROME PIPE','2018-10-02 08:47:50','2018-10-02 08:47:50'),(327,'SCREW','2018-10-02 09:31:25','2018-10-02 09:31:25'),(328,'EXPANSION SHIELD','2018-10-02 09:39:48','2018-10-02 09:39:48'),(329,'GYPSUM SCREW','2018-10-02 09:43:51','2018-10-02 09:43:51'),(330,'WOOD  SCREW','2018-10-02 09:49:36','2018-10-02 09:49:36'),(331,'METAL   SCREW','2018-10-02 10:00:10','2018-10-02 10:00:10'),(332,'TOX','2018-10-02 10:04:23','2018-10-02 10:04:23'),(333,'OMNI','2018-10-02 10:12:44','2018-10-02 10:12:44'),(334,'EAGLE','2018-10-02 10:20:21','2018-10-02 10:20:21'),(335,'DELTA','2018-10-02 10:24:20','2018-10-02 10:24:20'),(336,'Female plug','2018-10-02 10:25:45','2018-10-02 10:25:45'),(337,'PANASONIC','2018-10-02 10:36:52','2018-10-02 10:36:52'),(338,'ROYU','2018-10-02 10:50:06','2018-10-02 10:50:06'),(339,'ROYU SWITCH','2018-10-02 10:57:40','2018-10-02 10:57:40'),(340,'ROYU  OUTLET','2018-10-02 11:00:07','2018-10-02 11:00:07'),(341,'ROYU EXHAUST  FAN','2018-10-02 11:06:23','2018-10-02 11:06:23'),(342,'Extension ( 5 METER)','2018-10-02 11:08:50','2018-10-02 11:08:50'),(343,'Meco Hose coupling','2018-10-02 11:11:59','2018-10-02 11:11:59'),(344,'Strainer','2018-10-02 11:13:35','2018-10-02 11:13:35'),(345,'Stainless Hose clamp HD','2018-10-02 11:15:44','2018-10-02 11:15:44'),(346,'Hose clamp','2018-10-02 13:01:16','2018-10-02 13:01:16'),(347,'ARTIST BRUSH','2018-10-02 15:42:19','2018-10-02 15:42:19'),(348,'Water Meter','2018-10-02 15:44:37','2018-10-02 15:44:37'),(349,'TEFLON','2018-10-02 16:06:14','2018-10-02 16:06:14'),(350,'PVC BALL VALVE','2018-10-02 16:12:39','2018-10-02 16:12:39'),(351,'CABLE TIE','2018-10-02 16:27:55','2018-10-02 16:27:55'),(352,'Shoe Tack','2018-10-02 16:30:32','2018-10-02 16:30:32'),(353,'BOySEN 1 LITER','2018-10-03 10:49:56','2018-10-03 10:49:56'),(354,'WELCOAT  # 1/4','2018-10-03 11:10:52','2018-10-03 11:10:52'),(355,'WELCOAT  # 1/8','2018-10-03 13:25:48','2018-10-03 13:25:48'),(356,'WELCOAT QDE  # 1/4','2018-10-03 13:37:33','2018-10-03 13:37:33'),(357,'WELCOAT QDE LITER','2018-10-03 13:44:58','2018-10-03 13:44:58'),(358,'DAVIES  1/4','2018-10-03 13:47:20','2018-10-03 13:47:20'),(359,'LUTOS ENAMEL BLACK','2018-10-03 13:52:10','2018-10-03 13:52:10'),(360,'BOSNY SPRAY PAINT','2018-10-03 13:57:23','2018-10-03 13:57:23'),(361,'GARDEN HOSE','2018-10-03 14:08:46','2018-10-03 14:08:46'),(362,'TECHNO  HOSE','2018-10-03 14:11:05','2018-10-03 14:11:05'),(363,'HOSE','2018-10-03 14:19:51','2018-10-03 14:19:51'),(364,'FLEXIBLE HOSE PC','2018-10-03 14:32:42','2018-10-03 14:32:42'),(365,'PLASTIC  HOSE MTR.','2018-10-03 14:43:26','2018-10-03 14:43:26'),(366,'Aluminum Screen','2018-10-03 14:45:23','2018-10-03 14:45:23'),(367,'Hardware Cloth','2018-10-03 14:46:29','2018-10-03 14:46:29'),(368,'Welded Wire','2018-10-03 14:48:11','2018-10-03 14:48:11'),(369,'Flexible P Trap','2018-10-03 15:27:52','2018-10-03 15:27:52'),(370,'Plastic  twine','2018-10-03 15:30:52','2018-10-03 15:30:52'),(371,'Royal Tern Water Closet','2018-10-03 15:33:10','2018-10-03 15:33:10'),(372,'Shark Bidet Holder','2018-10-03 15:34:11','2018-10-03 15:34:11'),(373,'Sanwa Ball Flapper','2018-10-03 15:35:03','2018-10-03 15:35:03'),(374,'PVC Hose Coupling 1/2','2018-10-03 15:37:26','2018-10-03 15:37:26'),(375,'PVC Hose Coupling 5/8','2018-10-03 15:40:19','2018-10-03 15:40:19'),(376,'PVC Black Hose Coupling Univ','2018-10-03 15:41:31','2018-10-03 15:41:31'),(377,'SERVICE DROP WIRE','2018-10-03 15:43:50','2018-10-03 15:43:50'),(378,'FLAT CORD','2018-10-03 15:47:34','2018-10-03 15:47:34'),(379,'WIRE','2018-10-03 15:51:35','2018-10-03 15:51:35'),(380,'Royal cord','2018-10-03 16:10:31','2018-10-03 16:10:31'),(381,'ROYU THHN 14/7','2018-10-03 16:15:05','2018-10-03 16:15:05'),(382,'ROYU THHN 12/7','2018-10-03 16:18:03','2018-10-03 16:18:03'),(383,'ROYU THHN 10/7','2018-10-03 16:21:02','2018-10-03 16:21:02'),(384,'WINFLEX FLAT CORD','2018-10-03 16:25:10','2018-10-03 16:25:10'),(385,'PHELP DODGE  THHN 12/7','2018-10-03 16:27:10','2018-10-03 16:27:10'),(386,'PHELP DODGE  THHN 14/7','2018-10-03 16:28:46','2018-10-03 16:28:46'),(387,'PHELP DODGE  THHN 14','2018-10-04 08:49:08','2018-10-04 08:49:08'),(388,'ALLIED DUPLEX WIRE','2018-10-04 08:50:42','2018-10-04 08:50:42'),(389,'POWER FLEX  TW BLACK','2018-10-04 08:57:19','2018-10-04 08:57:19'),(390,'POWER FLEX THHN # 8','2018-10-04 08:59:32','2018-10-04 08:59:32'),(391,'POWER FLEX THHN # 12','2018-10-04 09:02:14','2018-10-04 09:02:14'),(392,'DEFORMED BAR','2018-10-04 09:28:13','2018-10-04 09:28:13'),(393,'ROUND BAR / PLAIN BAR','2018-10-04 09:29:28','2018-10-04 09:29:28'),(394,'GI TUBULAR (1.5)','2018-10-04 09:33:12','2018-10-04 09:33:12'),(395,'BI TUBULAR (1.5)','2018-10-04 09:42:58','2018-10-04 09:42:58'),(396,'GI C PURLINS','2018-10-04 09:51:38','2018-10-04 09:51:38'),(397,'Square  BAR','2018-10-04 09:53:38','2018-10-04 09:53:38'),(398,'ANGLE BAR','2018-10-04 10:01:52','2018-10-04 10:01:52'),(399,'FLAT  BAR','2018-10-04 10:11:14','2018-10-04 10:11:14'),(400,'PALUPO','2018-10-04 10:22:44','2018-10-04 10:22:44'),(401,'GUTTER ORDINARY','2018-10-04 10:27:45','2018-10-04 10:27:45'),(402,'STEEL MATTING','2018-10-04 10:29:17','2018-10-04 10:29:17'),(403,'BI MS PLATE','2018-10-04 10:30:08','2018-10-04 10:30:08'),(404,'WALL ANGLE','2018-10-04 10:31:04','2018-10-04 10:31:04'),(405,'Metal FURRING','2018-10-04 10:36:22','2018-10-04 10:36:22'),(406,'CONDUIT PIPE RSC PIPE','2018-10-04 11:04:13','2018-10-04 11:04:13'),(407,'SUPER LUME ( EXCEL)','2018-10-04 11:07:56','2018-10-04 11:07:56'),(408,'SUPER LUME EXTREME','2018-10-04 11:16:33','2018-10-04 11:16:33'),(409,'EL TORO CEMENT TROWEL','2018-10-04 11:19:20','2018-10-04 11:19:20'),(410,'OMNI  AIRCON OUTLET','2018-10-04 11:20:45','2018-10-04 11:20:45'),(411,'OMNI  Water PROOF RUBBER SOCKET','2018-10-04 11:22:16','2018-10-04 11:22:16'),(412,'WELDING LENS','2018-10-04 11:24:38','2018-10-04 11:24:38'),(413,'BEAGLE SAND PAPER','2018-10-04 11:27:10','2018-10-04 11:27:10'),(414,'DIAMOND BARREL BOLT','2018-10-04 11:29:42','2018-10-04 11:29:42'),(415,'SELCO LIQUID SOSA','2018-10-04 11:30:49','2018-10-04 11:30:49'),(416,'SQUARE PRESSURE SWITCH','2018-10-04 11:37:29','2018-10-04 11:37:29'),(417,'ELECTRIC TAPE','2018-10-04 11:38:49','2018-10-04 11:38:49'),(418,'PATCHING COMPOUND','2018-10-04 11:41:02','2018-10-04 11:41:02'),(419,'DENATURED ALCOHOL','2018-10-04 11:44:03','2018-10-04 11:44:03'),(420,'CORNESA','2018-10-04 11:48:46','2018-10-04 11:48:46'),(421,'CARRYING CHANNEL','2018-10-04 11:49:37','2018-10-04 11:49:37'),(422,'Bio Orange pipe','2018-10-04 11:51:31','2018-10-04 11:51:31'),(423,'EURO FLEX HOSE','2018-10-04 11:54:36','2018-10-04 11:54:36'),(424,'PLY BOARD','2018-10-04 12:39:35','2018-10-04 12:39:35'),(425,'LISTON','2018-10-04 12:41:17','2018-10-04 12:41:17'),(426,'Bosh Cut off','2018-10-04 12:45:04','2018-10-04 12:45:04'),(427,'Marine fly wood','2018-10-04 12:46:56','2018-10-04 12:46:56'),(428,'Ordinary ply wood','2018-10-04 12:48:23','2018-10-04 12:48:23'),(429,'GI Square tube','2018-10-04 12:50:45','2018-10-04 12:50:45'),(430,'Superlume plain','2018-10-04 12:52:07','2018-10-04 12:52:07'),(431,'GI Pipe','2018-10-04 12:54:57','2018-10-04 12:54:57'),(432,'Masonary putty','2018-10-04 13:17:05','2018-10-04 13:17:05'),(433,'Boysen QDE','2018-10-04 13:20:59','2018-10-04 13:20:59'),(434,'Nylon Rope','2018-10-04 13:27:44','2018-10-04 13:27:44'),(435,'Hose coupling','2018-10-04 13:34:04','2018-10-04 13:34:04'),(436,'Electrical  Pipe','2018-10-04 13:37:37','2018-10-04 13:37:37'),(437,'Polituff Body Filler Liter','2018-10-04 13:39:44','2018-10-04 13:39:44'),(438,'Acrylic Sealant','2018-10-04 13:44:02','2018-10-04 13:44:02'),(439,'WD40','2018-10-04 13:46:02','2018-10-04 13:46:02'),(440,'Eons drill bit','2018-10-04 13:50:38','2018-10-04 13:50:38'),(441,'Koten Circuit Breaker','2018-10-04 13:56:04','2018-10-04 13:56:04'),(442,'PowerFlex THHN wire','2018-10-04 13:57:21','2018-10-04 13:57:21'),(443,'Amerilock D101','2018-10-04 14:00:46','2018-10-04 14:00:46'),(444,'Stainless bidet','2018-10-04 14:07:54','2018-10-04 14:07:54'),(445,'Buffing Disk','2018-10-04 14:11:52','2018-10-04 14:11:52'),(446,'Flap Disk','2018-10-04 14:14:13','2018-10-04 14:14:13'),(447,'LED Bulb','2018-10-04 14:21:19','2018-10-04 14:21:19'),(448,'Outlet','2018-10-04 14:23:02','2018-10-04 14:23:02'),(449,'Cord','2018-10-04 14:24:50','2018-10-04 14:24:50'),(450,'No more Nails','2018-10-04 14:26:09','2018-10-04 14:26:09'),(451,'Varnish','2018-10-04 14:28:30','2018-10-04 14:28:30'),(452,'Plastic sheet white','2018-10-04 14:29:35','2018-10-04 14:29:35'),(453,'Boysen OWS -AOKS B2708','2018-10-04 14:30:43','2018-10-04 14:30:43'),(454,'Amazon screen','2018-10-04 14:32:45','2018-10-04 14:32:45'),(455,'Piano Hinges','2018-10-04 14:41:22','2018-10-04 14:41:22'),(456,'Aluminum Level Bar','2018-10-04 14:44:19','2018-10-04 14:44:19'),(457,'Kart Wheel','2018-10-04 14:45:00','2018-10-04 14:45:00'),(458,'Flat Enamel Ltr','2018-10-04 14:47:02','2018-10-04 14:47:02'),(459,'QDE delft blue','2018-10-04 14:49:13','2018-10-04 14:49:13'),(460,'Plastic hose coupling','2018-10-04 14:50:17','2018-10-04 14:50:17'),(461,'Saddle Clamps','2018-10-04 14:54:46','2018-10-04 14:54:46');

/*Table structure for table `migrations` */

DROP TABLE IF EXISTS `migrations`;

CREATE TABLE `migrations` (
  `id` int(10) unsigned NOT NULL AUTO_INCREMENT,
  `migration` varchar(191) COLLATE utf8mb4_unicode_ci NOT NULL,
  `batch` int(11) NOT NULL,
  PRIMARY KEY (`id`)
) ENGINE=InnoDB AUTO_INCREMENT=7 DEFAULT CHARSET=utf8mb4 COLLATE=utf8mb4_unicode_ci;

/*Data for the table `migrations` */

insert  into `migrations`(`id`,`migration`,`batch`) values (1,'2014_07_02_230147_migration_cartalyst_sentinel',1),(2,'2018_09_04_105437_create_inventory_tables',1),(3,'2018_09_14_121505_modify_tables',2),(4,'2018_09_14_143505_modify_transaction_table',3),(5,'2018_09_16_152356_create_table_for_customers',4),(6,'2018_09_16_233003_add_discount_column_in_transaction_entry_table',5);

/*Table structure for table `persistences` */

DROP TABLE IF EXISTS `persistences`;

CREATE TABLE `persistences` (
  `id` int(10) unsigned NOT NULL AUTO_INCREMENT,
  `user_id` int(10) unsigned NOT NULL,
  `code` varchar(191) COLLATE utf8mb4_unicode_ci NOT NULL,
  `created_at` timestamp NULL DEFAULT NULL,
  `updated_at` timestamp NULL DEFAULT NULL,
  PRIMARY KEY (`id`),
  UNIQUE KEY `persistences_code_unique` (`code`)
) ENGINE=InnoDB DEFAULT CHARSET=utf8mb4 COLLATE=utf8mb4_unicode_ci;

/*Data for the table `persistences` */

/*Table structure for table `reminders` */

DROP TABLE IF EXISTS `reminders`;

CREATE TABLE `reminders` (
  `id` int(10) unsigned NOT NULL AUTO_INCREMENT,
  `user_id` int(10) unsigned NOT NULL,
  `code` varchar(191) COLLATE utf8mb4_unicode_ci NOT NULL,
  `completed` tinyint(1) NOT NULL DEFAULT '0',
  `completed_at` timestamp NULL DEFAULT NULL,
  `created_at` timestamp NULL DEFAULT NULL,
  `updated_at` timestamp NULL DEFAULT NULL,
  PRIMARY KEY (`id`)
) ENGINE=InnoDB DEFAULT CHARSET=utf8mb4 COLLATE=utf8mb4_unicode_ci;

/*Data for the table `reminders` */

/*Table structure for table `role_users` */

DROP TABLE IF EXISTS `role_users`;

CREATE TABLE `role_users` (
  `user_id` int(10) unsigned NOT NULL,
  `role_id` int(10) unsigned NOT NULL,
  `created_at` timestamp NULL DEFAULT NULL,
  `updated_at` timestamp NULL DEFAULT NULL,
  PRIMARY KEY (`user_id`,`role_id`)
) ENGINE=InnoDB DEFAULT CHARSET=utf8mb4 COLLATE=utf8mb4_unicode_ci;

/*Data for the table `role_users` */

/*Table structure for table `roles` */

DROP TABLE IF EXISTS `roles`;

CREATE TABLE `roles` (
  `id` int(10) unsigned NOT NULL AUTO_INCREMENT,
  `slug` varchar(191) COLLATE utf8mb4_unicode_ci NOT NULL,
  `name` varchar(191) COLLATE utf8mb4_unicode_ci NOT NULL,
  `permissions` text COLLATE utf8mb4_unicode_ci,
  `created_at` timestamp NULL DEFAULT NULL,
  `updated_at` timestamp NULL DEFAULT NULL,
  PRIMARY KEY (`id`),
  UNIQUE KEY `roles_slug_unique` (`slug`)
) ENGINE=InnoDB DEFAULT CHARSET=utf8mb4 COLLATE=utf8mb4_unicode_ci;

/*Data for the table `roles` */

/*Table structure for table `statuses` */

DROP TABLE IF EXISTS `statuses`;

CREATE TABLE `statuses` (
  `id` int(10) unsigned NOT NULL AUTO_INCREMENT,
  `code` varchar(255) COLLATE utf8mb4_unicode_ci NOT NULL,
  `name` varchar(255) COLLATE utf8mb4_unicode_ci NOT NULL,
  `created_at` timestamp NULL DEFAULT NULL,
  `updated_at` timestamp NULL DEFAULT NULL,
  PRIMARY KEY (`id`)
) ENGINE=InnoDB DEFAULT CHARSET=utf8mb4 COLLATE=utf8mb4_unicode_ci;

/*Data for the table `statuses` */

/*Table structure for table `suppliers` */

DROP TABLE IF EXISTS `suppliers`;

CREATE TABLE `suppliers` (
  `id` int(10) unsigned NOT NULL AUTO_INCREMENT,
  `name` varchar(255) COLLATE utf8mb4_unicode_ci NOT NULL,
  `code` varchar(255) COLLATE utf8mb4_unicode_ci NOT NULL,
  `status` enum('active','banned') COLLATE utf8mb4_unicode_ci NOT NULL DEFAULT 'active',
  `created_at` timestamp NULL DEFAULT NULL,
  `updated_at` timestamp NULL DEFAULT NULL,
  PRIMARY KEY (`id`)
) ENGINE=InnoDB AUTO_INCREMENT=9 DEFAULT CHARSET=utf8mb4 COLLATE=utf8mb4_unicode_ci;

/*Data for the table `suppliers` */

insert  into `suppliers`(`id`,`name`,`code`,`status`,`created_at`,`updated_at`) values (2,'Marketing','Webbert','active','2018-09-27 09:52:33','2018-09-27 09:52:33'),(3,'Lumber','Sandigan','active','2018-09-27 10:21:17','2018-09-27 10:21:17'),(4,'Maris Trading','JC','active','2018-09-27 10:21:49','2018-09-27 10:21:49'),(5,'Electric Corp.','Firefly','active','2018-09-27 10:22:35','2018-09-27 10:22:35'),(6,'Hollow Block','Zaldy','active','2018-09-27 10:23:28','2018-09-27 10:23:28'),(7,'Trading','CMA','active','2018-09-27 10:23:48','2018-09-27 10:23:48'),(8,'Out Lumber','LM','active','2018-09-27 10:24:42','2018-09-27 10:24:42');

/*Table structure for table `throttle` */

DROP TABLE IF EXISTS `throttle`;

CREATE TABLE `throttle` (
  `id` int(10) unsigned NOT NULL AUTO_INCREMENT,
  `user_id` int(10) unsigned DEFAULT NULL,
  `type` varchar(191) COLLATE utf8mb4_unicode_ci NOT NULL,
  `ip` varchar(191) COLLATE utf8mb4_unicode_ci DEFAULT NULL,
  `created_at` timestamp NULL DEFAULT NULL,
  `updated_at` timestamp NULL DEFAULT NULL,
  PRIMARY KEY (`id`),
  KEY `throttle_user_id_index` (`user_id`)
) ENGINE=InnoDB DEFAULT CHARSET=utf8mb4 COLLATE=utf8mb4_unicode_ci;

/*Data for the table `throttle` */

/*Table structure for table `transaction_entries` */

DROP TABLE IF EXISTS `transaction_entries`;

CREATE TABLE `transaction_entries` (
  `id` int(10) unsigned NOT NULL AUTO_INCREMENT,
  `transaction_id` int(10) unsigned NOT NULL,
  `item_variation_id` int(10) unsigned DEFAULT NULL,
  `base_unit_id` int(10) unsigned NOT NULL,
  `quantity` decimal(8,2) NOT NULL DEFAULT '0.00',
  `price` decimal(8,2) NOT NULL DEFAULT '0.00',
  `total_price` decimal(8,2) NOT NULL DEFAULT '0.00',
  `created_at` timestamp NULL DEFAULT NULL,
  `updated_at` timestamp NULL DEFAULT NULL,
  `discount` decimal(8,2) DEFAULT '0.00',
  PRIMARY KEY (`id`),
  KEY `transaction_entries_item_variation_id_foreign` (`item_variation_id`),
  CONSTRAINT `transaction_entries_item_variation_id_foreign` FOREIGN KEY (`item_variation_id`) REFERENCES `item_variations` (`id`)
) ENGINE=InnoDB AUTO_INCREMENT=71 DEFAULT CHARSET=utf8mb4 COLLATE=utf8mb4_unicode_ci;

/*Data for the table `transaction_entries` */

insert  into `transaction_entries`(`id`,`transaction_id`,`item_variation_id`,`base_unit_id`,`quantity`,`price`,`total_price`,`created_at`,`updated_at`,`discount`) values (1,1,58,2,'10.00','0.00','0.00','2018-10-07 16:22:32','2018-10-07 16:22:32','0.00'),(2,2,58,2,'10.00','0.00','0.00','2018-10-07 16:22:52','2018-10-07 16:22:52','0.00'),(3,3,58,2,'11.00','0.00','0.00','2018-10-08 08:08:36','2018-10-08 08:08:36','0.00'),(4,4,58,2,'5.00','0.00','0.00','2018-10-08 08:09:31','2018-10-08 08:09:31','0.00'),(5,5,58,2,'5.00','0.00','0.00','2018-10-08 08:10:14','2018-10-08 08:10:14','0.00'),(6,6,58,2,'5.00','0.00','0.00','2018-10-08 08:10:38','2018-10-08 08:10:38','0.00'),(7,7,58,2,'4.00','0.00','0.00','2018-10-08 08:11:46','2018-10-08 08:11:46','0.00'),(8,8,58,2,'5.00','0.00','0.00','2018-10-08 08:12:08','2018-10-08 08:12:08','0.00'),(9,9,62,1,'1.00','0.00','0.00','2018-10-08 08:14:22','2018-10-08 08:14:22','0.00'),(10,10,64,1,'4.00','0.00','0.00','2018-10-08 08:19:19','2018-10-08 08:19:19','0.00'),(11,11,65,1,'27.00','0.00','0.00','2018-10-08 08:19:45','2018-10-08 08:19:45','0.00'),(12,12,68,9,'1.00','0.00','0.00','2018-10-08 08:20:27','2018-10-08 08:20:27','0.00'),(13,13,69,1,'1.00','0.00','0.00','2018-10-08 08:21:50','2018-10-08 08:21:50','0.00'),(14,14,70,1,'1.00','0.00','0.00','2018-10-08 08:22:10','2018-10-08 08:22:10','0.00'),(15,15,71,1,'18.00','0.00','0.00','2018-10-08 08:22:39','2018-10-08 08:22:39','0.00'),(16,16,72,1,'27.00','0.00','0.00','2018-10-08 08:23:28','2018-10-08 08:23:28','0.00'),(17,17,73,1,'8.00','0.00','0.00','2018-10-08 08:23:54','2018-10-08 08:23:54','0.00'),(18,18,75,1,'4.00','0.00','0.00','2018-10-08 08:25:43','2018-10-08 08:25:43','0.00'),(19,19,77,1,'2.00','0.00','0.00','2018-10-08 08:26:36','2018-10-08 08:26:36','0.00'),(20,20,77,1,'2.00','0.00','0.00','2018-10-08 08:26:54','2018-10-08 08:26:54','0.00'),(21,21,77,1,'2.00','0.00','0.00','2018-10-08 08:28:33','2018-10-08 08:28:33','0.00'),(22,22,78,1,'1.00','0.00','0.00','2018-10-08 08:28:54','2018-10-08 08:28:54','0.00'),(23,23,79,1,'40.00','0.00','0.00','2018-10-08 08:29:21','2018-10-08 08:29:21','0.00'),(24,24,80,1,'33.00','0.00','0.00','2018-10-08 08:30:00','2018-10-08 08:30:00','0.00'),(25,25,81,1,'32.00','0.00','0.00','2018-10-08 08:30:42','2018-10-08 08:30:42','0.00'),(26,26,83,1,'3.00','0.00','0.00','2018-10-08 08:31:19','2018-10-08 08:31:19','0.00'),(27,27,84,1,'4.00','0.00','0.00','2018-10-08 08:31:34','2018-10-08 08:31:34','0.00'),(28,28,85,1,'13.00','0.00','0.00','2018-10-08 08:31:58','2018-10-08 08:31:58','0.00'),(29,29,88,1,'1.00','0.00','0.00','2018-10-08 08:32:56','2018-10-08 08:32:56','0.00'),(30,30,89,1,'24.00','0.00','0.00','2018-10-08 08:33:35','2018-10-08 08:33:35','0.00'),(31,31,90,1,'6.00','0.00','0.00','2018-10-08 08:34:00','2018-10-08 08:34:00','0.00'),(32,32,91,1,'56.00','0.00','0.00','2018-10-08 08:34:21','2018-10-08 08:34:21','0.00'),(33,33,92,1,'2.00','0.00','0.00','2018-10-08 08:43:28','2018-10-08 08:43:28','0.00'),(34,34,93,1,'7.00','0.00','0.00','2018-10-08 08:43:57','2018-10-08 08:43:57','0.00'),(35,35,94,1,'37.00','0.00','0.00','2018-10-08 08:46:04','2018-10-08 08:46:04','0.00'),(36,36,95,1,'31.00','0.00','0.00','2018-10-08 08:51:02','2018-10-08 08:51:02','0.00'),(37,37,97,1,'1.00','0.00','0.00','2018-10-08 08:51:35','2018-10-08 08:51:35','0.00'),(38,38,96,1,'1.00','0.00','0.00','2018-10-08 08:53:11','2018-10-08 08:53:11','0.00'),(39,39,98,1,'24.00','0.00','0.00','2018-10-08 08:53:41','2018-10-08 08:53:41','0.00'),(40,40,99,1,'3.00','0.00','0.00','2018-10-08 08:54:06','2018-10-08 08:54:06','0.00'),(41,41,100,1,'2.00','0.00','0.00','2018-10-08 08:54:25','2018-10-08 08:54:25','0.00'),(42,42,101,1,'4.00','0.00','0.00','2018-10-08 09:02:57','2018-10-08 09:02:57','0.00'),(43,43,102,1,'3.00','0.00','0.00','2018-10-08 09:04:09','2018-10-08 09:04:09','0.00'),(44,44,103,1,'13.00','0.00','0.00','2018-10-08 09:16:28','2018-10-08 09:16:28','0.00'),(45,45,104,1,'10.00','0.00','0.00','2018-10-08 09:16:58','2018-10-08 09:16:58','0.00'),(46,46,105,1,'2.00','0.00','0.00','2018-10-08 09:18:49','2018-10-08 09:18:49','0.00'),(47,47,107,1,'1.00','0.00','0.00','2018-10-08 09:20:41','2018-10-08 09:20:41','0.00'),(48,48,112,1,'193.00','0.00','0.00','2018-10-08 09:22:50','2018-10-08 09:22:50','0.00'),(49,49,110,1,'7.00','0.00','0.00','2018-10-08 09:23:38','2018-10-08 09:23:38','0.00'),(50,50,113,7,'150.00','0.00','0.00','2018-10-08 09:24:09','2018-10-08 09:24:09','0.00'),(51,51,113,7,'300.00','0.00','0.00','2018-10-08 09:24:24','2018-10-08 09:24:24','0.00'),(52,52,114,7,'230.00','0.00','0.00','2018-10-08 09:24:40','2018-10-08 09:24:40','0.00'),(53,53,114,7,'15.00','0.00','0.00','2018-10-08 09:25:08','2018-10-08 09:25:08','0.00'),(54,54,115,4,'30.00','0.00','0.00','2018-10-08 09:25:29','2018-10-08 09:25:29','0.00'),(55,55,116,4,'30.00','0.00','0.00','2018-10-08 09:25:45','2018-10-08 09:25:45','0.00'),(56,56,117,4,'9.75','0.00','0.00','2018-10-08 09:26:50','2018-10-08 09:26:50','0.00'),(57,57,118,4,'7.00','0.00','0.00','2018-10-08 09:27:47','2018-10-08 09:27:47','0.00'),(58,58,119,4,'29.00','0.00','0.00','2018-10-08 09:29:11','2018-10-08 09:29:11','0.00'),(59,59,126,4,'37.00','0.00','0.00','2018-10-08 09:29:58','2018-10-08 09:29:58','0.00'),(60,60,127,4,'7.00','0.00','0.00','2018-10-08 09:30:28','2018-10-08 09:30:28','0.00'),(61,61,122,4,'39.00','0.00','0.00','2018-10-08 09:32:42','2018-10-08 09:32:42','0.00'),(62,62,123,2,'39.00','0.00','0.00','2018-10-08 09:33:22','2018-10-08 09:33:22','0.00'),(63,63,124,4,'31.75','0.00','0.00','2018-10-08 09:34:45','2018-10-08 09:34:45','0.00'),(64,64,125,4,'21.00','0.00','0.00','2018-10-08 09:35:29','2018-10-08 09:35:29','0.00'),(65,65,126,4,'12.50','0.00','0.00','2018-10-08 09:40:11','2018-10-08 09:40:11','0.00'),(66,66,128,4,'71.00','0.00','0.00','2018-10-08 09:42:36','2018-10-08 09:42:36','0.00'),(67,67,129,4,'6.00','0.00','0.00','2018-10-08 09:43:00','2018-10-08 09:43:00','0.00'),(68,68,130,4,'11.00','0.00','0.00','2018-10-08 09:43:22','2018-10-08 09:43:22','0.00'),(69,69,131,4,'2.50','0.00','0.00','2018-10-08 09:44:25','2018-10-08 09:44:25','0.00'),(70,70,132,4,'46.00','0.00','0.00','2018-10-08 09:45:21','2018-10-08 09:45:21','0.00');

/*Table structure for table `transaction_types` */

DROP TABLE IF EXISTS `transaction_types`;

CREATE TABLE `transaction_types` (
  `id` int(10) unsigned NOT NULL AUTO_INCREMENT,
  `code` varchar(255) COLLATE utf8mb4_unicode_ci NOT NULL,
  `name` varchar(255) COLLATE utf8mb4_unicode_ci NOT NULL,
  `created_at` timestamp NULL DEFAULT NULL,
  `updated_at` timestamp NULL DEFAULT NULL,
  PRIMARY KEY (`id`)
) ENGINE=InnoDB AUTO_INCREMENT=7 DEFAULT CHARSET=utf8mb4 COLLATE=utf8mb4_unicode_ci;

/*Data for the table `transaction_types` */

insert  into `transaction_types`(`id`,`code`,`name`,`created_at`,`updated_at`) values (1,'MIG','Migrate',NULL,NULL),(2,'O','Order',NULL,NULL),(3,'R','Return',NULL,NULL),(4,'SA','Stock Adjustment',NULL,NULL),(5,'RE','Received',NULL,NULL),(6,'D','Discounts',NULL,NULL);

/*Table structure for table `transactions` */

DROP TABLE IF EXISTS `transactions`;

CREATE TABLE `transactions` (
  `id` int(10) unsigned NOT NULL AUTO_INCREMENT,
  `or_number` varchar(255) COLLATE utf8mb4_unicode_ci NOT NULL,
  `transaction_number` varchar(255) COLLATE utf8mb4_unicode_ci NOT NULL,
  `account_id` int(10) unsigned NOT NULL,
  `transaction_type_id` int(10) unsigned NOT NULL,
  `status_id` int(10) unsigned DEFAULT NULL,
  `to` int(10) unsigned DEFAULT NULL,
  `from` int(10) unsigned DEFAULT NULL,
  `total_debit` decimal(8,2) NOT NULL DEFAULT '0.00',
  `total_credit` decimal(8,2) NOT NULL DEFAULT '0.00',
  `total_balance` decimal(8,2) NOT NULL DEFAULT '0.00',
  `transaction_date` date NOT NULL,
  `created_by` int(10) unsigned DEFAULT NULL,
  `created_at` timestamp NULL DEFAULT NULL,
  `updated_at` timestamp NULL DEFAULT NULL,
  PRIMARY KEY (`id`)
) ENGINE=InnoDB AUTO_INCREMENT=71 DEFAULT CHARSET=utf8mb4 COLLATE=utf8mb4_unicode_ci;

/*Data for the table `transactions` */

insert  into `transactions`(`id`,`or_number`,`transaction_number`,`account_id`,`transaction_type_id`,`status_id`,`to`,`from`,`total_debit`,`total_credit`,`total_balance`,`transaction_date`,`created_by`,`created_at`,`updated_at`) values (1,'0','181007042232',3,4,NULL,NULL,0,'0.00','0.00','0.00','2018-10-07',NULL,'2018-10-07 16:22:32','2018-10-07 16:22:32'),(2,'0','181007042252',3,4,NULL,NULL,0,'0.00','0.00','0.00','2018-10-07',NULL,'2018-10-07 16:22:52','2018-10-07 16:22:52'),(3,'0','181008080836',3,4,NULL,NULL,0,'0.00','0.00','0.00','2018-10-08',NULL,'2018-10-08 08:08:36','2018-10-08 08:08:36'),(4,'0','181008080931',3,4,NULL,NULL,0,'0.00','0.00','0.00','2018-10-08',NULL,'2018-10-08 08:09:31','2018-10-08 08:09:31'),(5,'0','181008081014',3,4,NULL,NULL,0,'0.00','0.00','0.00','2018-10-08',NULL,'2018-10-08 08:10:14','2018-10-08 08:10:14'),(6,'0','181008081038',3,4,NULL,NULL,0,'0.00','0.00','0.00','2018-10-08',NULL,'2018-10-08 08:10:38','2018-10-08 08:10:38'),(7,'0','181008081146',3,4,NULL,NULL,0,'0.00','0.00','0.00','2018-10-08',NULL,'2018-10-08 08:11:46','2018-10-08 08:11:46'),(8,'0','181008081208',3,4,NULL,NULL,0,'0.00','0.00','0.00','2018-10-08',NULL,'2018-10-08 08:12:08','2018-10-08 08:12:08'),(9,'0','181008081422',3,4,NULL,NULL,0,'0.00','0.00','0.00','2018-10-08',NULL,'2018-10-08 08:14:22','2018-10-08 08:14:22'),(10,'0','181008081919',3,4,NULL,NULL,0,'0.00','0.00','0.00','2018-10-08',NULL,'2018-10-08 08:19:19','2018-10-08 08:19:19'),(11,'0','181008081945',3,4,NULL,NULL,0,'0.00','0.00','0.00','2018-10-08',NULL,'2018-10-08 08:19:45','2018-10-08 08:19:45'),(12,'0','181008082027',3,4,NULL,NULL,0,'0.00','0.00','0.00','2018-10-08',NULL,'2018-10-08 08:20:27','2018-10-08 08:20:27'),(13,'0','181008082150',3,4,NULL,NULL,0,'0.00','0.00','0.00','2018-10-08',NULL,'2018-10-08 08:21:50','2018-10-08 08:21:50'),(14,'0','181008082210',3,4,NULL,NULL,0,'0.00','0.00','0.00','2018-10-08',NULL,'2018-10-08 08:22:10','2018-10-08 08:22:10'),(15,'0','181008082239',3,4,NULL,NULL,0,'0.00','0.00','0.00','2018-10-08',NULL,'2018-10-08 08:22:39','2018-10-08 08:22:39'),(16,'0','181008082328',3,4,NULL,NULL,0,'0.00','0.00','0.00','2018-10-08',NULL,'2018-10-08 08:23:28','2018-10-08 08:23:28'),(17,'0','181008082354',3,4,NULL,NULL,0,'0.00','0.00','0.00','2018-10-08',NULL,'2018-10-08 08:23:54','2018-10-08 08:23:54'),(18,'0','181008082543',3,4,NULL,NULL,0,'0.00','0.00','0.00','2018-10-08',NULL,'2018-10-08 08:25:43','2018-10-08 08:25:43'),(19,'0','181008082636',3,4,NULL,NULL,0,'0.00','0.00','0.00','2018-10-08',NULL,'2018-10-08 08:26:36','2018-10-08 08:26:36'),(20,'0','181008082654',3,4,NULL,NULL,0,'0.00','0.00','0.00','2018-10-08',NULL,'2018-10-08 08:26:54','2018-10-08 08:26:54'),(21,'0','181008082833',3,4,NULL,NULL,0,'0.00','0.00','0.00','2018-10-08',NULL,'2018-10-08 08:28:33','2018-10-08 08:28:33'),(22,'0','181008082854',3,4,NULL,NULL,0,'0.00','0.00','0.00','2018-10-08',NULL,'2018-10-08 08:28:54','2018-10-08 08:28:54'),(23,'0','181008082921',3,4,NULL,NULL,0,'0.00','0.00','0.00','2018-10-08',NULL,'2018-10-08 08:29:21','2018-10-08 08:29:21'),(24,'0','181008083000',3,4,NULL,NULL,0,'0.00','0.00','0.00','2018-10-08',NULL,'2018-10-08 08:30:00','2018-10-08 08:30:00'),(25,'0','181008083042',3,4,NULL,NULL,0,'0.00','0.00','0.00','2018-10-08',NULL,'2018-10-08 08:30:42','2018-10-08 08:30:42'),(26,'0','181008083119',3,4,NULL,NULL,0,'0.00','0.00','0.00','2018-10-08',NULL,'2018-10-08 08:31:19','2018-10-08 08:31:19'),(27,'0','181008083134',3,4,NULL,NULL,0,'0.00','0.00','0.00','2018-10-08',NULL,'2018-10-08 08:31:34','2018-10-08 08:31:34'),(28,'0','181008083158',3,4,NULL,NULL,0,'0.00','0.00','0.00','2018-10-08',NULL,'2018-10-08 08:31:58','2018-10-08 08:31:58'),(29,'0','181008083256',3,4,NULL,NULL,0,'0.00','0.00','0.00','2018-10-08',NULL,'2018-10-08 08:32:56','2018-10-08 08:32:56'),(30,'0','181008083335',3,4,NULL,NULL,0,'0.00','0.00','0.00','2018-10-08',NULL,'2018-10-08 08:33:35','2018-10-08 08:33:35'),(31,'0','181008083400',3,4,NULL,NULL,0,'0.00','0.00','0.00','2018-10-08',NULL,'2018-10-08 08:34:00','2018-10-08 08:34:00'),(32,'0','181008083421',3,4,NULL,NULL,0,'0.00','0.00','0.00','2018-10-08',NULL,'2018-10-08 08:34:21','2018-10-08 08:34:21'),(33,'0','181008084328',3,4,NULL,NULL,0,'0.00','0.00','0.00','2018-10-08',NULL,'2018-10-08 08:43:28','2018-10-08 08:43:28'),(34,'0','181008084357',3,4,NULL,NULL,0,'0.00','0.00','0.00','2018-10-08',NULL,'2018-10-08 08:43:57','2018-10-08 08:43:57'),(35,'0','181008084604',3,4,NULL,NULL,0,'0.00','0.00','0.00','2018-10-08',NULL,'2018-10-08 08:46:04','2018-10-08 08:46:04'),(36,'0','181008085102',3,4,NULL,NULL,0,'0.00','0.00','0.00','2018-10-08',NULL,'2018-10-08 08:51:02','2018-10-08 08:51:02'),(37,'0','181008085135',3,4,NULL,NULL,0,'0.00','0.00','0.00','2018-10-08',NULL,'2018-10-08 08:51:35','2018-10-08 08:51:35'),(38,'0','181008085311',3,4,NULL,NULL,0,'0.00','0.00','0.00','2018-10-08',NULL,'2018-10-08 08:53:11','2018-10-08 08:53:11'),(39,'0','181008085341',3,4,NULL,NULL,0,'0.00','0.00','0.00','2018-10-08',NULL,'2018-10-08 08:53:41','2018-10-08 08:53:41'),(40,'0','181008085406',3,4,NULL,NULL,0,'0.00','0.00','0.00','2018-10-08',NULL,'2018-10-08 08:54:06','2018-10-08 08:54:06'),(41,'0','181008085425',3,4,NULL,NULL,0,'0.00','0.00','0.00','2018-10-08',NULL,'2018-10-08 08:54:25','2018-10-08 08:54:25'),(42,'0','181008090257',3,4,NULL,NULL,0,'0.00','0.00','0.00','2018-10-08',NULL,'2018-10-08 09:02:57','2018-10-08 09:02:57'),(43,'0','181008090409',3,4,NULL,NULL,0,'0.00','0.00','0.00','2018-10-08',NULL,'2018-10-08 09:04:09','2018-10-08 09:04:09'),(44,'0','181008091628',3,4,NULL,NULL,0,'0.00','0.00','0.00','2018-10-08',NULL,'2018-10-08 09:16:28','2018-10-08 09:16:28'),(45,'0','181008091658',3,4,NULL,NULL,0,'0.00','0.00','0.00','2018-10-08',NULL,'2018-10-08 09:16:58','2018-10-08 09:16:58'),(46,'0','181008091849',3,4,NULL,NULL,0,'0.00','0.00','0.00','2018-10-08',NULL,'2018-10-08 09:18:49','2018-10-08 09:18:49'),(47,'0','181008092041',3,4,NULL,NULL,0,'0.00','0.00','0.00','2018-10-08',NULL,'2018-10-08 09:20:41','2018-10-08 09:20:41'),(48,'0','181008092250',3,4,NULL,NULL,0,'0.00','0.00','0.00','2018-10-08',NULL,'2018-10-08 09:22:50','2018-10-08 09:22:50'),(49,'0','181008092338',3,4,NULL,NULL,0,'0.00','0.00','0.00','2018-10-08',NULL,'2018-10-08 09:23:38','2018-10-08 09:23:38'),(50,'0','181008092409',3,4,NULL,NULL,0,'0.00','0.00','0.00','2018-10-08',NULL,'2018-10-08 09:24:09','2018-10-08 09:24:09'),(51,'0','181008092424',3,4,NULL,NULL,0,'0.00','0.00','0.00','2018-10-08',NULL,'2018-10-08 09:24:24','2018-10-08 09:24:24'),(52,'0','181008092440',3,4,NULL,NULL,0,'0.00','0.00','0.00','2018-10-08',NULL,'2018-10-08 09:24:40','2018-10-08 09:24:40'),(53,'0','181008092508',3,4,NULL,NULL,0,'0.00','0.00','0.00','2018-10-08',NULL,'2018-10-08 09:25:08','2018-10-08 09:25:08'),(54,'0','181008092529',3,4,NULL,NULL,0,'0.00','0.00','0.00','2018-10-08',NULL,'2018-10-08 09:25:29','2018-10-08 09:25:29'),(55,'0','181008092545',3,4,NULL,NULL,0,'0.00','0.00','0.00','2018-10-08',NULL,'2018-10-08 09:25:45','2018-10-08 09:25:45'),(56,'0','181008092650',3,4,NULL,NULL,0,'0.00','0.00','0.00','2018-10-08',NULL,'2018-10-08 09:26:50','2018-10-08 09:26:50'),(57,'0','181008092747',3,4,NULL,NULL,0,'0.00','0.00','0.00','2018-10-08',NULL,'2018-10-08 09:27:47','2018-10-08 09:27:47'),(58,'0','181008092911',3,4,NULL,NULL,0,'0.00','0.00','0.00','2018-10-08',NULL,'2018-10-08 09:29:11','2018-10-08 09:29:11'),(59,'0','181008092958',3,4,NULL,NULL,0,'0.00','0.00','0.00','2018-10-08',NULL,'2018-10-08 09:29:58','2018-10-08 09:29:58'),(60,'0','181008093028',3,4,NULL,NULL,0,'0.00','0.00','0.00','2018-10-08',NULL,'2018-10-08 09:30:28','2018-10-08 09:30:28'),(61,'0','181008093242',3,4,NULL,NULL,0,'0.00','0.00','0.00','2018-10-08',NULL,'2018-10-08 09:32:42','2018-10-08 09:32:42'),(62,'0','181008093322',3,4,NULL,NULL,0,'0.00','0.00','0.00','2018-10-08',NULL,'2018-10-08 09:33:22','2018-10-08 09:33:22'),(63,'0','181008093445',3,4,NULL,NULL,0,'0.00','0.00','0.00','2018-10-08',NULL,'2018-10-08 09:34:45','2018-10-08 09:34:45'),(64,'0','181008093529',3,4,NULL,NULL,0,'0.00','0.00','0.00','2018-10-08',NULL,'2018-10-08 09:35:29','2018-10-08 09:35:29'),(65,'0','181008094011',3,4,NULL,NULL,0,'0.00','0.00','0.00','2018-10-08',NULL,'2018-10-08 09:40:11','2018-10-08 09:40:11'),(66,'0','181008094236',3,4,NULL,NULL,0,'0.00','0.00','0.00','2018-10-08',NULL,'2018-10-08 09:42:36','2018-10-08 09:42:36'),(67,'0','181008094300',3,4,NULL,NULL,0,'0.00','0.00','0.00','2018-10-08',NULL,'2018-10-08 09:43:00','2018-10-08 09:43:00'),(68,'0','181008094322',3,4,NULL,NULL,0,'0.00','0.00','0.00','2018-10-08',NULL,'2018-10-08 09:43:22','2018-10-08 09:43:22'),(69,'0','181008094425',3,4,NULL,NULL,0,'0.00','0.00','0.00','2018-10-08',NULL,'2018-10-08 09:44:25','2018-10-08 09:44:25'),(70,'0','181008094521',3,4,NULL,NULL,0,'0.00','0.00','0.00','2018-10-08',NULL,'2018-10-08 09:45:21','2018-10-08 09:45:21');

/*Table structure for table `units` */

DROP TABLE IF EXISTS `units`;

CREATE TABLE `units` (
  `id` int(10) unsigned NOT NULL AUTO_INCREMENT,
  `code` varchar(255) COLLATE utf8mb4_unicode_ci NOT NULL,
  `name` varchar(255) COLLATE utf8mb4_unicode_ci NOT NULL,
  `created_at` timestamp NULL DEFAULT NULL,
  `updated_at` timestamp NULL DEFAULT NULL,
  PRIMARY KEY (`id`)
) ENGINE=InnoDB AUTO_INCREMENT=15 DEFAULT CHARSET=utf8mb4 COLLATE=utf8mb4_unicode_ci;

/*Data for the table `units` */

insert  into `units`(`id`,`code`,`name`,`created_at`,`updated_at`) values (1,'pc','Piece',NULL,NULL),(2,'123','Kilo','2018-09-27 10:25:10','2018-09-27 10:25:10'),(3,'box','boxes','2018-09-27 11:49:27','2018-09-27 11:49:27'),(4,'Kg.','Kilo','2018-09-27 11:49:52','2018-09-27 11:49:52'),(5,'Bag','Bags','2018-09-27 11:50:36','2018-09-27 11:50:36'),(6,'Cu','Cubic','2018-09-27 11:51:16','2018-09-27 11:51:16'),(7,'Mtr.','Meter','2018-09-27 11:51:40','2018-09-27 11:51:40'),(8,'Pack','Packet','2018-09-27 11:52:00','2018-09-27 11:52:00'),(9,'RL','Roll','2018-09-27 12:02:09','2018-09-27 12:02:09'),(10,'Btl.','bottle','2018-10-01 09:11:30','2018-10-01 09:11:30'),(11,'GL','Galoon','2018-10-01 09:28:31','2018-10-01 09:28:31'),(12,'LTR','Liter','2018-10-01 09:34:14','2018-10-01 09:34:14'),(13,'pair','Pair','2018-10-01 14:03:12','2018-10-01 14:03:12'),(14,'box','boxes','2018-10-03 16:16:16','2018-10-03 16:16:16');

/*Table structure for table `users` */

DROP TABLE IF EXISTS `users`;

CREATE TABLE `users` (
  `id` int(10) unsigned NOT NULL AUTO_INCREMENT,
  `email` varchar(191) COLLATE utf8mb4_unicode_ci NOT NULL,
  `password` varchar(191) COLLATE utf8mb4_unicode_ci NOT NULL,
  `permissions` text COLLATE utf8mb4_unicode_ci,
  `last_login` timestamp NULL DEFAULT NULL,
  `first_name` varchar(191) COLLATE utf8mb4_unicode_ci DEFAULT NULL,
  `last_name` varchar(191) COLLATE utf8mb4_unicode_ci DEFAULT NULL,
  `created_at` timestamp NULL DEFAULT NULL,
  `updated_at` timestamp NULL DEFAULT NULL,
  PRIMARY KEY (`id`),
  UNIQUE KEY `users_email_unique` (`email`)
) ENGINE=InnoDB DEFAULT CHARSET=utf8mb4 COLLATE=utf8mb4_unicode_ci;

/*Data for the table `users` */

/*!40101 SET SQL_MODE=@OLD_SQL_MODE */;
/*!40014 SET FOREIGN_KEY_CHECKS=@OLD_FOREIGN_KEY_CHECKS */;
/*!40014 SET UNIQUE_CHECKS=@OLD_UNIQUE_CHECKS */;
/*!40111 SET SQL_NOTES=@OLD_SQL_NOTES */;
